ID_UNIQUE,NATURE,ARRONDISSEMENT,ARRONDISSEMENT_GEO,DDS_DATE_CREATION,LOC_LONG,LOC_LAT
21-322785,Plainte,Montréal-Nord,Montréal-Nord,2021-12-02T14:25:41,-73.64701075789246,45.59024622996265
21-322823,Plainte,Lachine,Lachine,2021-12-02T14:52:27,-73.68191787412566,45.43981261917202
21-322833,Plainte,Le Plateau-Mont-Royal,Le Plateau-Mont-Royal,2021-12-02T14:58:02,-73.582048086,45.535310374
21-322847,Plainte,Le Plateau-Mont-Royal,Le Plateau-Mont-Royal,2021-12-02T15:05:05,-73.57018643680166,45.51407813111717
21-322873,Plainte,Côte-des-Neiges - Notre-Dame-de-Grâce,Côte-des-Neiges-Notre-Dame-de-Grâce,2021-12-02T15:25:58,-73.63316196334631,45.471154798957095
21-322903,Plainte,Ahuntsic - Cartierville,Ahuntsic-Cartierville,2021-12-02T15:44:59,-73.65502918627324,45.537893874954776
21-322907,Plainte,Pierrefonds - Roxboro,Pierrefonds-Roxboro,2021-12-02T15:47:05,-73.83200153713695,45.500688496173694
21-322923,Plainte,Rosemont - La Petite-Patrie,Rosemont-La Petite-Patrie,2021-12-02T15:58:24,-73.59599324403436,45.53641680967433
21-322939,Plainte,Ahuntsic - Cartierville,Ahuntsic-Cartierville,2021-12-02T16:10:58,-73.643730008,45.567284414
21-322948,Plainte,Rosemont - La Petite-Patrie,Rosemont-La Petite-Patrie,2021-12-02T16:20:44,-73.579084381,45.566072936
21-322967,Plainte,Mercier - Hochelaga-Maisonneuve,Mercier-Hochelaga-Maisonneuve,2021-12-02T16:43:59,-73.51535619731023,45.59478457849816
21-322971,Plainte,Montréal-Nord,Montréal-Nord,2021-12-02T16:52:19,-73.640139134,45.598599277
21-323019,Plainte,Rosemont - La Petite-Patrie,Rosemont-La Petite-Patrie,2021-12-02T18:51:31,-73.581921495,45.544243329
21-323124,Plainte,Anjou,Anjou,2021-12-03T09:00:11,-73.54810959686031,45.61225743646997
21-323204,Plainte,Saint-Laurent,Saint-Laurent,2021-12-03T09:44:02,-73.74536124189143,45.49749731930972
21-323205,Plainte,Verdun,Verdun,2021-12-03T09:45:11,-73.57668225468856,45.45188418640311
21-323207,Plainte,Anjou,Anjou,2021-12-03T09:46:56,-73.54356412282812,45.60461353075141
21-323245,Plainte,Saint-Laurent,Saint-Laurent,2021-12-03T10:10:56,-73.6780681905765,45.50507064833927
21-323285,Plainte,Pierrefonds - Roxboro,Pierrefonds-Roxboro,2021-12-03T10:36:19,-73.85794069634487,45.48746351373647
21-323316,Plainte,Ahuntsic - Cartierville,Ahuntsic-Cartierville,2021-12-03T10:54:53,-73.64973413836728,45.55286586821553
21-32334,Plainte,Lachine,Lachine,2021-02-15T09:28:31,-73.67261711578321,45.43594305906682
21-323347,Plainte,Mercier - Hochelaga-Maisonneuve,Mercier-Hochelaga-Maisonneuve,2021-12-03T11:15:02,-73.519061234,45.591590861
21-323397,Plainte,Mercier - Hochelaga-Maisonneuve,Mercier-Hochelaga-Maisonneuve,2021-12-03T11:49:11,-73.51874274001709,45.61002321216828
21-323406,Plainte,Pierrefonds - Roxboro,Pierrefonds-Roxboro,2021-12-03T11:52:00,-73.864405568,45.470635968
21-323409,Plainte,Saint-Laurent,Saint-Laurent,2021-12-03T11:54:31,-73.68722582499241,45.50456395861679
21-323437,Plainte,Ville-Marie,Ville-Marie,2021-12-03T12:12:59,-73.56426151813196,45.5154553072352
21-323430,Plainte,Le Plateau-Mont-Royal,Le Plateau-Mont-Royal,2021-12-03T12:08:44,-73.58500125653136,45.53212300425292
21-32348,Plainte,LaSalle,LaSalle,2021-02-15T09:34:17,-73.61413517530525,45.43348399508705
21-323555,Plainte,Mercier - Hochelaga-Maisonneuve,Mercier-Hochelaga-Maisonneuve,2021-12-03T14:05:07,-73.5206910574228,45.59131570195797
21-323560,Plainte,Ville-Marie,Ville-Marie,2021-12-03T14:09:55,-73.5626424468126,45.53198700225558
21-323576,Plainte,Mercier - Hochelaga-Maisonneuve,Mercier-Hochelaga-Maisonneuve,2021-12-03T14:23:05,-73.557606078352,45.54112879081792
21-323586,Plainte,Villeray-Saint-Michel - Parc-Extension,Villeray-Saint-Michel-Parc-Extension,2021-12-03T14:34:12,-73.62409493461267,45.52801586171128
21-323594,Plainte,Le Plateau-Mont-Royal,Le Plateau-Mont-Royal,2021-12-03T14:42:27,-73.60410028021805,45.525246936563065
21-323606,Plainte,Ville-Marie,Ville-Marie,2021-12-03T14:59:24,-73.55423667350055,45.51018610802454
21-323609,Plainte,Villeray-Saint-Michel - Parc-Extension,Villeray-Saint-Michel-Parc-Extension,2021-12-03T15:01:25,-73.62681713630919,45.53019571673304
21-323612,Plainte,Verdun,Verdun,2021-12-03T15:02:36,-73.57404406009093,45.46308999896072
21-323640,Plainte,Mercier - Hochelaga-Maisonneuve,Mercier-Hochelaga-Maisonneuve,2021-12-03T15:28:48,-73.56801871994647,45.58135038210168
21-323677,Plainte,Ahuntsic - Cartierville,Ahuntsic-Cartierville,2021-12-03T15:58:37,-73.6602916388245,45.55014366114815
21-323706,Plainte,Côte-des-Neiges - Notre-Dame-de-Grâce,Côte-des-Neiges-Notre-Dame-de-Grâce,2021-12-03T16:35:37,-73.65186963948754,45.4989051112475
21-323825,Plainte,Côte-des-Neiges - Notre-Dame-de-Grâce,Côte-des-Neiges-Notre-Dame-de-Grâce,2021-12-04T09:41:56,-73.64971198130203,45.50202102150335
21-323874,Plainte,Mercier - Hochelaga-Maisonneuve,Mercier-Hochelaga-Maisonneuve,2021-12-04T11:05:26,-73.5127167936485,45.60791686617552
21-324124,Plainte,Côte-des-Neiges - Notre-Dame-de-Grâce,Côte-des-Neiges-Notre-Dame-de-Grâce,2021-12-05T11:41:16,-73.64655809088697,45.49408028869863
21-32418,Plainte,Saint-Léonard,Saint-Léonard,2021-02-15T10:18:42,-73.59826885009808,45.58163798278413
21-324359,Plainte,Rivière-des-Prairies - Pointe-aux-Trembles,Rivière-des-Prairies-Pointe-aux-Trembles,2021-12-06T08:37:22,-73.49341784805338,45.64752788779619
21-324375,Plainte,Mercier - Hochelaga-Maisonneuve,Mercier-Hochelaga-Maisonneuve,2021-12-06T08:42:09,-73.54151285473911,45.585683232018006
21-324404,Plainte,LaSalle,LaSalle,2021-12-06T08:52:46,-73.6259809761708,45.44037622526552
21-32441,Plainte,Ville-Marie,Ville-Marie,2021-02-15T10:32:41,-73.55882857370764,45.51669669617837
21-324418,Plainte,Pierrefonds - Roxboro,Pierrefonds-Roxboro,2021-12-06T08:58:57,-73.84351621231143,45.51374945802071
21-324429,Plainte,Villeray-Saint-Michel - Parc-Extension,Villeray-Saint-Michel-Parc-Extension,2021-12-06T09:04:23,-73.63523463058198,45.574020079529696
21-324438,Plainte,Mercier - Hochelaga-Maisonneuve,Mercier-Hochelaga-Maisonneuve,2021-12-06T09:07:26,-73.51663754313267,45.59493477628966
21-324506,Plainte,Saint-Laurent,Saint-Laurent,2021-12-06T09:28:20,-73.71603883590862,45.52388808738928
21-324550,Plainte,Rivière-des-Prairies - Pointe-aux-Trembles,Rivière-des-Prairies-Pointe-aux-Trembles,2021-12-06T09:45:45,-73.50061051747795,45.676527744559
21-324552,Plainte,L'Île-Bizard - Sainte-Geneviève,L'Île-Bizard-Sainte-Geneviève,2021-12-06T09:46:46,-73.87830946487753,45.49857147480291
21-324557,Plainte,Rosemont - La Petite-Patrie,Rosemont-La Petite-Patrie,2021-12-06T09:47:37,-73.56065803065269,45.56918218460594
21-324564,Plainte,Mercier - Hochelaga-Maisonneuve,Mercier-Hochelaga-Maisonneuve,2021-12-06T09:50:41,-73.55826164399419,45.585146362121904
21-324574,Plainte,Montréal-Nord,Montréal-Nord,2021-12-06T09:52:19,-73.64526854435101,45.5840486038945
21-324798,Plainte,Lachine,Lachine,2021-12-06T11:14:27,-73.675067544,45.434943075
21-324896,Plainte,Rivière-des-Prairies - Pointe-aux-Trembles,Rivière-des-Prairies-Pointe-aux-Trembles,2021-12-06T11:43:20,-73.4932747370824,45.64049999270836
21-324954,Plainte,Ahuntsic - Cartierville,Ahuntsic-Cartierville,2021-12-06T12:03:36,-73.64759717056705,45.537963479981386
21-324972,Plainte,Saint-Laurent,Saint-Laurent,2021-12-06T12:12:21,-73.69102987088436,45.50878381445705
21-325059,Plainte,Côte-des-Neiges - Notre-Dame-de-Grâce,Côte-des-Neiges-Notre-Dame-de-Grâce,2021-12-06T12:46:08,-73.637949838,45.475078284
21-325071,Plainte,Ville-Marie,Ville-Marie,2021-12-06T12:52:33,-73.55781231089149,45.5365891127471
21-325121,Plainte,Rosemont - La Petite-Patrie,Rosemont-La Petite-Patrie,2021-12-06T13:12:12,-73.5704620433444,45.549789224331725
21-32513,Plainte,Ville-Marie,Ville-Marie,2021-02-15T11:15:30,-73.56541675298843,45.51841024007275
21-325157,Plainte,L'Île-Bizard - Sainte-Geneviève,L'Île-Bizard-Sainte-Geneviève,2021-12-06T13:21:37,-73.8694051870402,45.50708634303352
21-325182,Plainte,Le Plateau-Mont-Royal,Le Plateau-Mont-Royal,2021-12-06T13:30:28,-73.56888670312763,45.52241913106428
21-325226,Plainte,Villeray-Saint-Michel - Parc-Extension,Villeray-Saint-Michel-Parc-Extension,2021-12-06T13:45:26,-73.60836987343345,45.57557368294285
21-325297,Plainte,Mercier - Hochelaga-Maisonneuve,Mercier-Hochelaga-Maisonneuve,2021-12-06T14:11:57,-73.55840069669485,45.59305624271582
21-325315,Plainte,Mercier - Hochelaga-Maisonneuve,Mercier-Hochelaga-Maisonneuve,2021-12-06T14:20:45,-73.50977586846115,45.6080399878032
21-325361,Plainte,Rivière-des-Prairies - Pointe-aux-Trembles,Rivière-des-Prairies-Pointe-aux-Trembles,2021-12-06T14:35:45,-73.56257439768488,45.65804123042224
21-325416,Plainte,Villeray-Saint-Michel - Parc-Extension,Villeray-Saint-Michel-Parc-Extension,2021-12-06T14:54:35,-73.60568359668943,45.5743906561562
21-325528,Plainte,Ville-Marie,Ville-Marie,2021-12-06T15:39:31,-73.559416488,45.525874101
21-325463,Plainte,Villeray-Saint-Michel - Parc-Extension,Villeray-Saint-Michel-Parc-Extension,2021-12-06T15:17:31,-73.614437693,45.549519232
21-325465,Plainte,Rivière-des-Prairies - Pointe-aux-Trembles,Rivière-des-Prairies-Pointe-aux-Trembles,2021-12-06T15:17:53,-73.50061051747795,45.676527744559
21-325467,Plainte,Montréal-Nord,Montréal-Nord,2021-12-06T15:18:34,-73.62604455814065,45.60470382038533
21-325570,Plainte,Rivière-des-Prairies - Pointe-aux-Trembles,Rivière-des-Prairies-Pointe-aux-Trembles,2021-12-06T15:56:11,-73.49231607703814,45.67829012776036
21-325738,Plainte,L'Île-Bizard - Sainte-Geneviève,L'Île-Bizard-Sainte-Geneviève,2021-12-06T17:39:23,-73.8823190895707,45.49490328088332
21-325665,Plainte,Rivière-des-Prairies - Pointe-aux-Trembles,Rivière-des-Prairies-Pointe-aux-Trembles,2021-12-06T16:43:06,-73.59974289228197,45.62143398414007
21-325739,Plainte,Ahuntsic - Cartierville,Ahuntsic-Cartierville,2021-12-06T17:39:33,-73.65367016599251,45.561303508164734
21-326019,Plainte,Ville-Marie,Ville-Marie,2021-12-07T08:38:12,-73.5556582,45.506196175
21-326042,Plainte,LaSalle,LaSalle,2021-12-07T08:46:00,-73.60696282615274,45.44872796818933
21-326359,Plainte,Le Sud-Ouest,Le Sud-Ouest,2021-12-07T10:31:40,-73.59250931726518,45.46887900583088
21-326051,Plainte,Ahuntsic - Cartierville,Ahuntsic-Cartierville,2021-12-07T08:47:18,-73.68156590186517,45.54824970852152
21-326143,Plainte,Ahuntsic - Cartierville,Ahuntsic-Cartierville,2021-12-07T09:19:13,-73.65717348819551,45.55202188511674
21-326187,Plainte,Mercier - Hochelaga-Maisonneuve,Mercier-Hochelaga-Maisonneuve,2021-12-07T09:30:48,-73.537865092451,45.61184846189095
21-326316,Plainte,Montréal-Nord,Montréal-Nord,2021-12-07T10:18:03,-73.61988036533411,45.597390542995655
21-326057,Plainte,Ahuntsic - Cartierville,Ahuntsic-Cartierville,2021-12-07T08:48:14,-73.65594859647565,45.56354120843463
21-326127,Plainte,Ahuntsic - Cartierville,Ahuntsic-Cartierville,2021-12-07T09:16:09,-73.658850457,45.552508631
21-32620,Plainte,Villeray-Saint-Michel - Parc-Extension,Villeray-Saint-Michel-Parc-Extension,2021-02-15T12:52:39,-73.62542273078382,45.572395819038256
21-326457,Plainte,Saint-Léonard,Saint-Léonard,2021-12-07T11:06:58,-73.61313514991325,45.58390351669327
21-32658,Plainte,Lachine,Lachine,2021-02-15T13:27:14,-73.70584289659165,45.43715628320871
21-326542,Plainte,Rivière-des-Prairies - Pointe-aux-Trembles,Rivière-des-Prairies-Pointe-aux-Trembles,2021-12-07T11:47:21,-73.57785927579789,45.63631876746529
21-326695,Plainte,Côte-des-Neiges - Notre-Dame-de-Grâce,Côte-des-Neiges-Notre-Dame-de-Grâce,2021-12-07T13:14:25,-73.626531089,45.505054771
21-326593,Plainte,Anjou,Anjou,2021-12-07T12:17:53,-73.5485863854266,45.61453643644458
21-326682,Plainte,Saint-Léonard,Saint-Léonard,2021-12-07T13:08:11,-73.58846051270224,45.576309065928754
21-326911,Plainte,Saint-Léonard,Saint-Léonard,2021-12-07T14:59:09,-73.60110920309735,45.59758211665645
21-326729,Plainte,Le Plateau-Mont-Royal,Le Plateau-Mont-Royal,2021-12-07T13:31:27,-73.59307407642127,45.52279114257143
21-326852,Plainte,Ville-Marie,Ville-Marie,2021-12-07T14:31:35,-73.54595958952765,45.52779893537232
21-326891,Plainte,Ville-Marie,Ville-Marie,2021-12-07T14:48:51,-73.554105273,45.531433642
21-326743,Plainte,Saint-Léonard,Saint-Léonard,2021-12-07T13:37:37,-73.58006249651038,45.582508712663184
21-327050,Plainte,Mercier - Hochelaga-Maisonneuve,Mercier-Hochelaga-Maisonneuve,2021-12-07T16:06:39,-73.51645364204491,45.60250096029555
21-32692,Plainte,Le Plateau-Mont-Royal,Le Plateau-Mont-Royal,2021-02-15T13:47:09,-73.5864173555376,45.52720392552638
21-326947,Plainte,Rivière-des-Prairies - Pointe-aux-Trembles,Rivière-des-Prairies-Pointe-aux-Trembles,2021-12-07T15:15:32,-73.50726161250964,45.66322336506863
21-327009,Plainte,Mercier - Hochelaga-Maisonneuve,Mercier-Hochelaga-Maisonneuve,2021-12-07T15:49:32,-73.5249283375881,45.61163674820296
21-326946,Plainte,Ahuntsic - Cartierville,Ahuntsic-Cartierville,2021-12-07T15:14:30,-73.70378457400265,45.54169599667973
21-32700,Plainte,Pierrefonds - Roxboro,Pierrefonds-Roxboro,2021-02-15T13:52:05,-73.77204402758989,45.50529915366474
21-32712,Plainte,Rivière-des-Prairies - Pointe-aux-Trembles,Rivière-des-Prairies-Pointe-aux-Trembles,2021-02-15T14:00:07,-73.53338950734296,45.67042847742648
21-327109,Plainte,Verdun,Verdun,2021-12-07T16:44:22,-73.572675167774,45.46629667565354
21-327065,Plainte,Rosemont - La Petite-Patrie,Rosemont-La Petite-Patrie,2021-12-07T16:17:43,-73.56636266521235,45.55713093872805
21-327112,Plainte,Rivière-des-Prairies - Pointe-aux-Trembles,Rivière-des-Prairies-Pointe-aux-Trembles,2021-12-07T16:48:49,-73.49584432982482,45.6649651143243
21-327133,Plainte,Mercier - Hochelaga-Maisonneuve,Mercier-Hochelaga-Maisonneuve,2021-12-07T17:04:27,-73.540852745,45.574199533
21-327154,Plainte,Outremont,Outremont,2021-12-07T17:21:33,-73.61598927287278,45.51704803784023
21-327169,Plainte,Le Plateau-Mont-Royal,Le Plateau-Mont-Royal,2021-12-07T17:38:28,-73.58991203549047,45.52881572065747
21-327145,Plainte,Saint-Laurent,Saint-Laurent,2021-12-07T17:11:56,-73.67969623487289,45.50700498944115
21-327146,Plainte,Saint-Laurent,Saint-Laurent,2021-12-07T17:14:10,-73.70387308707551,45.51228544128577
21-327148,Plainte,Pierrefonds - Roxboro,Pierrefonds-Roxboro,2021-12-07T17:17:04,-73.89309160440416,45.46323395871033
21-327121,Plainte,Ville-Marie,Ville-Marie,2021-12-07T16:55:19,-73.558934793,45.531741454
21-327181,Plainte,Ville-Marie,Ville-Marie,2021-12-07T17:52:10,-73.55594066799495,45.52832281884486
21-327255,Plainte,Ahuntsic - Cartierville,Ahuntsic-Cartierville,2021-12-07T19:07:51,-73.66091435222445,45.55817140797512
21-327188,Plainte,Ville-Marie,Ville-Marie,2021-12-07T17:59:10,-73.55882857370764,45.51669669617837
21-327232,Plainte,Villeray-Saint-Michel - Parc-Extension,Villeray-Saint-Michel-Parc-Extension,2021-12-07T18:39:40,-73.62461794018449,45.538026626600015
21-327234,Plainte,Mercier - Hochelaga-Maisonneuve,Mercier-Hochelaga-Maisonneuve,2021-12-07T18:41:26,-73.53444970868212,45.5694364581714
21-327601,Plainte,LaSalle,LaSalle,2021-12-08T09:33:52,-73.60696282615274,45.44872796818933
21-32745,Plainte,Saint-Léonard,Saint-Léonard,2021-02-15T14:30:49,-73.59941779327815,45.60059856612472
21-327479,Plainte,Mercier - Hochelaga-Maisonneuve,Mercier-Hochelaga-Maisonneuve,2021-12-08T08:45:07,-73.51380379966254,45.57883326865933
21-327273,Plainte,Le Plateau-Mont-Royal,Le Plateau-Mont-Royal,2021-12-07T19:25:51,-73.58383527831857,45.538881797006944
21-327296,Plainte,Ville-Marie,Ville-Marie,2021-12-07T19:51:03,-73.55640755499951,45.51651113499072
21-327314,Plainte,Pierrefonds - Roxboro,Pierrefonds-Roxboro,2021-12-07T20:28:54,-73.79095757882868,45.50614271354736
21-327473,Plainte,Ahuntsic - Cartierville,Ahuntsic-Cartierville,2021-12-08T08:43:02,-73.72222807533048,45.5307494213881
21-327495,Plainte,Saint-Léonard,Saint-Léonard,2021-12-08T08:50:37,-73.57543835863933,45.58251997210023
21-327520,Plainte,Le Plateau-Mont-Royal,Le Plateau-Mont-Royal,2021-12-08T08:58:45,-73.582918262,45.523957199
21-327571,Plainte,Anjou,Anjou,2021-12-08T09:19:10,-73.55022586817097,45.59886117957597
21-327615,Plainte,Le Sud-Ouest,Le Sud-Ouest,2021-12-08T09:39:31,-73.57345189359495,45.48441361972098
21-327702,Plainte,Villeray-Saint-Michel - Parc-Extension,Villeray-Saint-Michel-Parc-Extension,2021-12-08T10:10:59,-73.62266979455283,45.54481573005593
21-327660,Plainte,Le Plateau-Mont-Royal,Ville-Marie,2021-12-08T09:55:43,-73.578260068,45.510728569
21-327688,Plainte,Rosemont - La Petite-Patrie,Rosemont-La Petite-Patrie,2021-12-08T10:06:38,-73.573578964,45.547031337
21-327646,Plainte,Rosemont - La Petite-Patrie,Rosemont-La Petite-Patrie,2021-12-08T09:49:46,-73.59966641023034,45.53499907486489
21-327648,Plainte,Saint-Léonard,Saint-Léonard,2021-12-08T09:50:52,-73.61189795217328,45.59179054350287
21-327714,Plainte,Ahuntsic - Cartierville,Ahuntsic-Cartierville,2021-12-08T10:14:21,-73.64078375970578,45.54725544421773
21-327808,Plainte,Villeray-Saint-Michel - Parc-Extension,Villeray-Saint-Michel-Parc-Extension,2021-12-08T10:55:06,-73.61896408836004,45.548866117996006
21-327878,Plainte,Le Plateau-Mont-Royal,Le Plateau-Mont-Royal,2021-12-08T11:18:08,-73.5800883,45.538738238
21-327822,Plainte,Rosemont - La Petite-Patrie,Rosemont-La Petite-Patrie,2021-12-08T10:59:33,-73.5947070384305,45.53317362179692
21-328092,Plainte,Rivière-des-Prairies - Pointe-aux-Trembles,Rivière-des-Prairies-Pointe-aux-Trembles,2021-12-08T13:14:07,-73.60823179786634,45.633236337331866
21-327974,Plainte,Mercier - Hochelaga-Maisonneuve,Mercier-Hochelaga-Maisonneuve,2021-12-08T11:58:58,-73.52268696559125,45.57107921797108
21-328093,Plainte,Rosemont - La Petite-Patrie,Rosemont-La Petite-Patrie,2021-12-08T13:14:23,-73.59588874960578,45.54954794571314
21-328095,Plainte,Ahuntsic - Cartierville,Ahuntsic-Cartierville,2021-12-08T13:14:46,-73.69653798601964,45.53683494336519
21-327898,Plainte,Côte-des-Neiges - Notre-Dame-de-Grâce,Côte-des-Neiges-Notre-Dame-de-Grâce,2021-12-08T11:27:38,-73.62980661452998,45.51362344483778
21-328183,Plainte,Mercier - Hochelaga-Maisonneuve,Mercier-Hochelaga-Maisonneuve,2021-12-08T13:58:26,-73.54645118505448,45.57606175417335
21-328415,Plainte,Côte-des-Neiges - Notre-Dame-de-Grâce,Côte-des-Neiges-Notre-Dame-de-Grâce,2021-12-08T16:15:27,-73.63090143820527,45.484212202818775
21-328329,Plainte,Mercier - Hochelaga-Maisonneuve,Mercier-Hochelaga-Maisonneuve,2021-12-08T15:26:15,-73.538226054,45.554937251
21-328241,Plainte,Anjou,Anjou,2021-12-08T14:31:52,-73.53631509336641,45.60302671000413
21-328341,Plainte,Outremont,Outremont,2021-12-08T15:30:43,-73.608289665,45.523438974
21-328359,Plainte,Le Plateau-Mont-Royal,Le Plateau-Mont-Royal,2021-12-08T15:39:11,-73.574150105,45.50882208
21-328418,Plainte,Mercier - Hochelaga-Maisonneuve,Mercier-Hochelaga-Maisonneuve,2021-12-08T16:17:03,-73.53721566012243,45.55460402193843
21-328754,Plainte,Rosemont - La Petite-Patrie,Rosemont-La Petite-Patrie,2021-12-09T08:49:09,-73.61543197175226,45.53383251274362
21-328442,Plainte,LaSalle,LaSalle,2021-12-08T16:32:38,-73.60696282615274,45.44872796818933
21-328470,Plainte,Mercier - Hochelaga-Maisonneuve,Mercier-Hochelaga-Maisonneuve,2021-12-08T17:01:04,-73.5459226414683,45.58009657737782
21-328503,Plainte,Montréal-Nord,Montréal-Nord,2021-12-08T17:37:46,-73.63736246301657,45.59375802460729
21-328504,Plainte,Outremont,Outremont,2021-12-08T17:40:43,-73.60118940271047,45.51983122132616
21-328543,Plainte,Montréal-Nord,Montréal-Nord,2021-12-08T18:21:24,-73.64736542965073,45.59220654595183
21-328545,Plainte,Villeray-Saint-Michel - Parc-Extension,Villeray-Saint-Michel-Parc-Extension,2021-12-08T18:22:39,-73.63963855707529,45.56812575793296
21-328599,Plainte,Saint-Léonard,Saint-Léonard,2021-12-08T19:42:06,-73.61132018835251,45.58808590148089
21-328453,Plainte,Ville-Marie,Ville-Marie,2021-12-08T16:41:56,-73.557115672585,45.51972000445798
21-328454,Plainte,Le Plateau-Mont-Royal,Le Plateau-Mont-Royal,2021-12-08T16:42:35,-73.591363674,45.52523894
21-328637,Plainte,Côte-des-Neiges - Notre-Dame-de-Grâce,Côte-des-Neiges-Notre-Dame-de-Grâce,2021-12-08T21:55:55,-73.62431858,45.49724242
21-328801,Plainte,Ville-Marie,Ville-Marie,2021-12-09T09:07:26,-73.57370952893115,45.50190870545944
21-328829,Plainte,Saint-Laurent,Saint-Laurent,2021-12-09T09:19:38,-73.6848047363732,45.52533792296677
21-328804,Plainte,Ville-Marie,Ville-Marie,2021-12-09T09:08:19,-73.57370952893115,45.50190870545944
21-328805,Plainte,Ville-Marie,Ville-Marie,2021-12-09T09:09:10,-73.57370952893115,45.50190870545944
21-328820,Plainte,Verdun,Verdun,2021-12-09T09:15:09,-73.58281793826522,45.43766999463482
21-328849,Plainte,Ahuntsic - Cartierville,Ahuntsic-Cartierville,2021-12-09T09:26:22,-73.65137231005846,45.53765572744532
21-328866,Plainte,Mercier - Hochelaga-Maisonneuve,Mercier-Hochelaga-Maisonneuve,2021-12-09T09:34:02,-73.54976147562945,45.543708274257526
21-328919,Plainte,Mercier - Hochelaga-Maisonneuve,Mercier-Hochelaga-Maisonneuve,2021-12-09T10:02:39,-73.52588972181815,45.59950314594104
21-328958,Plainte,Rivière-des-Prairies - Pointe-aux-Trembles,Rivière-des-Prairies-Pointe-aux-Trembles,2021-12-09T10:18:31,-73.60227370050598,45.63841913034704
21-328927,Plainte,Rivière-des-Prairies - Pointe-aux-Trembles,Rivière-des-Prairies-Pointe-aux-Trembles,2021-12-09T10:05:36,-73.580318425,45.634945151
21-329066,Plainte,Outremont,Outremont,2021-12-09T11:11:40,-73.60118940271047,45.51983122132616
21-328968,Plainte,Rosemont - La Petite-Patrie,Rosemont-La Petite-Patrie,2021-12-09T10:20:40,-73.608948253,45.543122643
21-329118,Plainte,Le Sud-Ouest,Le Sud-Ouest,2021-12-09T11:42:04,-73.58497663370835,45.48060941995201
21-329154,Plainte,Saint-Laurent,Saint-Laurent,2021-12-09T12:07:26,-73.6781384872962,45.50950954262346
21-32914,Plainte,Mercier - Hochelaga-Maisonneuve,Mercier-Hochelaga-Maisonneuve,2021-02-15T17:31:12,-73.52698255434962,45.570299623352994
21-329150,Plainte,Le Plateau-Mont-Royal,Le Plateau-Mont-Royal,2021-12-09T12:06:05,-73.57167942220497,45.51736453638292
21-329179,Plainte,Ahuntsic - Cartierville,Ahuntsic-Cartierville,2021-12-09T12:18:46,-73.677703974,45.549093553
21-329170,Plainte,Mercier - Hochelaga-Maisonneuve,Mercier-Hochelaga-Maisonneuve,2021-12-09T12:15:02,-73.545284439,45.563625305
21-329172,Plainte,Mercier - Hochelaga-Maisonneuve,Mercier-Hochelaga-Maisonneuve,2021-12-09T12:16:09,-73.52307772790964,45.57048424366375
21-329204,Plainte,Mercier - Hochelaga-Maisonneuve,Mercier-Hochelaga-Maisonneuve,2021-12-09T12:36:35,-73.53560810619018,45.5735358717031
21-329406,Plainte,Rosemont - La Petite-Patrie,Rosemont-La Petite-Patrie,2021-12-09T14:55:50,-73.56891253919797,45.5780280639323
21-329378,Plainte,Rosemont - La Petite-Patrie,Rosemont-La Petite-Patrie,2021-12-09T14:35:18,-73.57798220520706,45.5422848867241
21-3294,Plainte,Ville-Marie,Ville-Marie,2021-01-06T10:54:21,-73.55827902174705,45.50218305835064
21-329390,Plainte,Côte-des-Neiges - Notre-Dame-de-Grâce,Côte-des-Neiges-Notre-Dame-de-Grâce,2021-12-09T14:41:50,-73.6209440074788,45.49574338117296
21-329454,Plainte,Verdun,Verdun,2021-12-09T15:35:38,-73.55082589835853,45.46393884989343
21-329416,Plainte,Rivière-des-Prairies - Pointe-aux-Trembles,Rivière-des-Prairies-Pointe-aux-Trembles,2021-12-09T15:05:22,-73.54075638320617,45.6695346054625
21-329639,Plainte,Mercier - Hochelaga-Maisonneuve,Mercier-Hochelaga-Maisonneuve,2021-12-09T19:30:43,-73.5436692825154,45.59075215355484
21-329493,Plainte,Verdun,Verdun,2021-12-09T16:09:30,-73.562027225,45.470379921
21-329528,Plainte,Côte-des-Neiges - Notre-Dame-de-Grâce,Côte-des-Neiges-Notre-Dame-de-Grâce,2021-12-09T16:34:36,-73.6246272803583,45.47359687127868
21-329594,Plainte,Rosemont - La Petite-Patrie,Rosemont-La Petite-Patrie,2021-12-09T18:22:30,-73.60631327762418,45.53016708050517
21-329874,Plainte,Côte-des-Neiges - Notre-Dame-de-Grâce,Côte-des-Neiges-Notre-Dame-de-Grâce,2021-12-10T09:52:14,-73.63737486191022,45.485996627137766
21-329751,Plainte,Rivière-des-Prairies - Pointe-aux-Trembles,Rivière-des-Prairies-Pointe-aux-Trembles,2021-12-10T08:45:31,-73.60602095761881,45.62623773058485
21-329862,Plainte,Pierrefonds - Roxboro,Pierrefonds-Roxboro,2021-12-10T09:46:35,-73.80701564071083,45.50742608950732
21-330137,Plainte,Verdun,Verdun,2021-12-10T12:36:39,-73.5504088066629,45.4602941386952
21-330117,Plainte,Mercier - Hochelaga-Maisonneuve,Mercier-Hochelaga-Maisonneuve,2021-12-10T12:22:29,-73.5362932253882,45.57152383298145
21-329938,Plainte,Ahuntsic - Cartierville,Ahuntsic-Cartierville,2021-12-10T10:31:54,-73.64933708188624,45.5625472474018
21-329957,Plainte,Rivière-des-Prairies - Pointe-aux-Trembles,Rivière-des-Prairies-Pointe-aux-Trembles,2021-12-10T10:45:16,-73.57350700865744,45.65377264316325
21-329963,Plainte,Ahuntsic - Cartierville,Ahuntsic-Cartierville,2021-12-10T10:48:50,-73.67279362864261,45.53374561148253
21-330081,Plainte,Le Sud-Ouest,Le Sud-Ouest,2021-12-10T11:56:51,-73.5642102603277,45.4786352254575
21-330138,Plainte,Mercier - Hochelaga-Maisonneuve,Mercier-Hochelaga-Maisonneuve,2021-12-10T12:37:29,-73.512329354,45.590278485
21-330299,Plainte,Côte-des-Neiges - Notre-Dame-de-Grâce,Côte-des-Neiges-Notre-Dame-de-Grâce,2021-12-10T14:27:34,-73.630848164,45.483868379
21-330197,Plainte,Mercier - Hochelaga-Maisonneuve,Mercier-Hochelaga-Maisonneuve,2021-12-10T13:15:55,-73.53720199780702,45.57298571623858
21-33022,Plainte,Côte-des-Neiges - Notre-Dame-de-Grâce,Côte-des-Neiges-Notre-Dame-de-Grâce,2021-02-16T08:37:39,-73.63594486596647,45.4978392082045
21-33025,Plainte,L'Île-Bizard - Sainte-Geneviève,L'Île-Bizard-Sainte-Geneviève,2021-02-16T08:38:31,-73.87697865667906,45.49948435867698
21-330302,Plainte,Côte-des-Neiges - Notre-Dame-de-Grâce,Côte-des-Neiges-Notre-Dame-de-Grâce,2021-12-10T14:29:49,-73.620678347,45.501249791
21-330301,Plainte,Rosemont - La Petite-Patrie,Rosemont-La Petite-Patrie,2021-12-10T14:29:12,-73.5814967208909,45.54445174204635
21-33059,Plainte,Montréal-Nord,Montréal-Nord,2021-02-16T08:59:44,-73.63736246301657,45.59375802460729
21-330490,Plainte,Ahuntsic - Cartierville,Ahuntsic-Cartierville,2021-12-10T19:23:17,-73.69901598357292,45.52833654994132
21-330492,Plainte,Mercier - Hochelaga-Maisonneuve,Mercier-Hochelaga-Maisonneuve,2021-12-10T19:38:22,-73.557875596,45.542439157
21-330587,Plainte,Côte-des-Neiges - Notre-Dame-de-Grâce,Côte-des-Neiges-Notre-Dame-de-Grâce,2021-12-11T10:02:51,-73.61249225405615,45.47709270795364
21-330325,Plainte,Lachine,Lachine,2021-12-10T14:43:23,-73.70298102496871,45.44672188399111
21-330432,Plainte,Mercier - Hochelaga-Maisonneuve,Mercier-Hochelaga-Maisonneuve,2021-12-10T16:32:07,-73.52038427006651,45.608961505870624
21-330472,Plainte,Rivière-des-Prairies - Pointe-aux-Trembles,Rivière-des-Prairies-Pointe-aux-Trembles,2021-12-10T18:12:40,-73.50967165219066,45.64089876892555
21-330498,Plainte,Ahuntsic - Cartierville,Ahuntsic-Cartierville,2021-12-10T20:03:01,-73.66678639537321,45.558668277879455
21-330544,Plainte,Rosemont - La Petite-Patrie,Rosemont-La Petite-Patrie,2021-12-11T09:14:23,-73.6178972121717,45.53285307384656
21-33193,Plainte,Saint-Léonard,Saint-Léonard,2021-02-16T10:26:51,-73.60110920309735,45.59758211665645
21-330794,Plainte,Pierrefonds - Roxboro,Pierrefonds-Roxboro,2021-12-11T14:46:26,-73.83504326635656,45.50249334597405
21-330849,Plainte,Lachine,Lachine,2021-12-11T16:58:03,-73.662878858,45.442019707
21-33141,Plainte,Ville-Marie,Ville-Marie,2021-02-16T09:55:15,-73.55860648464169,45.53797398150719
21-331716,Plainte,Ahuntsic - Cartierville,Ahuntsic-Cartierville,2021-12-12T16:37:48,-73.69347383930312,45.53256454019202
21-33088,Plainte,Côte-des-Neiges - Notre-Dame-de-Grâce,Côte-des-Neiges-Notre-Dame-de-Grâce,2021-02-16T09:19:07,-73.62858396352148,45.49740139233322
21-33163,Plainte,Pierrefonds - Roxboro,Pierrefonds-Roxboro,2021-02-16T10:09:17,-73.87440066575633,45.4682627825045
21-33166,Plainte,Saint-Léonard,Saint-Léonard,2021-02-16T10:13:44,-73.62047282591006,45.584772803307054
21-33203,Plainte,Saint-Léonard,Saint-Léonard,2021-02-16T10:29:53,-73.61988755034251,45.58646922789072
21-332,Plainte,Villeray-Saint-Michel - Parc-Extension,Villeray-Saint-Michel-Parc-Extension,2021-01-02T12:25:46,-73.6252240674231,45.5677153095713
21-33237,Plainte,Verdun,Verdun,2021-02-16T10:49:49,-73.56320564316242,45.46219260239825
21-332012,Plainte,Rosemont - La Petite-Patrie,Rosemont-La Petite-Patrie,2021-12-13T09:14:28,-73.58094082928068,45.54890791183279
21-332089,Plainte,Mercier - Hochelaga-Maisonneuve,Mercier-Hochelaga-Maisonneuve,2021-12-13T09:43:52,-73.51455663382791,45.59454719758614
21-332091,Plainte,Villeray-Saint-Michel - Parc-Extension,Villeray-Saint-Michel-Parc-Extension,2021-12-13T09:44:02,-73.60677657428901,45.55999971900168
21-332141,Plainte,Villeray-Saint-Michel - Parc-Extension,Villeray-Saint-Michel-Parc-Extension,2021-12-13T10:02:11,-73.6249290313907,45.58441283427511
21-332190,Plainte,Le Sud-Ouest,Le Sud-Ouest,2021-12-13T10:14:38,-73.58540251083264,45.471817561364254
21-332483,Plainte,Anjou,Anjou,2021-12-13T12:09:40,-73.57453232192036,45.60617082491844
21-332429,Plainte,Le Plateau-Mont-Royal,Le Plateau-Mont-Royal,2021-12-13T11:44:29,-73.57092883988928,45.53532753191472
21-33257,Plainte,Le Sud-Ouest,Le Sud-Ouest,2021-02-16T11:01:45,-73.55772749981313,45.49562487255688
21-332788,Plainte,Villeray-Saint-Michel - Parc-Extension,Villeray-Saint-Michel-Parc-Extension,2021-12-13T14:32:18,-73.6400477799992,45.57028099742159
21-332564,Plainte,Verdun,Verdun,2021-12-13T12:56:41,-73.59319078227884,45.44043664898054
21-332676,Plainte,Rivière-des-Prairies - Pointe-aux-Trembles,Rivière-des-Prairies-Pointe-aux-Trembles,2021-12-13T13:46:42,-73.50182896545907,45.66530417255015
21-33328,Plainte,Ville-Marie,Ville-Marie,2021-02-16T11:33:55,-73.556504684,45.522485936
21-332815,Plainte,Le Plateau-Mont-Royal,Le Plateau-Mont-Royal,2021-12-13T14:46:15,-73.583835132,45.52289857
21-33294,Plainte,Villeray-Saint-Michel - Parc-Extension,Villeray-Saint-Michel-Parc-Extension,2021-02-16T11:19:50,-73.63899800230112,45.54020685521106
21-332965,Plainte,Ville-Marie,Ville-Marie,2021-12-13T16:31:21,-73.59871911957065,45.49681164911906
21-3331,Plainte,LaSalle,LaSalle,2021-01-06T11:11:30,-73.61929539935824,45.43678878796902
21-333194,Plainte,Ville-Marie,Ville-Marie,2021-12-14T08:49:35,-73.5605091408244,45.52703369751934
21-33321,Plainte,Ahuntsic - Cartierville,Ahuntsic-Cartierville,2021-02-16T11:30:11,-73.66821108322709,45.54898608152347
21-333259,Plainte,Rivière-des-Prairies - Pointe-aux-Trembles,Rivière-des-Prairies-Pointe-aux-Trembles,2021-12-14T09:26:21,-73.52306753195579,45.64811833718295
21-332804,Plainte,Montréal-Nord,Montréal-Nord,2021-12-13T14:37:40,-73.63736246301657,45.59375802460729
21-332826,Plainte,Le Plateau-Mont-Royal,Le Plateau-Mont-Royal,2021-12-13T14:57:19,-73.60410028021805,45.525246936563065
21-33283,Plainte,Le Plateau-Mont-Royal,Le Plateau-Mont-Royal,2021-02-16T11:15:07,-73.59079570565522,45.525330312167895
21-332832,Plainte,Rivière-des-Prairies - Pointe-aux-Trembles,Rivière-des-Prairies-Pointe-aux-Trembles,2021-12-13T15:01:12,-73.49715362217854,45.633944595200575
21-332879,Plainte,Le Sud-Ouest,Le Sud-Ouest,2021-12-13T15:28:11,-73.59800094925149,45.4595140476668
21-33297,Plainte,Lachine,Lachine,2021-02-16T11:21:09,-73.65071008967642,45.44422668599854
21-332991,Plainte,Rosemont - La Petite-Patrie,Rosemont-La Petite-Patrie,2021-12-13T16:59:35,-73.60594412481555,45.538328860785725
21-332995,Plainte,Le Sud-Ouest,Le Sud-Ouest,2021-12-13T17:06:19,-73.56468689596096,45.47970453381536
21-333435,Plainte,Mercier - Hochelaga-Maisonneuve,Mercier-Hochelaga-Maisonneuve,2021-12-14T10:58:00,-73.51426424324073,45.59087592841707
21-333386,Plainte,Rosemont - La Petite-Patrie,Rosemont-La Petite-Patrie,2021-12-14T10:26:43,-73.60732882383012,45.54763604649803
21-333436,Plainte,Saint-Léonard,Saint-Léonard,2021-12-14T10:58:15,-73.60195642375847,45.58993926324093
21-333543,Plainte,Ville-Marie,Ville-Marie,2021-12-14T12:10:05,-73.57501938800785,45.4959174211479
21-33350,Plainte,Ahuntsic - Cartierville,Ahuntsic-Cartierville,2021-02-16T11:44:30,-73.65502918627324,45.537893874954776
21-333483,Plainte,Rosemont - La Petite-Patrie,Rosemont-La Petite-Patrie,2021-12-14T11:31:34,-73.61509480023612,45.53321834996022
21-333486,Plainte,Rosemont - La Petite-Patrie,Rosemont-La Petite-Patrie,2021-12-14T11:35:28,-73.61509480023612,45.53321834996022
21-33390,Plainte,Montréal-Nord,Montréal-Nord,2021-02-16T12:04:16,-73.6164323085534,45.6185517454
21-333560,Plainte,Le Sud-Ouest,Le Sud-Ouest,2021-12-14T12:21:12,-73.56042452840641,45.492697378741845
21-333647,Plainte,Villeray-Saint-Michel - Parc-Extension,Villeray-Saint-Michel-Parc-Extension,2021-12-14T13:22:20,-73.62425420759168,45.55082227046265
21-333650,Plainte,Villeray-Saint-Michel - Parc-Extension,Villeray-Saint-Michel-Parc-Extension,2021-12-14T13:24:51,-73.6082544451192,45.54930930403784
21-333863,Plainte,Ville-Marie,Ville-Marie,2021-12-14T15:37:57,-73.55933635396727,45.52743177284188
21-333890,Plainte,LaSalle,LaSalle,2021-12-14T15:54:09,-73.58922200803,45.43551195740418
21-333549,Plainte,Ville-Marie,Ville-Marie,2021-12-14T12:14:16,-73.56016631818856,45.51634852539628
21-333552,Plainte,Rosemont - La Petite-Patrie,Rosemont-La Petite-Patrie,2021-12-14T12:17:36,-73.59392959014897,45.553832990488
21-333687,Plainte,L'Île-Bizard - Sainte-Geneviève,L'Île-Bizard-Sainte-Geneviève,2021-12-14T13:47:15,-73.90240490597064,45.50489382169304
21-333778,Plainte,Mercier - Hochelaga-Maisonneuve,Mercier-Hochelaga-Maisonneuve,2021-12-14T14:37:22,-73.52859439269254,45.57046707109307
21-333849,Plainte,Le Plateau-Mont-Royal,Le Plateau-Mont-Royal,2021-12-14T15:25:54,-73.58933873221808,45.53077643244405
21-333873,Plainte,Le Plateau-Mont-Royal,Le Plateau-Mont-Royal,2021-12-14T15:41:08,-73.57986143026817,45.52367294459863
21-333953,Plainte,Rosemont - La Petite-Patrie,Rosemont-La Petite-Patrie,2021-12-14T16:49:07,-73.57739510352705,45.55917002359666
21-333963,Plainte,Verdun,Verdun,2021-12-14T17:09:16,-73.57354803452075,45.46262380168881
21-33409,Plainte,Saint-Léonard,Saint-Léonard,2021-02-16T12:18:07,-73.6070650525624,45.58493407771667
21-334011,Plainte,Mercier - Hochelaga-Maisonneuve,Mercier-Hochelaga-Maisonneuve,2021-12-14T19:01:26,-73.53603786543401,45.60973652652369
21-333992,Plainte,Rosemont - La Petite-Patrie,Rosemont-La Petite-Patrie,2021-12-14T17:53:05,-73.585243654,45.547642558
21-334600,Plainte,Côte-des-Neiges - Notre-Dame-de-Grâce,Côte-des-Neiges-Notre-Dame-de-Grâce,2021-12-15T13:17:40,-73.63090143820527,45.484212202818775
21-334286,Plainte,Anjou,Anjou,2021-12-15T10:06:23,-73.55827905445805,45.603315087018565
21-33436,Plainte,Pierrefonds - Roxboro,Pierrefonds-Roxboro,2021-02-16T12:38:10,-73.84818620969796,45.49442058130631
21-334547,Plainte,Le Plateau-Mont-Royal,Le Plateau-Mont-Royal,2021-12-15T12:46:43,-73.56689842532377,45.53167234832386
21-33459,Plainte,Pierrefonds - Roxboro,Pierrefonds-Roxboro,2021-02-16T12:55:36,-73.87316621222531,45.46885106054736
21-33417,Plainte,LaSalle,LaSalle,2021-02-16T12:24:40,-73.597565366,45.432180293
21-335130,Plainte,Verdun,Verdun,2021-12-16T09:23:08,-73.58247504157049,45.44648596601755
21-334748,Plainte,Le Plateau-Mont-Royal,Le Plateau-Mont-Royal,2021-12-15T15:01:44,-73.57282138534859,45.522436437454175
21-334939,Plainte,Ville-Marie,Le Plateau-Mont-Royal,2021-12-15T19:41:27,-73.564980893,45.524644275
21-334758,Plainte,Saint-Léonard,Saint-Léonard,2021-12-15T15:07:52,-73.60770519538522,45.59822490221941
21-3349,Plainte,Le Sud-Ouest,Le Sud-Ouest,2021-01-06T11:15:56,-73.6026036808409,45.45828307943635
21-334996,Plainte,Le Plateau-Mont-Royal,Le Plateau-Mont-Royal,2021-12-16T07:06:48,-73.59079570565522,45.525330312167895
21-335191,Plainte,Le Plateau-Mont-Royal,Le Plateau-Mont-Royal,2021-12-16T09:52:12,-73.5895969617918,45.51886170806345
21-335153,Plainte,Le Plateau-Mont-Royal,Le Plateau-Mont-Royal,2021-12-16T09:33:19,-73.56631461045019,45.53228451435516
21-335168,Plainte,Rivière-des-Prairies - Pointe-aux-Trembles,Rivière-des-Prairies-Pointe-aux-Trembles,2021-12-16T09:41:56,-73.59252050918039,45.634990094665646
21-335169,Plainte,Rivière-des-Prairies - Pointe-aux-Trembles,Rivière-des-Prairies-Pointe-aux-Trembles,2021-12-16T09:43:08,-73.59252050918039,45.634990094665646
21-335351,Plainte,Ahuntsic - Cartierville,Ahuntsic-Cartierville,2021-12-16T11:20:52,-73.65891231346303,45.561583640919
21-335210,Plainte,Ahuntsic - Cartierville,Ahuntsic-Cartierville,2021-12-16T10:05:54,-73.73446101314764,45.52269439245165
21-335253,Plainte,Côte-des-Neiges - Notre-Dame-de-Grâce,Côte-des-Neiges-Notre-Dame-de-Grâce,2021-12-16T10:24:35,-73.63673354634862,45.46730596833042
21-33535,Plainte,Côte-des-Neiges - Notre-Dame-de-Grâce,Côte-des-Neiges-Notre-Dame-de-Grâce,2021-02-16T13:44:51,-73.63090143820527,45.484212202818775
21-335240,Plainte,Côte-des-Neiges - Notre-Dame-de-Grâce,Côte-des-Neiges-Notre-Dame-de-Grâce,2021-12-16T10:16:21,-73.6206994834993,45.49981813000475
21-335289,Plainte,Rivière-des-Prairies - Pointe-aux-Trembles,Rivière-des-Prairies-Pointe-aux-Trembles,2021-12-16T10:43:40,-73.60602095761881,45.62623773058485
21-335420,Plainte,Saint-Laurent,Saint-Laurent,2021-12-16T11:55:53,-73.731175035768,45.51047834372969
21-335395,Plainte,Ahuntsic - Cartierville,Ahuntsic-Cartierville,2021-12-16T11:45:03,-73.657672775,45.566524721
21-335398,Plainte,Anjou,Anjou,2021-12-16T11:46:59,-73.58759910861741,45.60604364489944
21-33551,Plainte,Le Plateau-Mont-Royal,Le Plateau-Mont-Royal,2021-02-16T13:58:43,-73.5917427607035,45.532266042654136
21-335446,Plainte,Villeray-Saint-Michel - Parc-Extension,Villeray-Saint-Michel-Parc-Extension,2021-12-16T12:19:38,-73.610341649,45.551894437
21-335501,Plainte,Ahuntsic - Cartierville,Ahuntsic-Cartierville,2021-12-16T13:05:02,-73.65665112644334,45.5592878822216
21-335506,Plainte,Ahuntsic - Cartierville,Ahuntsic-Cartierville,2021-12-16T13:09:04,-73.66587403091937,45.54827930810172
21-33556,Plainte,Montréal-Nord,Montréal-Nord,2021-02-16T14:02:30,-73.637827866,45.604569637
21-335584,Plainte,Rosemont - La Petite-Patrie,Rosemont-La Petite-Patrie,2021-12-16T14:03:57,-73.57007970333257,45.5542669462261
21-335572,Plainte,Montréal-Nord,Montréal-Nord,2021-12-16T13:52:24,-73.6378372225458,45.58721234582113
21-335652,Plainte,Villeray-Saint-Michel - Parc-Extension,Villeray-Saint-Michel-Parc-Extension,2021-12-16T14:53:04,-73.6252240674231,45.5677153095713
21-335850,Plainte,Verdun,Verdun,2021-12-16T19:22:27,-73.57280538558592,45.44683035924375
21-33569,Plainte,Ville-Marie,Ville-Marie,2021-02-16T14:08:18,-73.5543307251072,45.514363404036345
21-33573,Plainte,Rivière-des-Prairies - Pointe-aux-Trembles,Rivière-des-Prairies-Pointe-aux-Trembles,2021-02-16T14:10:34,-73.51009912197995,45.643154479320415
21-336089,Plainte,Pierrefonds - Roxboro,Pierrefonds-Roxboro,2021-12-17T09:41:04,-73.8553438793686,45.4917078752932
21-336054,Plainte,LaSalle,LaSalle,2021-12-17T09:23:44,-73.61172288997027,45.44301760291194
21-336300,Plainte,Mercier - Hochelaga-Maisonneuve,Mercier-Hochelaga-Maisonneuve,2021-12-17T11:51:47,-73.553323339,45.547388169
21-336102,Plainte,Rosemont - La Petite-Patrie,Rosemont-La Petite-Patrie,2021-12-17T09:47:00,-73.59234836458646,45.53432339457105
21-336149,Plainte,Mercier - Hochelaga-Maisonneuve,Mercier-Hochelaga-Maisonneuve,2021-12-17T10:16:34,-73.54745005100922,45.54413502916167
21-33620,Plainte,Ahuntsic - Cartierville,Ahuntsic-Cartierville,2021-02-16T14:40:06,-73.65691704246976,45.555776570063706
21-336143,Plainte,Verdun,Verdun,2021-12-17T10:10:57,-73.57404406009093,45.46308999896072
21-33622,Plainte,Mercier - Hochelaga-Maisonneuve,Mercier-Hochelaga-Maisonneuve,2021-02-16T14:41:17,-73.55430957550229,45.54543514403922
21-336852,Plainte,Ville-Marie,Ville-Marie,2021-12-18T12:55:05,-73.55882857370764,45.51669669617837
21-336572,Plainte,Ville-Marie,Ville-Marie,2021-12-17T15:31:48,-73.55639873984353,45.51559921118047
21-336810,Plainte,Le Plateau-Mont-Royal,Le Plateau-Mont-Royal,2021-12-18T11:25:12,-73.578045707,45.534520862
21-336391,Plainte,Rosemont - La Petite-Patrie,Rosemont-La Petite-Patrie,2021-12-17T13:02:42,-73.572770356,45.551573496
21-336600,Plainte,Le Sud-Ouest,Le Sud-Ouest,2021-12-17T15:59:54,-73.56406494086323,45.47954265422758
21-336742,Plainte,Ahuntsic - Cartierville,Ahuntsic-Cartierville,2021-12-18T09:26:46,-73.69299526576094,45.54481677169646
21-336770,Plainte,Saint-Laurent,Saint-Laurent,2021-12-18T10:14:30,-73.70140065806488,45.50630230818304
21-33686,Plainte,Ville-Marie,Ville-Marie,2021-02-16T15:24:52,-73.55675351004639,45.50763101955993
21-337011,Plainte,Verdun,Verdun,2021-12-19T09:59:08,-73.56320796468218,45.459502059351685
21-336925,Plainte,Ville-Marie,Ville-Marie,2021-12-18T17:34:48,-73.57373001508002,45.49424684730375
21-337154,Plainte,Saint-Léonard,Saint-Léonard,2021-12-19T15:07:43,-73.59773083870645,45.58428894016698
21-337056,Plainte,LaSalle,LaSalle,2021-12-19T11:17:15,-73.62943199977475,45.4336916687243
21-336997,Plainte,Rivière-des-Prairies - Pointe-aux-Trembles,Rivière-des-Prairies-Pointe-aux-Trembles,2021-12-19T09:28:58,-73.59988866787361,45.624393156627285
21-33705,Plainte,Mercier - Hochelaga-Maisonneuve,Mercier-Hochelaga-Maisonneuve,2021-02-16T15:35:16,-73.54004563671404,45.606580427774496
21-337114,Plainte,Lachine,Lachine,2021-12-19T13:22:19,-73.71744125762453,45.44533084598784
21-337077,Plainte,Villeray-Saint-Michel - Parc-Extension,Villeray-Saint-Michel-Parc-Extension,2021-12-19T12:17:41,-73.63337735779446,45.56970480261718
21-337107,Plainte,Rivière-des-Prairies - Pointe-aux-Trembles,Rivière-des-Prairies-Pointe-aux-Trembles,2021-12-19T12:59:29,-73.49010178082432,45.64064847709761
21-337179,Plainte,Rivière-des-Prairies - Pointe-aux-Trembles,Rivière-des-Prairies-Pointe-aux-Trembles,2021-12-19T16:22:45,-73.58716832797349,45.6461251702048
21-337126,Plainte,Montréal-Nord,Montréal-Nord,2021-12-19T14:08:23,-73.62531602250665,45.61766041235175
21-337366,Plainte,Villeray-Saint-Michel - Parc-Extension,Villeray-Saint-Michel-Parc-Extension,2021-12-20T09:58:25,-73.61645467660038,45.56915728688576
21-337346,Plainte,Côte-des-Neiges - Notre-Dame-de-Grâce,Côte-des-Neiges-Notre-Dame-de-Grâce,2021-12-20T09:47:52,-73.6209440074788,45.49574338117296
21-337423,Plainte,Rosemont - La Petite-Patrie,Rosemont-La Petite-Patrie,2021-12-20T10:30:57,-73.57262079054063,45.54871366870065
21-337368,Plainte,Rosemont - La Petite-Patrie,Rosemont-La Petite-Patrie,2021-12-20T09:59:41,-73.57540062905234,45.54306991358919
21-337397,Plainte,L'Île-Bizard - Sainte-Geneviève,L'Île-Bizard-Sainte-Geneviève,2021-12-20T10:16:58,-73.88490198586821,45.48226505218541
21-337408,Plainte,Pierrefonds - Roxboro,Pierrefonds-Roxboro,2021-12-20T10:22:50,-73.81646143404568,45.50520814044443
21-337516,Plainte,Côte-des-Neiges - Notre-Dame-de-Grâce,Côte-des-Neiges-Notre-Dame-de-Grâce,2021-12-20T11:42:16,-73.62855004092778,45.50339002708196
21-33742,Plainte,Rivière-des-Prairies - Pointe-aux-Trembles,Rivière-des-Prairies-Pointe-aux-Trembles,2021-02-16T15:59:05,-73.57230457734383,45.65742698149946
21-337409,Plainte,Villeray-Saint-Michel - Parc-Extension,Villeray-Saint-Michel-Parc-Extension,2021-12-20T10:23:21,-73.63150908519304,45.546297787504514
21-337480,Plainte,Ahuntsic - Cartierville,Ahuntsic-Cartierville,2021-12-20T11:17:21,-73.66192213441988,45.54113149783431
21-337679,Plainte,Ahuntsic - Cartierville,Ahuntsic-Cartierville,2021-12-20T13:57:34,-73.66335061657871,45.545066763354896
21-33759,Plainte,Verdun,Verdun,2021-02-16T16:10:55,-73.56758929646494,45.45638079315505
21-337685,Plainte,Rosemont - La Petite-Patrie,Rosemont-La Petite-Patrie,2021-12-20T14:03:27,-73.61423035594468,45.530737995916205
21-337751,Plainte,Saint-Laurent,Saint-Laurent,2021-12-20T14:59:36,-73.67740044693119,45.512260773580095
21-337730,Plainte,Mercier - Hochelaga-Maisonneuve,Mercier-Hochelaga-Maisonneuve,2021-12-20T14:40:29,-73.53085989585406,45.61197859567218
21-337738,Plainte,Ville-Marie,Ville-Marie,2021-12-20T14:46:46,-73.58217819196679,45.49226243718035
21-3377,Plainte,Ville-Marie,Ville-Marie,2021-01-06T11:27:43,-73.565369045,45.496196543
21-337843,Plainte,Ahuntsic - Cartierville,Ahuntsic-Cartierville,2021-12-20T16:34:58,-73.70378457400265,45.54169599667973
21-337757,Plainte,Rivière-des-Prairies - Pointe-aux-Trembles,Rivière-des-Prairies-Pointe-aux-Trembles,2021-12-20T15:05:45,-73.55492219258186,45.66262239801149
21-337885,Plainte,Le Sud-Ouest,Le Sud-Ouest,2021-12-20T19:21:30,-73.57990612047416,45.48016775975013
21-337854,Plainte,Montréal-Nord,Montréal-Nord,2021-12-20T16:52:34,-73.64557216183529,45.59448982299765
21-337880,Plainte,Villeray-Saint-Michel - Parc-Extension,Villeray-Saint-Michel-Parc-Extension,2021-12-20T19:06:12,-73.58921224438353,45.56371579293605
21-338006,Plainte,Côte-des-Neiges - Notre-Dame-de-Grâce,Côte-des-Neiges-Notre-Dame-de-Grâce,2021-12-21T09:29:25,-73.63251849446902,45.50624101847374
21-337972,Plainte,Mercier - Hochelaga-Maisonneuve,Mercier-Hochelaga-Maisonneuve,2021-12-21T08:56:17,-73.54075607576307,45.54771337293076
21-338242,Plainte,Côte-des-Neiges - Notre-Dame-de-Grâce,Côte-des-Neiges-Notre-Dame-de-Grâce,2021-12-21T12:47:48,-73.62653049154747,45.50503586814659
21-338087,Plainte,Rivière-des-Prairies - Pointe-aux-Trembles,Rivière-des-Prairies-Pointe-aux-Trembles,2021-12-21T10:30:37,-73.57618554386057,45.64096274787684
21-338205,Plainte,Mercier - Hochelaga-Maisonneuve,Mercier-Hochelaga-Maisonneuve,2021-12-21T12:09:47,-73.55427260154293,45.5447217722898
21-338013,Plainte,Rivière-des-Prairies - Pointe-aux-Trembles,Rivière-des-Prairies-Pointe-aux-Trembles,2021-12-21T09:31:56,-73.60617455190817,45.62798001130267
21-338070,Plainte,Côte-des-Neiges - Notre-Dame-de-Grâce,Côte-des-Neiges-Notre-Dame-de-Grâce,2021-12-21T10:22:00,-73.61898172667789,45.47749679706755
21-33827,Plainte,Villeray-Saint-Michel - Parc-Extension,Villeray-Saint-Michel-Parc-Extension,2021-02-16T17:19:06,-73.62133888812588,45.55063734596503
21-338383,Plainte,Mercier - Hochelaga-Maisonneuve,Mercier-Hochelaga-Maisonneuve,2021-12-21T14:55:34,-73.53866318028,45.58434503346482
21-338289,Plainte,Le Plateau-Mont-Royal,Le Plateau-Mont-Royal,2021-12-21T13:38:34,-73.57018643680166,45.51407813111717
21-338316,Plainte,Ville-Marie,Ville-Marie,2021-12-21T14:00:56,-73.55373053116755,45.49847166182545
21-338566,Plainte,Ville-Marie,Ville-Marie,2021-12-21T19:59:53,-73.56383416702812,45.51865231072483
21-338486,Plainte,Rosemont - La Petite-Patrie,Rosemont-La Petite-Patrie,2021-12-21T16:18:39,-73.57262079054063,45.54871366870065
21-338807,Plainte,Côte-des-Neiges - Notre-Dame-de-Grâce,Côte-des-Neiges-Notre-Dame-de-Grâce,2021-12-22T11:30:00,-73.63090143820527,45.484212202818775
21-338731,Plainte,Ahuntsic - Cartierville,Ahuntsic-Cartierville,2021-12-22T10:12:40,-73.6287718569638,45.55469019317046
21-338799,Plainte,Lachine,Lachine,2021-12-22T11:21:15,-73.68191787412566,45.43981261917202
21-338882,Plainte,Mercier - Hochelaga-Maisonneuve,Mercier-Hochelaga-Maisonneuve,2021-12-22T12:50:00,-73.5438609820898,45.60009869349023
21-338865,Plainte,Rivière-des-Prairies - Pointe-aux-Trembles,Rivière-des-Prairies-Pointe-aux-Trembles,2021-12-22T12:30:40,-73.4934751393573,45.67634965431096
21-338876,Plainte,Ahuntsic - Cartierville,Ahuntsic-Cartierville,2021-12-22T12:43:16,-73.66909790226515,45.556277579722654
21-33909,Plainte,Côte-des-Neiges - Notre-Dame-de-Grâce,Côte-des-Neiges-Notre-Dame-de-Grâce,2021-02-16T19:55:43,-73.65229039714752,45.5003104975068
21-338945,Plainte,Lachine,Lachine,2021-12-22T13:47:39,-73.68302506215609,45.43319484049072
21-339006,Plainte,Rosemont - La Petite-Patrie,Rosemont-La Petite-Patrie,2021-12-22T15:14:31,-73.57961181766098,45.54365759127718
21-33896,Plainte,Mercier - Hochelaga-Maisonneuve,Mercier-Hochelaga-Maisonneuve,2021-02-16T19:20:51,-73.5485173535131,45.552133844769685
21-339516,Plainte,Rivière-des-Prairies - Pointe-aux-Trembles,Rivière-des-Prairies-Pointe-aux-Trembles,2021-12-23T14:46:03,-73.50661235034329,45.64866647590051
21-339098,Plainte,Pierrefonds - Roxboro,Pierrefonds-Roxboro,2021-12-22T17:27:20,-73.85161130943924,45.48490364464508
21-339384,Plainte,Ahuntsic - Cartierville,Ahuntsic-Cartierville,2021-12-23T12:15:46,-73.64842671142883,45.57912063675192
21-339414,Plainte,Rivière-des-Prairies - Pointe-aux-Trembles,Rivière-des-Prairies-Pointe-aux-Trembles,2021-12-23T13:00:01,-73.56524159285547,45.65433022630347
21-339630,Plainte,Mercier - Hochelaga-Maisonneuve,Mercier-Hochelaga-Maisonneuve,2021-12-23T17:54:44,-73.5127420278304,45.59283308878298
21-339523,Plainte,Ahuntsic - Cartierville,Ahuntsic-Cartierville,2021-12-23T14:57:17,-73.6513728598616,45.555772773423655
21-339547,Plainte,Verdun,Verdun,2021-12-23T15:20:43,-73.54304226131833,45.46303493373115
21-339636,Plainte,Verdun,Verdun,2021-12-23T18:48:36,-73.57122230455005,45.47049706185466
21-339703,Plainte,Ahuntsic - Cartierville,Ahuntsic-Cartierville,2021-12-24T10:29:13,-73.64396453599338,45.56700693046755
21-339695,Plainte,Côte-des-Neiges - Notre-Dame-de-Grâce,Côte-des-Neiges-Notre-Dame-de-Grâce,2021-12-24T10:11:45,-73.63266675721071,45.46176863454359
21-339769,Plainte,Côte-des-Neiges - Notre-Dame-de-Grâce,Côte-des-Neiges-Notre-Dame-de-Grâce,2021-12-24T13:32:27,-73.61895544051778,45.46521355922445
21-339739,Plainte,Villeray-Saint-Michel - Parc-Extension,Villeray-Saint-Michel-Parc-Extension,2021-12-24T11:59:21,-73.61592666132884,45.54977912413003
21-339997,Plainte,Le Plateau-Mont-Royal,Le Plateau-Mont-Royal,2021-12-26T15:34:46,-73.60105704627263,45.52169142138251
21-339861,Plainte,Rosemont - La Petite-Patrie,Rosemont-La Petite-Patrie,2021-12-25T13:53:13,-73.59234836458646,45.53432339457105
21-339982,Plainte,Rosemont - La Petite-Patrie,Rosemont-La Petite-Patrie,2021-12-26T14:06:06,-73.576320271,45.557831637
21-340356,Plainte,LaSalle,LaSalle,2021-12-28T10:06:41,-73.63791169298915,45.43220592274088
21-340006,Plainte,Le Plateau-Mont-Royal,Le Plateau-Mont-Royal,2021-12-26T16:02:14,-73.56704559360925,45.53309234290983
21-340007,Plainte,Le Plateau-Mont-Royal,Le Plateau-Mont-Royal,2021-12-26T16:02:37,-73.572546044,45.513890776
21-340074,Plainte,Rivière-des-Prairies - Pointe-aux-Trembles,Rivière-des-Prairies-Pointe-aux-Trembles,2021-12-27T09:40:50,-73.59822433904071,45.63528123718413
21-340066,Plainte,Rosemont - La Petite-Patrie,Rosemont-La Petite-Patrie,2021-12-27T09:26:47,-73.55672307366835,45.55171533587258
21-340077,Plainte,Anjou,Anjou,2021-12-27T09:49:13,-73.5483882419916,45.602829219145335
21-34012,Plainte,Ahuntsic - Cartierville,Ahuntsic-Cartierville,2021-02-17T08:36:45,-73.64442576856027,45.5613391986044
21-340113,Plainte,Côte-des-Neiges - Notre-Dame-de-Grâce,Côte-des-Neiges-Notre-Dame-de-Grâce,2021-12-27T11:28:11,-73.62028534044352,45.48747446164056
21-340373,Plainte,Outremont,Outremont,2021-12-28T10:27:01,-73.6074562095198,45.51508346185921
21-340176,Plainte,Mercier - Hochelaga-Maisonneuve,Mercier-Hochelaga-Maisonneuve,2021-12-27T13:37:17,-73.53730748709849,45.61359409586198
21-34020,Plainte,Saint-Léonard,Saint-Léonard,2021-02-17T08:40:55,-73.58659142932257,45.57284764979095
21-340248,Plainte,Lachine,Lachine,2021-12-27T16:31:57,-73.68937438644416,45.44186780962504
21-340250,Plainte,Verdun,Verdun,2021-12-27T16:38:48,-73.53805538647342,45.47250308462396
21-340325,Plainte,Anjou,Anjou,2021-12-28T09:23:21,-73.5462677498222,45.60503302869231
21-340344,Plainte,Pierrefonds - Roxboro,Pierrefonds-Roxboro,2021-12-28T09:51:34,-73.86334690199217,45.48274363544208
21-340144,Plainte,Pierrefonds - Roxboro,Pierrefonds-Roxboro,2021-12-27T12:36:23,-73.86100528049211,45.47139485715933
21-340174,Plainte,Saint-Laurent,Saint-Laurent,2021-12-27T13:32:55,-73.72407781117555,45.50542419339872
21-340175,Plainte,Rivière-des-Prairies - Pointe-aux-Trembles,Rivière-des-Prairies-Pointe-aux-Trembles,2021-12-27T13:33:49,-73.49511114497975,45.69187656321954
21-340229,Plainte,Côte-des-Neiges - Notre-Dame-de-Grâce,Côte-des-Neiges-Notre-Dame-de-Grâce,2021-12-27T15:30:26,-73.61743374171105,45.50826727914989
21-340340,Plainte,Rivière-des-Prairies - Pointe-aux-Trembles,Rivière-des-Prairies-Pointe-aux-Trembles,2021-12-28T09:46:53,-73.600901583,45.636366309
21-340401,Plainte,Rosemont - La Petite-Patrie,Rosemont-La Petite-Patrie,2021-12-28T10:57:35,-73.58461430255534,45.54633376853284
21-340385,Plainte,Montréal-Nord,Montréal-Nord,2021-12-28T10:41:42,-73.62313992612027,45.609568022574365
21-340402,Plainte,Rosemont - La Petite-Patrie,Rosemont-La Petite-Patrie,2021-12-28T11:00:47,-73.58461430255534,45.54633376853284
21-340403,Plainte,Ahuntsic - Cartierville,Ahuntsic-Cartierville,2021-12-28T11:02:48,-73.71166545791624,45.53768672352508
21-340547,Plainte,Ahuntsic - Cartierville,Ahuntsic-Cartierville,2021-12-28T15:04:33,-73.71688267490504,45.53012406701059
21-340419,Plainte,Côte-des-Neiges - Notre-Dame-de-Grâce,Côte-des-Neiges-Notre-Dame-de-Grâce,2021-12-28T11:23:59,-73.63090143820527,45.484212202818775
21-340452,Plainte,Ahuntsic - Cartierville,Ahuntsic-Cartierville,2021-12-28T12:15:41,-73.6605499355405,45.54830918697905
21-340560,Plainte,Rivière-des-Prairies - Pointe-aux-Trembles,Rivière-des-Prairies-Pointe-aux-Trembles,2021-12-28T15:20:18,-73.58352785348359,45.63431146251253
21-340664,Plainte,Villeray-Saint-Michel - Parc-Extension,Villeray-Saint-Michel-Parc-Extension,2021-12-28T19:55:34,-73.59106494360805,45.56160705482546
21-340570,Plainte,Ahuntsic - Cartierville,Ahuntsic-Cartierville,2021-12-28T15:41:52,-73.65691704246976,45.555776570063706
21-340604,Plainte,Mercier - Hochelaga-Maisonneuve,Mercier-Hochelaga-Maisonneuve,2021-12-28T16:41:38,-73.52170776050652,45.60244721948259
21-340725,Plainte,Pierrefonds - Roxboro,Pierrefonds-Roxboro,2021-12-29T09:05:26,-73.86261522387852,45.47920547863095
21-340707,Plainte,Mercier - Hochelaga-Maisonneuve,Mercier-Hochelaga-Maisonneuve,2021-12-29T08:37:25,-73.54602378126519,45.59352632985091
21-340756,Plainte,Saint-Léonard,Saint-Léonard,2021-12-29T09:34:22,-73.58846051270224,45.576309065928754
21-340730,Plainte,Rivière-des-Prairies - Pointe-aux-Trembles,Rivière-des-Prairies-Pointe-aux-Trembles,2021-12-29T09:10:35,-73.58671021863213,45.64868591849513
21-34091,Plainte,Montréal-Nord,Montréal-Nord,2021-02-17T09:13:16,-73.65103229376919,45.58443660623329
21-340794,Plainte,Ahuntsic - Cartierville,Ahuntsic-Cartierville,2021-12-29T10:27:43,-73.66176231794233,45.54649665668043
21-340816,Plainte,Rosemont - La Petite-Patrie,Rosemont-La Petite-Patrie,2021-12-29T10:46:56,-73.57262079054063,45.54871366870065
21-34085,Plainte,Le Plateau-Mont-Royal,Le Plateau-Mont-Royal,2021-02-17T09:11:31,-73.6025266848084,45.521841158809785
21-340902,Plainte,Mercier - Hochelaga-Maisonneuve,Mercier-Hochelaga-Maisonneuve,2021-12-29T13:07:31,-73.55880713835468,45.58869218557752
21-341192,Plainte,Mercier - Hochelaga-Maisonneuve,Mercier-Hochelaga-Maisonneuve,2021-12-30T10:30:11,-73.53845769844526,45.582744080861104
21-341043,Plainte,Mercier - Hochelaga-Maisonneuve,Mercier-Hochelaga-Maisonneuve,2021-12-29T16:17:46,-73.54895478942237,45.54795051555908
21-341159,Plainte,Ahuntsic - Cartierville,Ahuntsic-Cartierville,2021-12-30T09:47:40,-73.6513728598616,45.555772773423655
21-340974,Plainte,Rosemont - La Petite-Patrie,Rosemont-La Petite-Patrie,2021-12-29T14:15:11,-73.56449560724884,45.571311737037554
21-341052,Plainte,Ville-Marie,Ville-Marie,2021-12-29T16:46:53,-73.56076496716022,45.49928704231794
21-341138,Plainte,Villeray-Saint-Michel - Parc-Extension,Villeray-Saint-Michel-Parc-Extension,2021-12-30T09:24:34,-73.623830543,45.58353979
21-341167,Plainte,L'Île-Bizard - Sainte-Geneviève,L'Île-Bizard-Sainte-Geneviève,2021-12-30T09:58:57,-73.87233850020519,45.47360175430183
21-341170,Plainte,Pierrefonds - Roxboro,Pierrefonds-Roxboro,2021-12-30T10:03:47,-73.77423306731866,45.49919786155865
21-341186,Plainte,Mercier - Hochelaga-Maisonneuve,Mercier-Hochelaga-Maisonneuve,2021-12-30T10:24:52,-73.55880713835468,45.58869218557752
21-341223,Plainte,Verdun,Verdun,2021-12-30T11:07:51,-73.57971748300747,45.44843837734312
21-341210,Plainte,Pierrefonds - Roxboro,Pierrefonds-Roxboro,2021-12-30T10:50:45,-73.88391193163619,45.46884680275655
21-341616,Plainte,Anjou,Anjou,2021-12-31T11:43:46,-73.56002894394192,45.59538657647462
21-341237,Plainte,Ahuntsic - Cartierville,Ahuntsic-Cartierville,2021-12-30T11:23:21,-73.63891513114726,45.55779194179887
21-341328,Plainte,Rosemont - La Petite-Patrie,Rosemont-La Petite-Patrie,2021-12-30T13:36:21,-73.57540062905234,45.54306991358919
21-341344,Plainte,Rosemont - La Petite-Patrie,Rosemont-La Petite-Patrie,2021-12-30T13:57:56,-73.59234836458646,45.53432339457105
21-341346,Plainte,Rosemont - La Petite-Patrie,Rosemont-La Petite-Patrie,2021-12-30T13:59:56,-73.59234836458646,45.53432339457105
21-341419,Plainte,Saint-Léonard,Saint-Léonard,2021-12-30T15:57:11,-73.59706100312408,45.58026485025889
21-341439,Plainte,Rosemont - La Petite-Patrie,Rosemont-La Petite-Patrie,2021-12-30T16:36:11,-73.56731956893378,45.55339962037739
21-34144,Plainte,Ahuntsic - Cartierville,Ahuntsic-Cartierville,2021-02-17T09:44:56,-73.64697722790288,45.54829924418457
21-341254,Plainte,Pierrefonds - Roxboro,Pierrefonds-Roxboro,2021-12-30T11:38:33,-73.84610054784163,45.51027175863347
21-341689,Plainte,Saint-Léonard,Saint-Léonard,2021-12-31T14:59:06,-73.59773083870645,45.58428894016698
21-341281,Plainte,Rivière-des-Prairies - Pointe-aux-Trembles,Rivière-des-Prairies-Pointe-aux-Trembles,2021-12-30T12:23:56,-73.491701311049,45.6937354752472
21-341322,Plainte,Lachine,Lachine,2021-12-30T13:25:03,-73.66939177882983,45.4410015612515
21-341398,Plainte,Saint-Léonard,Saint-Léonard,2021-12-30T15:41:20,-73.59706100312408,45.58026485025889
21-341556,Plainte,Villeray-Saint-Michel - Parc-Extension,Villeray-Saint-Michel-Parc-Extension,2021-12-31T10:07:20,-73.5935421059106,45.564189138074326
21-341635,Plainte,Ahuntsic - Cartierville,Ahuntsic-Cartierville,2021-12-31T12:23:35,-73.709785142,45.534595275
21-341630,Plainte,Ahuntsic - Cartierville,Ahuntsic-Cartierville,2021-12-31T12:13:14,-73.703439909,45.532987726
21-341640,Plainte,Saint-Léonard,Saint-Léonard,2021-12-31T12:29:15,-73.5976742644283,45.59728160405266
21-34271,Plainte,Côte-des-Neiges - Notre-Dame-de-Grâce,Côte-des-Neiges-Notre-Dame-de-Grâce,2021-02-17T10:57:04,-73.62199016788907,45.51097657136461
21-341664,Plainte,Rosemont - La Petite-Patrie,Rosemont-La Petite-Patrie,2021-12-31T13:25:58,-73.59234836458646,45.53432339457105
21-34167,Plainte,Villeray-Saint-Michel - Parc-Extension,Villeray-Saint-Michel-Parc-Extension,2021-02-17T09:59:15,-73.60486440149315,45.57530195325148
21-34181,Plainte,Ahuntsic - Cartierville,Ahuntsic-Cartierville,2021-02-17T10:09:17,-73.672589373,45.541862931
21-34259,Plainte,Rivière-des-Prairies - Pointe-aux-Trembles,Rivière-des-Prairies-Pointe-aux-Trembles,2021-02-17T10:52:42,-73.48994202312426,45.64166881608936
21-341671,Plainte,Ville-Marie,Ville-Marie,2021-12-31T13:43:24,-73.56384843915531,45.5241185524926
21-34309,Plainte,Ahuntsic - Cartierville,Ahuntsic-Cartierville,2021-02-17T11:23:21,-73.67649149161291,45.549852995696334
21-34298,Plainte,Outremont,Outremont,2021-02-17T11:13:36,-73.6040273938512,45.5172628789716
21-34489,Plainte,Le Plateau-Mont-Royal,Le Plateau-Mont-Royal,2021-02-17T13:34:34,-73.56493530036326,45.537442403229335
21-50362,Plainte,LaSalle,LaSalle,2021-03-10T09:38:48,-73.6604937934585,45.42887352016884
21-34320,Plainte,Villeray-Saint-Michel - Parc-Extension,Villeray-Saint-Michel-Parc-Extension,2021-02-17T11:30:09,-73.607197921,45.555085384
21-34340,Plainte,LaSalle,LaSalle,2021-02-17T11:38:07,-73.61475948763655,45.418699490894745
21-3441,Plainte,Villeray-Saint-Michel - Parc-Extension,Villeray-Saint-Michel-Parc-Extension,2021-01-06T12:00:11,-73.613553466,45.546103636
21-34436,Plainte,Côte-des-Neiges - Notre-Dame-de-Grâce,Côte-des-Neiges-Notre-Dame-de-Grâce,2021-02-17T12:54:52,-73.640216829,45.456534163
21-3446,Plainte,Villeray-Saint-Michel - Parc-Extension,Villeray-Saint-Michel-Parc-Extension,2021-01-06T12:02:57,-73.62790374283074,45.57348470131021
21-34512,Plainte,Côte-des-Neiges - Notre-Dame-de-Grâce,Côte-des-Neiges-Notre-Dame-de-Grâce,2021-02-17T13:47:36,-73.61880955821869,45.46743924189117
21-34516,Plainte,Mercier - Hochelaga-Maisonneuve,Mercier-Hochelaga-Maisonneuve,2021-02-17T13:48:54,-73.533522975,45.598883846
21-34498,Plainte,Ahuntsic - Cartierville,Ahuntsic-Cartierville,2021-02-17T13:38:12,-73.65502918627324,45.537893874954776
21-34554,Plainte,Le Plateau-Mont-Royal,Le Plateau-Mont-Royal,2021-02-17T14:15:08,-73.60039214883052,45.52649850526745
21-34677,Plainte,Rosemont - La Petite-Patrie,Rosemont-La Petite-Patrie,2021-02-17T15:32:23,-73.579079669,45.551957708
21-34620,Plainte,Rivière-des-Prairies - Pointe-aux-Trembles,Rivière-des-Prairies-Pointe-aux-Trembles,2021-02-17T15:01:43,-73.57194818129801,45.65659329201144
21-34621,Plainte,Saint-Léonard,Saint-Léonard,2021-02-17T15:01:48,-73.60110920309735,45.59758211665645
21-34639,Plainte,Montréal-Nord,Montréal-Nord,2021-02-17T15:11:45,-73.64398354361997,45.57999613588408
21-34716,Plainte,Rivière-des-Prairies - Pointe-aux-Trembles,Rivière-des-Prairies-Pointe-aux-Trembles,2021-02-17T15:52:44,-73.58004203203227,45.6324858747026
21-34708,Plainte,Rivière-des-Prairies - Pointe-aux-Trembles,Rivière-des-Prairies-Pointe-aux-Trembles,2021-02-17T15:47:57,-73.58004203203227,45.6324858747026
21-34743,Plainte,Ville-Marie,Ville-Marie,2021-02-17T16:18:21,-73.55882857370764,45.51669669617837
21-34735,Plainte,Ville-Marie,Ville-Marie,2021-02-17T16:12:04,-73.558870962,45.527942313
21-34747,Plainte,Rivière-des-Prairies - Pointe-aux-Trembles,Rivière-des-Prairies-Pointe-aux-Trembles,2021-02-17T16:19:43,-73.53913761008586,45.67009123044844
21-34749,Plainte,Rosemont - La Petite-Patrie,Rosemont-La Petite-Patrie,2021-02-17T16:20:27,-73.585538363176,45.544936386210665
21-34745,Plainte,Le Plateau-Mont-Royal,Le Plateau-Mont-Royal,2021-02-17T16:19:06,-73.577868421,45.538570316
21-34752,Plainte,Anjou,Anjou,2021-02-17T16:22:12,-73.54495523156905,45.60440116822694
21-35083,Plainte,Rosemont - La Petite-Patrie,Rosemont-La Petite-Patrie,2021-02-18T09:04:37,-73.57457391395157,45.559840575446486
21-34792,Plainte,Ahuntsic - Cartierville,Ahuntsic-Cartierville,2021-02-17T16:57:38,-73.65083128010988,45.57873148023021
21-34819,Plainte,Rivière-des-Prairies - Pointe-aux-Trembles,Rivière-des-Prairies-Pointe-aux-Trembles,2021-02-17T17:25:36,-73.5697519052314,45.65198499203572
21-34818,Plainte,Anjou,Anjou,2021-02-17T17:24:59,-73.56098512859367,45.60917559268
21-34916,Plainte,Rivière-des-Prairies - Pointe-aux-Trembles,Rivière-des-Prairies-Pointe-aux-Trembles,2021-02-17T20:32:04,-73.49183516463273,45.64016493372552
21-3492,Plainte,Outremont,Outremont,2021-01-06T12:41:43,-73.61741789281136,45.52210449952538
21-3494,Plainte,Rosemont - La Petite-Patrie,Rosemont-La Petite-Patrie,2021-01-06T12:45:30,-73.60237506294756,45.54495301979379
21-35109,Plainte,Rosemont - La Petite-Patrie,Rosemont-La Petite-Patrie,2021-02-18T09:23:58,-73.577652705,45.569225897
21-35202,Plainte,Saint-Léonard,Saint-Léonard,2021-02-18T10:17:52,-73.59941779327815,45.60059856612472
21-35142,Plainte,Saint-Léonard,Saint-Léonard,2021-02-18T09:42:02,-73.569833528,45.586226723
21-35114,Plainte,Mercier - Hochelaga-Maisonneuve,Mercier-Hochelaga-Maisonneuve,2021-02-18T09:27:44,-73.513049137,45.588965311
21-35139,Plainte,Lachine,Lachine,2021-02-18T09:41:30,-73.71481142729112,45.44015092401855
21-35140,Plainte,Villeray-Saint-Michel - Parc-Extension,Villeray-Saint-Michel-Parc-Extension,2021-02-18T09:42:00,-73.6316148053282,45.52893519903352
21-35272,Plainte,Rivière-des-Prairies - Pointe-aux-Trembles,Rivière-des-Prairies-Pointe-aux-Trembles,2021-02-18T10:55:45,-73.5101824929036,45.650098134397176
21-35280,Plainte,Saint-Laurent,Saint-Laurent,2021-02-18T11:00:32,-73.70103607395524,45.50394181191092
21-35282,Plainte,Villeray-Saint-Michel - Parc-Extension,Villeray-Saint-Michel-Parc-Extension,2021-02-18T11:01:19,-73.61740208900822,45.55847941447757
21-3530,Plainte,Côte-des-Neiges - Notre-Dame-de-Grâce,Côte-des-Neiges-Notre-Dame-de-Grâce,2021-01-06T13:11:17,-73.63533040775057,45.51145765012117
21-35293,Plainte,Lachine,Lachine,2021-02-18T11:08:47,-73.70270086417962,45.43665488788947
21-35398,Plainte,Rivière-des-Prairies - Pointe-aux-Trembles,Rivière-des-Prairies-Pointe-aux-Trembles,2021-02-18T12:04:52,-73.583704021,45.637041771
21-35333,Plainte,Ahuntsic - Cartierville,Ahuntsic-Cartierville,2021-02-18T11:29:39,-73.701696231555,45.54113795552168
21-35383,Plainte,Saint-Léonard,Saint-Léonard,2021-02-18T11:57:56,-73.59700858187567,45.593200593825166
21-35341,Plainte,Verdun,Verdun,2021-02-18T11:34:19,-73.56374325940858,45.46476247019166
21-35466,Plainte,Ville-Marie,Ville-Marie,2021-02-18T12:51:46,-73.56076496716022,45.49928704231794
21-35419,Plainte,Le Plateau-Mont-Royal,Le Plateau-Mont-Royal,2021-02-18T12:17:40,-73.575296742,45.532179906
21-35436,Plainte,Côte-des-Neiges - Notre-Dame-de-Grâce,Côte-des-Neiges-Notre-Dame-de-Grâce,2021-02-18T12:28:01,-73.6041310975471,45.47594564985165
21-35459,Plainte,Villeray-Saint-Michel - Parc-Extension,Villeray-Saint-Michel-Parc-Extension,2021-02-18T12:47:09,-73.62475354113015,45.52992252243281
21-35561,Plainte,LaSalle,LaSalle,2021-02-18T13:55:40,-73.61475948763655,45.418699490894745
21-35490,Plainte,Ville-Marie,Ville-Marie,2021-02-18T13:07:21,-73.557462584,45.533328439
21-35548,Plainte,Anjou,Anjou,2021-02-18T13:47:17,-73.55935129755639,45.59481817153594
21-35496,Plainte,Villeray-Saint-Michel - Parc-Extension,Villeray-Saint-Michel-Parc-Extension,2021-02-18T13:12:41,-73.61080835911115,45.5491765657
21-35634,Plainte,Ahuntsic - Cartierville,Ahuntsic-Cartierville,2021-02-18T14:32:35,-73.67787931277793,45.54990903492576
21-35591,Plainte,Le Plateau-Mont-Royal,Le Plateau-Mont-Royal,2021-02-18T14:10:37,-73.59079570565522,45.525330312167895
21-35618,Plainte,Saint-Léonard,Saint-Léonard,2021-02-18T14:23:46,-73.58339959759901,45.59484504994394
21-35744,Plainte,Rivière-des-Prairies - Pointe-aux-Trembles,Rivière-des-Prairies-Pointe-aux-Trembles,2021-02-18T15:29:35,-73.61778979770378,45.62773719786932
21-35689,Plainte,Rosemont - La Petite-Patrie,Rosemont-La Petite-Patrie,2021-02-18T14:59:09,-73.599051528,45.55059026
21-35731,Plainte,Le Sud-Ouest,Le Sud-Ouest,2021-02-18T15:20:51,-73.58375166202762,45.45649346072104
21-35734,Plainte,Ville-Marie,Ville-Marie,2021-02-18T15:23:41,-73.561885017,45.523197297
21-3575,Plainte,Ahuntsic - Cartierville,Ahuntsic-Cartierville,2021-01-06T13:31:11,-73.66032376975924,45.565208023813234
21-35861,Plainte,Le Plateau-Mont-Royal,Le Plateau-Mont-Royal,2021-02-18T16:46:45,-73.56641513677593,45.533744349100665
21-35798,Plainte,Villeray-Saint-Michel - Parc-Extension,Villeray-Saint-Michel-Parc-Extension,2021-02-18T15:58:57,-73.62446596,45.538285552
21-35809,Plainte,Saint-Léonard,Saint-Léonard,2021-02-18T16:05:40,-73.59555832652754,45.59235195583665
21-35885,Plainte,Mercier - Hochelaga-Maisonneuve,Mercier-Hochelaga-Maisonneuve,2021-02-18T17:17:10,-73.51784529401054,45.60960170056955
21-35856,Plainte,Ville-Marie,Ville-Marie,2021-02-18T16:44:12,-73.55841665366087,45.52000185395372
21-35875,Plainte,Saint-Léonard,Saint-Léonard,2021-02-18T16:58:33,-73.59772418124294,45.58179855807565
21-35880,Plainte,Rivière-des-Prairies - Pointe-aux-Trembles,Rivière-des-Prairies-Pointe-aux-Trembles,2021-02-18T17:04:22,-73.56310540408356,45.66105663037232
21-35887,Plainte,Rivière-des-Prairies - Pointe-aux-Trembles,Rivière-des-Prairies-Pointe-aux-Trembles,2021-02-18T17:20:19,-73.57760486590797,45.64427109734165
21-35916,Plainte,Mercier - Hochelaga-Maisonneuve,Mercier-Hochelaga-Maisonneuve,2021-02-18T18:07:27,-73.53228778711069,45.58223922249171
21-35911,Plainte,Anjou,Anjou,2021-02-18T17:55:48,-73.54183319471295,45.60734047967138
21-35975,Plainte,Mercier - Hochelaga-Maisonneuve,Mercier-Hochelaga-Maisonneuve,2021-02-18T19:45:29,-73.518810032,45.605302688
21-35932,Plainte,Rosemont - La Petite-Patrie,Rosemont-La Petite-Patrie,2021-02-18T18:32:22,-73.57287243612859,45.56342646154348
21-35956,Plainte,Mercier - Hochelaga-Maisonneuve,Mercier-Hochelaga-Maisonneuve,2021-02-18T19:11:01,-73.51387128989928,45.60470783011495
21-35977,Plainte,Rivière-des-Prairies - Pointe-aux-Trembles,Rivière-des-Prairies-Pointe-aux-Trembles,2021-02-18T19:50:47,-73.49830494103797,45.63907509431955
21-35978,Plainte,Villeray-Saint-Michel - Parc-Extension,Villeray-Saint-Michel-Parc-Extension,2021-02-18T19:52:41,-73.62333591408417,45.54363971139138
21-35996,Plainte,Le Sud-Ouest,Le Sud-Ouest,2021-02-18T20:54:08,-73.593859111,45.467211341
21-36173,Plainte,Rosemont - La Petite-Patrie,Rosemont-La Petite-Patrie,2021-02-19T09:19:34,-73.56146210720067,45.55032598614752
21-36127,Plainte,Le Plateau-Mont-Royal,Le Plateau-Mont-Royal,2021-02-19T08:58:17,-73.56934508770482,45.53281678693749
21-36138,Plainte,Rosemont - La Petite-Patrie,Rosemont-La Petite-Patrie,2021-02-19T09:04:52,-73.61324392078396,45.535482074677
21-36215,Plainte,Saint-Léonard,Saint-Léonard,2021-02-19T09:42:00,-73.58010541462568,45.58051662972155
21-36181,Plainte,Le Plateau-Mont-Royal,Le Plateau-Mont-Royal,2021-02-19T09:24:19,-73.56359524569264,45.53189475134297
21-36185,Plainte,Pierrefonds - Roxboro,Pierrefonds-Roxboro,2021-02-19T09:25:30,-73.83307853155719,45.50574409735343
21-36264,Plainte,Le Plateau-Mont-Royal,Le Plateau-Mont-Royal,2021-02-19T10:09:05,-73.59079570565522,45.525330312167895
21-3639,Plainte,Rosemont - La Petite-Patrie,Rosemont-La Petite-Patrie,2021-01-06T14:03:25,-73.59150454001403,45.537256291091296
21-36362,Plainte,Montréal-Nord,Montréal-Nord,2021-02-19T11:04:42,-73.60820716876314,45.61155835294309
21-36316,Plainte,Saint-Léonard,Saint-Léonard,2021-02-19T10:40:03,-73.57427577447818,45.59097526966882
21-36394,Plainte,Villeray-Saint-Michel - Parc-Extension,Villeray-Saint-Michel-Parc-Extension,2021-02-19T11:25:20,-73.599628098,45.559779537
21-36406,Plainte,Ville-Marie,Ville-Marie,2021-02-19T11:32:04,-73.56229863506758,45.52340498864464
21-36454,Plainte,Villeray-Saint-Michel - Parc-Extension,Villeray-Saint-Michel-Parc-Extension,2021-02-19T12:00:22,-73.63739484997106,45.537866684251206
21-36435,Plainte,LaSalle,LaSalle,2021-02-19T11:50:44,-73.61056583,45.430023034
21-36489,Plainte,Le Plateau-Mont-Royal,Le Plateau-Mont-Royal,2021-02-19T12:42:08,-73.59079570565522,45.525330312167895
21-36459,Plainte,Villeray-Saint-Michel - Parc-Extension,Villeray-Saint-Michel-Parc-Extension,2021-02-19T12:04:18,-73.62806341045963,45.53835846168871
21-36573,Plainte,Ville-Marie,Ville-Marie,2021-02-19T13:37:51,-73.55496131907664,45.50220048599741
21-36556,Plainte,Le Plateau-Mont-Royal,Le Plateau-Mont-Royal,2021-02-19T13:27:23,-73.576815078,45.538891875
21-3681,Plainte,Côte-des-Neiges - Notre-Dame-de-Grâce,Côte-des-Neiges-Notre-Dame-de-Grâce,2021-01-06T14:21:12,-73.64807580050585,45.50146591547518
21-36692,Plainte,Pierrefonds - Roxboro,Pierrefonds-Roxboro,2021-02-19T15:14:32,-73.90866650559155,45.45889142498996
21-36812,Plainte,Rivière-des-Prairies - Pointe-aux-Trembles,Rivière-des-Prairies-Pointe-aux-Trembles,2021-02-19T17:25:31,-73.57025549637675,45.65450599400828
21-36858,Plainte,Le Plateau-Mont-Royal,Le Plateau-Mont-Royal,2021-02-19T20:03:01,-73.573317601,45.518450101
21-3684,Plainte,Saint-Léonard,Saint-Léonard,2021-01-06T14:22:46,-73.58336660560126,45.57968813405224
21-36963,Plainte,Saint-Léonard,Saint-Léonard,2021-02-20T10:15:41,-73.569051398,45.581697597
21-36959,Plainte,Lachine,Lachine,2021-02-20T10:08:55,-73.669443874,45.44499118
21-36949,Plainte,Villeray-Saint-Michel - Parc-Extension,Villeray-Saint-Michel-Parc-Extension,2021-02-20T09:40:24,-73.62765387938684,45.542146667768606
21-36942,Plainte,Villeray-Saint-Michel - Parc-Extension,Villeray-Saint-Michel-Parc-Extension,2021-02-20T09:16:25,-73.64080204000932,45.53886065038997
21-36987,Plainte,Le Sud-Ouest,Le Sud-Ouest,2021-02-20T11:19:55,-73.59483559747962,45.47054540670521
21-37101,Plainte,Montréal-Nord,Montréal-Nord,2021-02-20T15:31:01,-73.63172945678045,45.59915701308987
21-37023,Plainte,Le Plateau-Mont-Royal,Le Plateau-Mont-Royal,2021-02-20T12:20:10,-73.5666360706193,45.5377922933172
21-37025,Plainte,Rosemont - La Petite-Patrie,Rosemont-La Petite-Patrie,2021-02-20T12:25:35,-73.60005055178418,45.549537307980266
21-37080,Plainte,Ville-Marie,Ville-Marie,2021-02-20T14:42:33,-73.56411484099532,45.52732813826956
21-37043,Plainte,Montréal-Nord,Montréal-Nord,2021-02-20T13:15:04,-73.621293613,45.623151699
21-37085,Plainte,Côte-des-Neiges - Notre-Dame-de-Grâce,Côte-des-Neiges-Notre-Dame-de-Grâce,2021-02-20T14:51:25,-73.65115805,45.493930431
21-37156,Plainte,Ahuntsic - Cartierville,Ahuntsic-Cartierville,2021-02-21T08:07:44,-73.679801568,45.54823378
21-37185,Plainte,Rosemont - La Petite-Patrie,Rosemont-La Petite-Patrie,2021-02-21T10:00:59,-73.571697232,45.566305415
21-37304,Plainte,Rosemont - La Petite-Patrie,Rosemont-La Petite-Patrie,2021-02-21T16:30:38,-73.56209817782425,45.56780557504276
21-37190,Plainte,Villeray-Saint-Michel - Parc-Extension,Villeray-Saint-Michel-Parc-Extension,2021-02-21T10:18:48,-73.61867743344301,45.55139497153013
21-37240,Plainte,Ville-Marie,Ville-Marie,2021-02-21T12:52:41,-73.55018095355015,45.53156726314122
21-3738,Plainte,Anjou,Anjou,2021-01-06T14:48:31,-73.55053225894116,45.591652696533295
21-37495,Plainte,Le Plateau-Mont-Royal,Le Plateau-Mont-Royal,2021-02-22T09:34:36,-73.59446697737454,45.52414155109386
21-37396,Plainte,Côte-des-Neiges - Notre-Dame-de-Grâce,Côte-des-Neiges-Notre-Dame-de-Grâce,2021-02-22T08:40:37,-73.6209440074788,45.49574338117296
21-3742,Plainte,Anjou,Anjou,2021-01-06T14:49:53,-73.55053225894116,45.591652696533295
21-37634,Plainte,Ahuntsic - Cartierville,Ahuntsic-Cartierville,2021-02-22T10:48:14,-73.67573394622232,45.54556746767029
21-3768,Plainte,Rosemont - La Petite-Patrie,Rosemont-La Petite-Patrie,2021-01-06T15:05:21,-73.5556487287088,45.551218115583374
21-3770,Plainte,Rivière-des-Prairies - Pointe-aux-Trembles,Rivière-des-Prairies-Pointe-aux-Trembles,2021-01-06T15:07:08,-73.56936294343384,45.64984341872264
21-37697,Plainte,Le Plateau-Mont-Royal,Le Plateau-Mont-Royal,2021-02-22T11:22:01,-73.58108229683225,45.53344812131923
21-37701,Plainte,Le Plateau-Mont-Royal,Le Plateau-Mont-Royal,2021-02-22T11:24:38,-73.58108229683225,45.53344812131923
21-37688,Plainte,Saint-Léonard,Saint-Léonard,2021-02-22T11:17:07,-73.57959037630734,45.57498871718488
21-37745,Plainte,Rosemont - La Petite-Patrie,Rosemont-La Petite-Patrie,2021-02-22T11:45:56,-73.6014746347324,45.54326828489923
21-37709,Plainte,Le Plateau-Mont-Royal,Le Plateau-Mont-Royal,2021-02-22T11:28:44,-73.56708785782914,45.52990276228781
21-37837,Plainte,Ahuntsic - Cartierville,Ahuntsic-Cartierville,2021-02-22T13:18:31,-73.69094948242216,45.54453320331192
21-37775,Plainte,Ahuntsic - Cartierville,Ahuntsic-Cartierville,2021-02-22T12:22:54,-73.70395879197231,45.52784916710474
21-37870,Plainte,Le Plateau-Mont-Royal,Le Plateau-Mont-Royal,2021-02-22T13:36:32,-73.575200236,45.528734523
21-37846,Plainte,Ville-Marie,Ville-Marie,2021-02-22T13:23:28,-73.555269123,45.498308213
21-3788,Plainte,Le Plateau-Mont-Royal,Le Plateau-Mont-Royal,2021-01-06T15:18:45,-73.570537497,45.520777391
21-37872,Plainte,Saint-Léonard,Saint-Léonard,2021-02-22T13:38:16,-73.59773083870645,45.58428894016698
21-37930,Plainte,Outremont,Outremont,2021-02-22T14:25:46,-73.61002085554908,45.51439318252675
21-37897,Plainte,Montréal-Nord,Montréal-Nord,2021-02-22T14:02:12,-73.64858857608607,45.58766129216012
21-37924,Plainte,Le Plateau-Mont-Royal,Le Plateau-Mont-Royal,2021-02-22T14:20:24,-73.58043517189802,45.52424925757177
21-37976,Plainte,Verdun,Verdun,2021-02-22T14:51:09,-73.56877145664416,45.454695676811895
21-37977,Plainte,Ahuntsic - Cartierville,Ahuntsic-Cartierville,2021-02-22T14:51:23,-73.63793988416374,45.55087449260839
21-38161,Plainte,Villeray-Saint-Michel - Parc-Extension,Villeray-Saint-Michel-Parc-Extension,2021-02-22T19:26:32,-73.6316148053282,45.52893519903352
21-38031,Plainte,Anjou,Anjou,2021-02-22T15:28:50,-73.55715216157726,45.60790870751456
21-38063,Plainte,Anjou,Anjou,2021-02-22T15:54:08,-73.55632638285641,45.60953673128523
21-38064,Plainte,Côte-des-Neiges - Notre-Dame-de-Grâce,Côte-des-Neiges-Notre-Dame-de-Grâce,2021-02-22T15:54:16,-73.618820311,45.503301294
21-38308,Plainte,Saint-Léonard,Saint-Léonard,2021-02-23T09:15:37,-73.58167200333354,45.58605994766626
21-38319,Plainte,L'Île-Bizard - Sainte-Geneviève,L'Île-Bizard-Sainte-Geneviève,2021-02-23T09:23:57,-73.8725033933138,45.48611258972064
21-38170,Plainte,Villeray-Saint-Michel - Parc-Extension,Villeray-Saint-Michel-Parc-Extension,2021-02-22T19:53:29,-73.6127261021684,45.54572669092117
21-38354,Plainte,Rosemont - La Petite-Patrie,Rosemont-La Petite-Patrie,2021-02-23T09:45:30,-73.59989531726647,45.53962989571313
21-38571,Plainte,Ahuntsic - Cartierville,Ahuntsic-Cartierville,2021-02-23T11:49:42,-73.6979833533888,45.54056120187501
21-38386,Plainte,Rosemont - La Petite-Patrie,Rosemont-La Petite-Patrie,2021-02-23T10:02:22,-73.585495087,45.553209059
21-38465,Plainte,Côte-des-Neiges - Notre-Dame-de-Grâce,Côte-des-Neiges-Notre-Dame-de-Grâce,2021-02-23T10:47:32,-73.61180216411236,45.47464361041863
21-38646,Plainte,Pierrefonds - Roxboro,Pierrefonds-Roxboro,2021-02-23T12:56:29,-73.88546271143053,45.46006067685776
21-38744,Plainte,Côte-des-Neiges - Notre-Dame-de-Grâce,Côte-des-Neiges-Notre-Dame-de-Grâce,2021-02-23T14:04:54,-73.62835744734555,45.469506395569866
21-38679,Plainte,Côte-des-Neiges - Notre-Dame-de-Grâce,Côte-des-Neiges-Notre-Dame-de-Grâce,2021-02-23T13:18:24,-73.61980368470596,45.472283177012
21-38701,Plainte,Saint-Laurent,Saint-Laurent,2021-02-23T13:32:31,-73.68119150452752,45.50941871783152
21-38683,Plainte,Mercier - Hochelaga-Maisonneuve,Mercier-Hochelaga-Maisonneuve,2021-02-23T13:21:35,-73.54006550385735,45.54706875406332
21-38865,Plainte,Rosemont - La Petite-Patrie,Rosemont-La Petite-Patrie,2021-02-23T15:19:30,-73.57141737766045,45.55704975899747
21-38766,Plainte,Verdun,Verdun,2021-02-23T14:21:05,-73.5655696932502,45.45718204731777
21-38859,Plainte,LaSalle,LaSalle,2021-02-23T15:14:53,-73.64866760711196,45.42029636018579
21-3915,Plainte,Le Plateau-Mont-Royal,Le Plateau-Mont-Royal,2021-01-06T16:47:43,-73.57224872852404,45.52845316848988
21-38981,Plainte,Saint-Laurent,Saint-Laurent,2021-02-23T17:12:04,-73.70793430382054,45.5124516317953
21-39103,Plainte,Rosemont - La Petite-Patrie,Rosemont-La Petite-Patrie,2021-02-24T07:45:53,-73.59234836458646,45.53432339457105
21-39167,Plainte,Ahuntsic - Cartierville,Ahuntsic-Cartierville,2021-02-24T08:52:25,-73.72647534302038,45.53149957431477
21-39410,Plainte,Rivière-des-Prairies - Pointe-aux-Trembles,Rivière-des-Prairies-Pointe-aux-Trembles,2021-02-24T11:10:37,-73.50071999625065,45.64677494707031
21-39254,Plainte,Le Sud-Ouest,Le Sud-Ouest,2021-02-24T09:35:16,-73.57889803172745,45.48678065629318
21-39301,Plainte,LaSalle,LaSalle,2021-02-24T10:04:31,-73.5958756907314,45.4319140602875
21-39324,Plainte,Côte-des-Neiges - Notre-Dame-de-Grâce,Côte-des-Neiges-Notre-Dame-de-Grâce,2021-02-24T10:17:55,-73.63731743668627,45.4970446445754
21-39272,Plainte,Villeray-Saint-Michel - Parc-Extension,Villeray-Saint-Michel-Parc-Extension,2021-02-24T09:45:55,-73.62352946070932,45.52819581397413
21-39434,Plainte,Le Plateau-Mont-Royal,Le Plateau-Mont-Royal,2021-02-24T11:27:47,-73.58304093093379,45.53817471541547
21-39436,Plainte,Le Plateau-Mont-Royal,Le Plateau-Mont-Royal,2021-02-24T11:29:05,-73.58304093093379,45.53817471541547
21-39550,Plainte,Le Plateau-Mont-Royal,Le Plateau-Mont-Royal,2021-02-24T13:08:54,-73.59079570565522,45.525330312167895
21-39886,Plainte,Mercier - Hochelaga-Maisonneuve,Mercier-Hochelaga-Maisonneuve,2021-02-24T18:05:54,-73.54292010383938,45.53968876350941
21-39709,Plainte,Montréal-Nord,Montréal-Nord,2021-02-24T14:53:16,-73.62513023200817,45.59732262885265
21-39849,Plainte,Le Plateau-Mont-Royal,Le Plateau-Mont-Royal,2021-02-24T17:08:52,-73.58339217410618,45.52989937118461
21-39923,Plainte,Le Sud-Ouest,Le Sud-Ouest,2021-02-24T19:29:15,-73.58766330799541,45.47473817963465
21-3996,Plainte,Rosemont - La Petite-Patrie,Rosemont-La Petite-Patrie,2021-01-06T20:21:49,-73.58920457907924,45.557219662332365
21-39915,Plainte,Le Sud-Ouest,Le Sud-Ouest,2021-02-24T19:00:43,-73.58766330799541,45.47473817963465
21-39952,Plainte,Côte-des-Neiges - Notre-Dame-de-Grâce,Côte-des-Neiges-Notre-Dame-de-Grâce,2021-02-24T22:20:53,-73.64643215035082,45.494998099170665
21-39963,Plainte,Ville-Marie,Ville-Marie,2021-02-25T00:20:41,-73.560336738,45.519608951
21-40090,Plainte,Mercier - Hochelaga-Maisonneuve,Mercier-Hochelaga-Maisonneuve,2021-02-25T08:38:29,-73.52233698086751,45.5908516590542
21-40158,Plainte,Le Plateau-Mont-Royal,Le Plateau-Mont-Royal,2021-02-25T08:59:29,-73.58313023241163,45.52657787789146
21-402,Plainte,Ahuntsic - Cartierville,Ahuntsic-Cartierville,2021-01-02T13:35:18,-73.65761760106038,45.55129428989165
21-40295,Plainte,Ville-Marie,Ville-Marie,2021-02-25T09:58:12,-73.5546330947461,45.51825106826546
21-40214,Plainte,Saint-Léonard,Saint-Léonard,2021-02-25T09:21:36,-73.57939341878668,45.57980064801013
21-40252,Plainte,Ville-Marie,Ville-Marie,2021-02-25T09:39:39,-73.56221682390971,45.5191727597441
21-40341,Plainte,Rivière-des-Prairies - Pointe-aux-Trembles,Rivière-des-Prairies-Pointe-aux-Trembles,2021-02-25T10:19:09,-73.5142720978835,45.66392535595333
21-40300,Plainte,Anjou,Anjou,2021-02-25T10:00:14,-73.54746148464423,45.613745411873325
21-40406,Plainte,Rivière-des-Prairies - Pointe-aux-Trembles,Rivière-des-Prairies-Pointe-aux-Trembles,2021-02-25T10:56:26,-73.56006681699687,45.655239902835774
21-40400,Plainte,Lachine,Lachine,2021-02-25T10:53:26,-73.66670779196002,45.442785341687845
21-40393,Plainte,LaSalle,LaSalle,2021-02-25T10:50:09,-73.6604937934585,45.42887352016884
21-40454,Plainte,Le Sud-Ouest,Le Sud-Ouest,2021-02-25T11:20:40,-73.583308835,45.474736881
21-40414,Plainte,LaSalle,LaSalle,2021-02-25T11:02:16,-73.637339051,45.416816089
21-40458,Plainte,Côte-des-Neiges - Notre-Dame-de-Grâce,Côte-des-Neiges-Notre-Dame-de-Grâce,2021-02-25T11:23:52,-73.64791936834752,45.48801607190514
21-40519,Plainte,Montréal-Nord,Montréal-Nord,2021-02-25T11:58:13,-73.60899456839364,45.61286333751124
21-40469,Plainte,Rosemont - La Petite-Patrie,Rosemont-La Petite-Patrie,2021-02-25T11:27:56,-73.58127928364114,45.54835328142044
21-40662,Plainte,Saint-Laurent,Saint-Laurent,2021-02-25T13:26:51,-73.6772638961556,45.50137134414873
21-4060,Plainte,Le Plateau-Mont-Royal,Le Plateau-Mont-Royal,2021-01-07T08:43:19,-73.576030018,45.524131449
21-40609,Plainte,Le Plateau-Mont-Royal,Le Plateau-Mont-Royal,2021-02-25T12:56:34,-73.577265703,45.522802177
21-40624,Plainte,Lachine,Lachine,2021-02-25T13:07:22,-73.702183436,45.454291195
21-40626,Plainte,Anjou,Anjou,2021-02-25T13:08:00,-73.55686678447192,45.60377601948154
21-40758,Plainte,Ville-Marie,Ville-Marie,2021-02-25T14:38:53,-73.58298466925699,45.49515704027802
21-40743,Plainte,Rivière-des-Prairies - Pointe-aux-Trembles,Rivière-des-Prairies-Pointe-aux-Trembles,2021-02-25T14:26:50,-73.502707354,45.650492834
21-40698,Plainte,Mercier - Hochelaga-Maisonneuve,Mercier-Hochelaga-Maisonneuve,2021-02-25T13:54:20,-73.54478895756695,45.55411175408752
21-40759,Plainte,Saint-Léonard,Saint-Léonard,2021-02-25T14:38:58,-73.61779955856619,45.596214881687416
21-40935,Plainte,Outremont,Outremont,2021-02-25T16:54:26,-73.61108958313424,45.514095792113366
21-40765,Plainte,Le Plateau-Mont-Royal,Le Plateau-Mont-Royal,2021-02-25T14:43:01,-73.579992187,45.519824691
21-40817,Plainte,Rosemont - La Petite-Patrie,Rosemont-La Petite-Patrie,2021-02-25T15:22:18,-73.6014746347324,45.54326828489923
21-40877,Plainte,Ahuntsic - Cartierville,Ahuntsic-Cartierville,2021-02-25T16:06:29,-73.66941434201641,45.560675633099386
21-41035,Plainte,Ahuntsic - Cartierville,Ahuntsic-Cartierville,2021-02-25T20:14:01,-73.64851715724922,45.55988958212142
21-40987,Plainte,Mercier - Hochelaga-Maisonneuve,Mercier-Hochelaga-Maisonneuve,2021-02-25T18:08:41,-73.55713464772165,45.58292118101052
21-41020,Plainte,Saint-Léonard,Saint-Léonard,2021-02-25T19:16:15,-73.60424922141827,45.58624118990176
21-41167,Plainte,Montréal-Nord,Montréal-Nord,2021-02-26T09:12:56,-73.63462957882624,45.59529542245545
21-41135,Plainte,Pierrefonds - Roxboro,Pierrefonds-Roxboro,2021-02-26T08:56:45,-73.87311223824739,45.458706752230135
21-41241,Plainte,Ahuntsic - Cartierville,Ahuntsic-Cartierville,2021-02-26T09:56:21,-73.649518296,45.553221218
21-41209,Plainte,Verdun,Verdun,2021-02-26T09:33:42,-73.56933492693763,45.46110658825476
21-41231,Plainte,Montréal-Nord,Montréal-Nord,2021-02-26T09:51:21,-73.62334633941926,45.61899567804814
21-41179,Plainte,L'Île-Bizard - Sainte-Geneviève,L'Île-Bizard-Sainte-Geneviève,2021-02-26T09:19:11,-73.89643557600098,45.47777778834714
21-41312,Plainte,Côte-des-Neiges - Notre-Dame-de-Grâce,Côte-des-Neiges-Notre-Dame-de-Grâce,2021-02-26T10:32:05,-73.64461147439143,45.49188438465164
21-41250,Plainte,Saint-Léonard,Saint-Léonard,2021-02-26T10:00:50,-73.59265657032438,45.59378684867449
21-41279,Plainte,Saint-Léonard,Saint-Léonard,2021-02-26T10:15:08,-73.60753141548813,45.584421605438536
21-41300,Plainte,Côte-des-Neiges - Notre-Dame-de-Grâce,Côte-des-Neiges-Notre-Dame-de-Grâce,2021-02-26T10:25:37,-73.63298234204515,45.50866200559696
21-41359,Plainte,Rivière-des-Prairies - Pointe-aux-Trembles,Rivière-des-Prairies-Pointe-aux-Trembles,2021-02-26T10:52:23,-73.59988866787361,45.624393156627285
21-41323,Plainte,Mercier - Hochelaga-Maisonneuve,Mercier-Hochelaga-Maisonneuve,2021-02-26T10:38:05,-73.54173117411226,45.58502379910373
21-41499,Plainte,Rivière-des-Prairies - Pointe-aux-Trembles,Rivière-des-Prairies-Pointe-aux-Trembles,2021-02-26T12:28:44,-73.5113200989953,45.643061184306326
21-41465,Plainte,Côte-des-Neiges - Notre-Dame-de-Grâce,Côte-des-Neiges-Notre-Dame-de-Grâce,2021-02-26T11:59:47,-73.62306046119575,45.4986139961192
21-41466,Plainte,Ahuntsic - Cartierville,Ahuntsic-Cartierville,2021-02-26T11:59:54,-73.65502918627324,45.537893874954776
21-41459,Plainte,Côte-des-Neiges - Notre-Dame-de-Grâce,Côte-des-Neiges-Notre-Dame-de-Grâce,2021-02-26T11:55:56,-73.63259463067212,45.46020177696519
21-41657,Plainte,Rosemont - La Petite-Patrie,Rosemont-La Petite-Patrie,2021-02-26T14:26:22,-73.56412509677465,45.5577002300354
21-41529,Plainte,Rosemont - La Petite-Patrie,Rosemont-La Petite-Patrie,2021-02-26T12:59:10,-73.58299981879101,45.54551842904439
21-41605,Plainte,Ahuntsic - Cartierville,Ahuntsic-Cartierville,2021-02-26T13:46:34,-73.67147007020348,45.53760451059256
21-41759,Plainte,Le Plateau-Mont-Royal,Le Plateau-Mont-Royal,2021-02-26T15:56:42,-73.58600440821964,45.525084148968986
21-41748,Plainte,L'Île-Bizard - Sainte-Geneviève,L'Île-Bizard-Sainte-Geneviève,2021-02-26T15:45:19,-73.873160605,45.498714768
21-41649,Plainte,L'Île-Bizard - Sainte-Geneviève,L'Île-Bizard-Sainte-Geneviève,2021-02-26T14:20:12,-73.86701194659479,45.48373711908581
21-41671,Plainte,Villeray-Saint-Michel - Parc-Extension,Villeray-Saint-Michel-Parc-Extension,2021-02-26T14:38:52,-73.61415555177595,45.54114555405857
21-41767,Plainte,Rivière-des-Prairies - Pointe-aux-Trembles,Rivière-des-Prairies-Pointe-aux-Trembles,2021-02-26T16:02:54,-73.50100068382066,45.67468456172352
21-41768,Plainte,Villeray-Saint-Michel - Parc-Extension,Villeray-Saint-Michel-Parc-Extension,2021-02-26T16:04:06,-73.61768635737342,45.55471101520732
21-4177,Plainte,Ahuntsic - Cartierville,Ahuntsic-Cartierville,2021-01-07T09:53:22,-73.69781067141292,45.54152187879959
21-4176,Plainte,Villeray-Saint-Michel - Parc-Extension,Villeray-Saint-Michel-Parc-Extension,2021-01-07T09:52:08,-73.60577912349487,45.561116860137176
21-41832,Plainte,Mercier - Hochelaga-Maisonneuve,Mercier-Hochelaga-Maisonneuve,2021-02-26T17:47:12,-73.54631220709493,45.57970657437104
21-41957,Plainte,Outremont,Outremont,2021-02-27T10:17:30,-73.61082676079575,45.51851236290241
21-41859,Plainte,Rivière-des-Prairies - Pointe-aux-Trembles,Rivière-des-Prairies-Pointe-aux-Trembles,2021-02-26T19:37:50,-73.59697848149139,45.63148907682768
21-41938,Plainte,Montréal-Nord,Montréal-Nord,2021-02-27T09:50:03,-73.619903632,45.61795183
21-41923,Plainte,LaSalle,LaSalle,2021-02-27T09:28:58,-73.60689350516589,45.43759133124588
21-41924,Plainte,Rosemont - La Petite-Patrie,Rosemont-La Petite-Patrie,2021-02-27T09:29:37,-73.56526438707856,45.55315267005503
21-42010,Plainte,Verdun,Verdun,2021-02-27T11:58:39,-73.58281793826522,45.43766999463482
21-41963,Plainte,Rivière-des-Prairies - Pointe-aux-Trembles,Rivière-des-Prairies-Pointe-aux-Trembles,2021-02-27T10:20:48,-73.59364824941231,45.64026369649768
21-42019,Plainte,Mercier - Hochelaga-Maisonneuve,Mercier-Hochelaga-Maisonneuve,2021-02-27T12:18:24,-73.53082028052444,45.60748702664905
21-41984,Plainte,Montréal-Nord,Montréal-Nord,2021-02-27T11:04:15,-73.636203543,45.579554584
21-41994,Plainte,Côte-des-Neiges - Notre-Dame-de-Grâce,Côte-des-Neiges-Notre-Dame-de-Grâce,2021-02-27T11:27:41,-73.64461147439143,45.49188438465164
21-42020,Plainte,Anjou,Anjou,2021-02-27T12:18:41,-73.56180640912443,45.60790397988469
21-42069,Plainte,Le Plateau-Mont-Royal,Le Plateau-Mont-Royal,2021-02-27T13:27:12,-73.57805186716985,45.525680112424936
21-42071,Plainte,Rivière-des-Prairies - Pointe-aux-Trembles,Rivière-des-Prairies-Pointe-aux-Trembles,2021-02-27T13:30:54,-73.60915191915011,45.63349820583919
21-42090,Plainte,Rosemont - La Petite-Patrie,Rosemont-La Petite-Patrie,2021-02-27T14:16:06,-73.57262079054063,45.54871366870065
21-42094,Plainte,Ville-Marie,Ville-Marie,2021-02-27T14:26:30,-73.584314228,45.492702065
21-42105,Plainte,Montréal-Nord,Montréal-Nord,2021-02-27T14:56:21,-73.62137479118533,45.618865441463264
21-42123,Plainte,Rosemont - La Petite-Patrie,Rosemont-La Petite-Patrie,2021-02-27T15:31:03,-73.556441606,45.552248096
21-42109,Plainte,Ville-Marie,Ville-Marie,2021-02-27T15:03:14,-73.56014933557886,45.51982100375451
21-42110,Plainte,Mercier - Hochelaga-Maisonneuve,Mercier-Hochelaga-Maisonneuve,2021-02-27T15:05:46,-73.54151285473911,45.585683232018006
21-42423,Plainte,Le Sud-Ouest,Le Sud-Ouest,2021-02-28T13:56:09,-73.58351260686807,45.4822605249263
21-42382,Plainte,Anjou,Anjou,2021-02-28T12:40:54,-73.53631509336641,45.60302671000413
21-42388,Plainte,Rivière-des-Prairies - Pointe-aux-Trembles,Rivière-des-Prairies-Pointe-aux-Trembles,2021-02-28T12:51:56,-73.58022303459786,45.65049335426442
21-42343,Plainte,Saint-Léonard,Saint-Léonard,2021-02-28T11:39:53,-73.607825323,45.580562201
21-4254,Plainte,Le Plateau-Mont-Royal,Le Plateau-Mont-Royal,2021-01-07T10:50:56,-73.58615264810526,45.52036066720366
21-42737,Plainte,Ville-Marie,Ville-Marie,2021-03-01T09:11:18,-73.55509772795425,45.52482430263552
21-42553,Plainte,Mercier - Hochelaga-Maisonneuve,Mercier-Hochelaga-Maisonneuve,2021-02-28T21:49:52,-73.54942845719103,45.550356840969634
21-42928,Plainte,Ahuntsic - Cartierville,Ahuntsic-Cartierville,2021-03-01T10:22:35,-73.65502918627324,45.537893874954776
21-43247,Plainte,Mercier - Hochelaga-Maisonneuve,Mercier-Hochelaga-Maisonneuve,2021-03-01T12:31:56,-73.54151285473911,45.585683232018006
21-43127,Plainte,Ahuntsic - Cartierville,Ahuntsic-Cartierville,2021-03-01T11:38:51,-73.7124480921766,45.527306477456776
21-43367,Plainte,Ville-Marie,Ville-Marie,2021-03-01T13:32:51,-73.55816056201735,45.52625324369279
21-43334,Plainte,Côte-des-Neiges - Notre-Dame-de-Grâce,Côte-des-Neiges-Notre-Dame-de-Grâce,2021-03-01T13:17:01,-73.6490636854551,45.46033572825696
21-43943,Plainte,Rosemont - La Petite-Patrie,Rosemont-La Petite-Patrie,2021-03-01T18:20:59,-73.5916551975472,45.54613415969272
21-43384,Plainte,Ahuntsic - Cartierville,Ahuntsic-Cartierville,2021-03-01T13:39:18,-73.66221034416402,45.56170662140056
21-43524,Plainte,Rosemont - La Petite-Patrie,Rosemont-La Petite-Patrie,2021-03-01T14:40:58,-73.61021650884368,45.52976517600904
21-43766,Plainte,Lachine,Lachine,2021-03-01T16:26:39,-73.66758257084135,45.43914960290117
21-43827,Plainte,Ville-Marie,Ville-Marie,2021-03-01T16:58:10,-73.54862105092322,45.52666060332298
21-43878,Plainte,Le Plateau-Mont-Royal,Le Plateau-Mont-Royal,2021-03-01T17:28:17,-73.57824302082743,45.53165894731703
21-43418,Plainte,Ville-Marie,Ville-Marie,2021-03-01T13:57:01,-73.55294323083581,45.5096098128011
21-43485,Plainte,LaSalle,LaSalle,2021-03-01T14:28:27,-73.6274771358229,45.42592374970264
21-43611,Plainte,Anjou,Anjou,2021-03-01T15:13:43,-73.57605232750153,45.60562649071137
21-43635,Plainte,Pierrefonds - Roxboro,Pierrefonds-Roxboro,2021-03-01T15:26:48,-73.839981754,45.512423377
21-43659,Plainte,Anjou,Anjou,2021-03-01T15:34:36,-73.573480904,45.611180289
21-43842,Plainte,Le Sud-Ouest,Le Sud-Ouest,2021-03-01T17:05:22,-73.58351260686807,45.4822605249263
21-43843,Plainte,Le Plateau-Mont-Royal,Le Plateau-Mont-Royal,2021-03-01T17:05:22,-73.57685698334438,45.52874579998768
21-44046,Plainte,Le Sud-Ouest,Le Sud-Ouest,2021-03-01T20:32:14,-73.59130555400449,45.46203894274733
21-44005,Plainte,Ville-Marie,Ville-Marie,2021-03-01T19:24:47,-73.56014933557886,45.51982100375451
21-44029,Plainte,Ahuntsic - Cartierville,Ahuntsic-Cartierville,2021-03-01T20:05:17,-73.65784154870718,45.5572695514437
21-43992,Plainte,Villeray-Saint-Michel - Parc-Extension,Villeray-Saint-Michel-Parc-Extension,2021-03-01T19:05:06,-73.6252240674231,45.5677153095713
21-44016,Plainte,Mercier - Hochelaga-Maisonneuve,Mercier-Hochelaga-Maisonneuve,2021-03-01T19:46:07,-73.54151285473911,45.585683232018006
21-44035,Plainte,Le Plateau-Mont-Royal,Le Plateau-Mont-Royal,2021-03-01T20:12:34,-73.57188351264192,45.53402101788194
21-44052,Plainte,Le Sud-Ouest,Le Sud-Ouest,2021-03-01T20:36:50,-73.59130555400449,45.46203894274733
21-44193,Plainte,Ahuntsic - Cartierville,Ahuntsic-Cartierville,2021-03-02T08:52:47,-73.64780597012134,45.5652924609451
21-44188,Plainte,Le Plateau-Mont-Royal,Le Plateau-Mont-Royal,2021-03-02T08:51:18,-73.589319715,45.516764376
21-44264,Plainte,Ville-Marie,Ville-Marie,2021-03-02T09:25:41,-73.5575383803009,45.51927087699231
21-44251,Plainte,Côte-des-Neiges - Notre-Dame-de-Grâce,Côte-des-Neiges-Notre-Dame-de-Grâce,2021-03-02T09:20:51,-73.62130019843038,45.488799386649454
21-44230,Plainte,Le Plateau-Mont-Royal,Le Plateau-Mont-Royal,2021-03-02T09:09:10,-73.59915082607088,45.525541908950565
21-44334,Plainte,Le Plateau-Mont-Royal,Le Plateau-Mont-Royal,2021-03-02T09:55:58,-73.5871493695868,45.51924871733429
21-44317,Plainte,Ahuntsic - Cartierville,Ahuntsic-Cartierville,2021-03-02T09:49:38,-73.67732790005086,45.549362983888685
21-44284,Plainte,Ville-Marie,Ville-Marie,2021-03-02T09:36:17,-73.55560662586076,45.52410430916032
21-4434,Plainte,Montréal-Nord,Montréal-Nord,2021-01-07T12:51:35,-73.63736246301657,45.59375802460729
21-44427,Plainte,Mercier - Hochelaga-Maisonneuve,Mercier-Hochelaga-Maisonneuve,2021-03-02T10:36:21,-73.53997560295107,45.57874609491493
21-44429,Plainte,L'Île-Bizard - Sainte-Geneviève,L'Île-Bizard-Sainte-Geneviève,2021-03-02T10:38:08,-73.88020887848295,45.4862146067007
21-44656,Plainte,Ville-Marie,Ville-Marie,2021-03-02T12:43:02,-73.56076496716022,45.49928704231794
21-44468,Plainte,Rivière-des-Prairies - Pointe-aux-Trembles,Rivière-des-Prairies-Pointe-aux-Trembles,2021-03-02T10:55:47,-73.49088738233762,45.65369858689617
21-44554,Plainte,Le Plateau-Mont-Royal,Le Plateau-Mont-Royal,2021-03-02T11:36:55,-73.58221595798399,45.52474560451897
21-44647,Plainte,Le Plateau-Mont-Royal,Le Plateau-Mont-Royal,2021-03-02T12:33:56,-73.578545108,45.525041924
21-44480,Plainte,Rosemont - La Petite-Patrie,Rosemont-La Petite-Patrie,2021-03-02T11:01:31,-73.57298548270903,45.55716357436472
21-44535,Plainte,Le Plateau-Mont-Royal,Le Plateau-Mont-Royal,2021-03-02T11:29:02,-73.58637315812788,45.53674468942628
21-44609,Plainte,Mercier - Hochelaga-Maisonneuve,Mercier-Hochelaga-Maisonneuve,2021-03-02T12:03:53,-73.53364817983491,45.55817011874939
21-44819,Plainte,Le Plateau-Mont-Royal,Le Plateau-Mont-Royal,2021-03-02T14:03:05,-73.599399705,45.525261483
21-44763,Plainte,Rosemont - La Petite-Patrie,Rosemont-La Petite-Patrie,2021-03-02T13:38:56,-73.5562939239251,45.55255813889514
21-44858,Plainte,Le Plateau-Mont-Royal,Le Plateau-Mont-Royal,2021-03-02T14:26:19,-73.57944733346241,45.52842450556109
21-44806,Plainte,Le Plateau-Mont-Royal,Le Plateau-Mont-Royal,2021-03-02T13:59:22,-73.59742130262566,45.52514214523814
21-44835,Plainte,Côte-des-Neiges - Notre-Dame-de-Grâce,Côte-des-Neiges-Notre-Dame-de-Grâce,2021-03-02T14:11:53,-73.63049621,45.479540341
21-44946,Plainte,Villeray-Saint-Michel - Parc-Extension,Villeray-Saint-Michel-Parc-Extension,2021-03-02T15:06:48,-73.61829192147438,45.54259237909488
21-44890,Plainte,Anjou,Anjou,2021-03-02T14:40:21,-73.54312675653577,45.61444519381787
21-44913,Plainte,Mercier - Hochelaga-Maisonneuve,Mercier-Hochelaga-Maisonneuve,2021-03-02T14:48:31,-73.54173117411226,45.58502379910373
21-4494,Plainte,Ville-Marie,Ville-Marie,2021-01-07T13:35:36,-73.56197305775027,45.528035296693766
21-44853,Plainte,Villeray-Saint-Michel - Parc-Extension,Villeray-Saint-Michel-Parc-Extension,2021-03-02T14:22:05,-73.606177193,45.550791262
21-44930,Plainte,LaSalle,LaSalle,2021-03-02T14:59:27,-73.6604937934585,45.42887352016884
21-45029,Plainte,Anjou,Anjou,2021-03-02T15:51:56,-73.575065855,45.609346862
21-44957,Plainte,Villeray-Saint-Michel - Parc-Extension,Villeray-Saint-Michel-Parc-Extension,2021-03-02T15:14:20,-73.61829192147438,45.54259237909488
21-45021,Plainte,Le Sud-Ouest,Le Sud-Ouest,2021-03-02T15:46:40,-73.58588373981902,45.47511267258547
21-4503,Plainte,LaSalle,LaSalle,2021-01-07T13:41:25,-73.62705536819229,45.43487482824555
21-45372,Plainte,Le Sud-Ouest,Le Sud-Ouest,2021-03-03T08:40:04,-73.59371512725002,45.47381979281032
21-45158,Plainte,Villeray-Saint-Michel - Parc-Extension,Villeray-Saint-Michel-Parc-Extension,2021-03-02T17:31:39,-73.59587834723989,45.56157516808068
21-45206,Plainte,Le Plateau-Mont-Royal,Le Plateau-Mont-Royal,2021-03-02T18:28:31,-73.576585577,45.5150222
21-45229,Plainte,Côte-des-Neiges - Notre-Dame-de-Grâce,Côte-des-Neiges-Notre-Dame-de-Grâce,2021-03-02T18:46:34,-73.6450477101076,45.49336760514153
21-45270,Plainte,Rivière-des-Prairies - Pointe-aux-Trembles,Rivière-des-Prairies-Pointe-aux-Trembles,2021-03-02T20:44:00,-73.54715226993669,45.661766097144415
21-45056,Plainte,Côte-des-Neiges - Notre-Dame-de-Grâce,Côte-des-Neiges-Notre-Dame-de-Grâce,2021-03-02T16:12:10,-73.61792695711922,45.46785931187365
21-45198,Plainte,Le Plateau-Mont-Royal,Le Plateau-Mont-Royal,2021-03-02T18:16:22,-73.576585577,45.5150222
21-45233,Plainte,Rivière-des-Prairies - Pointe-aux-Trembles,Rivière-des-Prairies-Pointe-aux-Trembles,2021-03-02T18:48:24,-73.54715226993669,45.661766097144415
21-45254,Plainte,Ahuntsic - Cartierville,Ahuntsic-Cartierville,2021-03-02T19:45:38,-73.68845837458909,45.53649568222136
21-45427,Plainte,Le Plateau-Mont-Royal,Le Plateau-Mont-Royal,2021-03-03T09:09:18,-73.59079570565522,45.525330312167895
21-45390,Plainte,Le Sud-Ouest,Le Sud-Ouest,2021-03-03T08:50:06,-73.60014154030185,45.45758829442417
21-45448,Plainte,Mercier - Hochelaga-Maisonneuve,Mercier-Hochelaga-Maisonneuve,2021-03-03T09:22:43,-73.54387862513717,45.57218920445058
21-45434,Plainte,Côte-des-Neiges - Notre-Dame-de-Grâce,Côte-des-Neiges-Notre-Dame-de-Grâce,2021-03-03T09:13:19,-73.63862502592607,45.50737197983542
21-45757,Plainte,Ville-Marie,Ville-Marie,2021-03-03T12:10:23,-73.55294323083581,45.5096098128011
21-45467,Plainte,Verdun,Verdun,2021-03-03T09:32:49,-73.568886427,45.466121093
21-4553,Plainte,Ahuntsic - Cartierville,Ahuntsic-Cartierville,2021-01-07T14:10:05,-73.64600701828032,45.53784325033344
21-45679,Plainte,Ahuntsic - Cartierville,Ahuntsic-Cartierville,2021-03-03T11:29:21,-73.73127695417045,45.517360081849205
21-45711,Plainte,Le Plateau-Mont-Royal,Le Plateau-Mont-Royal,2021-03-03T11:46:17,-73.60256646173384,45.52749211850713
21-45440,Plainte,Lachine,Lachine,2021-03-03T09:18:44,-73.68650376755828,45.44332721030034
21-45503,Plainte,Côte-des-Neiges - Notre-Dame-de-Grâce,Côte-des-Neiges-Notre-Dame-de-Grâce,2021-03-03T09:54:41,-73.62950490400873,45.46822937019053
21-45699,Plainte,L'Île-Bizard - Sainte-Geneviève,L'Île-Bizard-Sainte-Geneviève,2021-03-03T11:40:10,-73.87654087868478,45.487346972854525
21-45778,Plainte,Le Plateau-Mont-Royal,Le Plateau-Mont-Royal,2021-03-03T12:29:39,-73.576200283,45.527664015
21-46022,Plainte,Rivière-des-Prairies - Pointe-aux-Trembles,Rivière-des-Prairies-Pointe-aux-Trembles,2021-03-03T14:50:59,-73.48620841291599,45.690746474084136
21-458,Plainte,Anjou,Anjou,2021-01-02T14:55:10,-73.55129975941428,45.59660687591055
21-45894,Plainte,L'Île-Bizard - Sainte-Geneviève,L'Île-Bizard-Sainte-Geneviève,2021-03-03T13:44:58,-73.88179771511653,45.48214849196133
21-46008,Plainte,LaSalle,LaSalle,2021-03-03T14:47:33,-73.61148994423642,45.43867722082765
21-46220,Plainte,Le Plateau-Mont-Royal,Le Plateau-Mont-Royal,2021-03-03T17:25:50,-73.5658892961982,45.52038288624816
21-46110,Plainte,Outremont,Outremont,2021-03-03T15:38:44,-73.60399477,45.520188684
21-46182,Plainte,Ahuntsic - Cartierville,Ahuntsic-Cartierville,2021-03-03T16:38:48,-73.65627701855212,45.57067793328683
21-4634,Plainte,Mercier - Hochelaga-Maisonneuve,Mercier-Hochelaga-Maisonneuve,2021-01-07T15:04:10,-73.55508859527339,45.54930688891059
21-4623,Plainte,Rivière-des-Prairies - Pointe-aux-Trembles,Rivière-des-Prairies-Pointe-aux-Trembles,2021-01-07T14:58:02,-73.49398392945557,45.64202017470986
21-46240,Plainte,Ahuntsic - Cartierville,Ahuntsic-Cartierville,2021-03-03T17:56:37,-73.66700025113335,45.55400772837272
21-46287,Plainte,Ville-Marie,Ville-Marie,2021-03-03T20:06:16,-73.556802826,45.497441064
21-46256,Plainte,Rosemont - La Petite-Patrie,Rosemont-La Petite-Patrie,2021-03-03T18:39:18,-73.58191357146696,45.56838640014595
21-46410,Plainte,Ahuntsic - Cartierville,Ahuntsic-Cartierville,2021-03-04T09:09:28,-73.66176231794233,45.54649665668043
21-46351,Plainte,Rivière-des-Prairies - Pointe-aux-Trembles,Rivière-des-Prairies-Pointe-aux-Trembles,2021-03-04T08:41:52,-73.56245777859,45.663004912575545
21-46356,Plainte,Mercier - Hochelaga-Maisonneuve,Mercier-Hochelaga-Maisonneuve,2021-03-04T08:42:53,-73.5354214577295,45.57181290581892
21-46371,Plainte,Mercier - Hochelaga-Maisonneuve,Mercier-Hochelaga-Maisonneuve,2021-03-04T08:51:25,-73.5354214577295,45.57181290581892
21-46394,Plainte,Anjou,Anjou,2021-03-04T09:01:58,-73.53977022051423,45.60384856783396
21-4674,Plainte,Rivière-des-Prairies - Pointe-aux-Trembles,Rivière-des-Prairies-Pointe-aux-Trembles,2021-01-07T15:29:03,-73.60790109219838,45.63232376582469
21-46441,Plainte,Saint-Léonard,Saint-Léonard,2021-03-04T09:25:51,-73.59773083870645,45.58428894016698
21-4646,Plainte,Rivière-des-Prairies - Pointe-aux-Trembles,Rivière-des-Prairies-Pointe-aux-Trembles,2021-01-07T15:12:08,-73.60790109219838,45.63232376582469
21-46486,Plainte,Saint-Laurent,Saint-Laurent,2021-03-04T09:52:55,-73.6978987601613,45.50039732296148
21-46615,Plainte,Verdun,Verdun,2021-03-04T11:03:41,-73.54304226131833,45.46303493373115
21-46424,Plainte,Rivière-des-Prairies - Pointe-aux-Trembles,Rivière-des-Prairies-Pointe-aux-Trembles,2021-03-04T09:15:52,-73.54903924997053,45.6651662501666
21-46604,Plainte,Ahuntsic - Cartierville,Ahuntsic-Cartierville,2021-03-04T10:54:31,-73.6879864246117,45.53466268566013
21-46694,Plainte,Rivière-des-Prairies - Pointe-aux-Trembles,Rivière-des-Prairies-Pointe-aux-Trembles,2021-03-04T12:11:54,-73.50142679243054,45.662995698632095
21-46760,Plainte,LaSalle,LaSalle,2021-03-04T13:16:46,-73.6485098050769,45.43092011316444
21-46854,Plainte,Le Sud-Ouest,Le Sud-Ouest,2021-03-04T14:11:38,-73.57131956885297,45.476922548677166
21-46777,Plainte,Mercier - Hochelaga-Maisonneuve,Mercier-Hochelaga-Maisonneuve,2021-03-04T13:24:12,-73.52424468295264,45.60632233903794
21-46818,Plainte,Mercier - Hochelaga-Maisonneuve,Mercier-Hochelaga-Maisonneuve,2021-03-04T13:51:04,-73.54909163994114,45.54153970413011
21-46788,Plainte,Villeray-Saint-Michel - Parc-Extension,Villeray-Saint-Michel-Parc-Extension,2021-03-04T13:32:24,-73.61740208900822,45.55847941447757
21-46815,Plainte,Rivière-des-Prairies - Pointe-aux-Trembles,Rivière-des-Prairies-Pointe-aux-Trembles,2021-03-04T13:49:01,-73.581329613,45.636511296
21-46864,Plainte,Verdun,Verdun,2021-03-04T14:20:54,-73.54675162743085,45.45689369050043
21-46902,Plainte,Rosemont - La Petite-Patrie,Rosemont-La Petite-Patrie,2021-03-04T14:47:02,-73.59537585315351,45.532458888647575
21-46893,Plainte,Le Plateau-Mont-Royal,Le Plateau-Mont-Royal,2021-03-04T14:39:40,-73.58750429826874,45.53553760729094
21-46905,Plainte,Verdun,Verdun,2021-03-04T14:47:31,-73.57320273168133,45.44598608915129
21-46974,Plainte,Ahuntsic - Cartierville,Ahuntsic-Cartierville,2021-03-04T15:30:44,-73.66412111490968,45.5619186924135
21-46916,Plainte,Le Plateau-Mont-Royal,Le Plateau-Mont-Royal,2021-03-04T14:54:40,-73.587778154,45.535230411
21-46917,Plainte,Le Plateau-Mont-Royal,Le Plateau-Mont-Royal,2021-03-04T14:54:49,-73.57103849181833,45.52973259857074
21-47007,Plainte,Ville-Marie,Ville-Marie,2021-03-04T15:57:31,-73.55294323083581,45.5096098128011
21-46995,Plainte,Saint-Léonard,Saint-Léonard,2021-03-04T15:47:54,-73.57631739194242,45.58107330725208
21-4700,Plainte,Montréal-Nord,Montréal-Nord,2021-01-07T15:50:04,-73.63314245891816,45.58183120833998
21-47311,Plainte,Pierrefonds - Roxboro,Pierrefonds-Roxboro,2021-03-05T09:58:53,-73.83035766024655,45.50317682620925
21-47026,Plainte,Rosemont - La Petite-Patrie,Rosemont-La Petite-Patrie,2021-03-04T16:24:29,-73.59062392334933,45.5409950146658
21-47115,Plainte,Le Plateau-Mont-Royal,Le Plateau-Mont-Royal,2021-03-04T18:33:06,-73.5840277193292,45.52556455150174
21-47278,Plainte,Saint-Laurent,Saint-Laurent,2021-03-05T09:33:48,-73.6905267894281,45.50194498481406
21-47304,Plainte,Le Plateau-Mont-Royal,Le Plateau-Mont-Royal,2021-03-05T09:52:51,-73.58383527831857,45.538881797006944
21-4734,Plainte,Côte-des-Neiges - Notre-Dame-de-Grâce,Côte-des-Neiges-Notre-Dame-de-Grâce,2021-01-07T16:20:21,-73.63208091820249,45.50536265986484
21-47332,Plainte,Le Sud-Ouest,Le Sud-Ouest,2021-03-05T10:12:15,-73.6010820700166,45.45895637453236
21-47345,Plainte,Le Plateau-Mont-Royal,Le Plateau-Mont-Royal,2021-03-05T10:20:56,-73.58765065784175,45.52140289893633
21-47526,Plainte,Ahuntsic - Cartierville,Ahuntsic-Cartierville,2021-03-05T12:23:37,-73.66941434201641,45.560675633099386
21-47362,Plainte,Ahuntsic - Cartierville,Ahuntsic-Cartierville,2021-03-05T10:30:23,-73.71726938501033,45.52632741854359
21-47399,Plainte,Verdun,Verdun,2021-03-05T10:53:48,-73.54380666853001,45.45894695777721
21-47424,Plainte,Saint-Laurent,Saint-Laurent,2021-03-05T11:10:07,-73.72745701564439,45.52097412966189
21-47495,Plainte,Mercier - Hochelaga-Maisonneuve,Mercier-Hochelaga-Maisonneuve,2021-03-05T11:54:52,-73.51426424324073,45.59087592841707
21-4760,Plainte,Verdun,Verdun,2021-01-07T16:52:27,-73.55385450883976,45.44872413976528
21-47539,Plainte,Ahuntsic - Cartierville,Ahuntsic-Cartierville,2021-03-05T12:36:39,-73.64965759581129,45.54057911784633
21-47573,Plainte,Rivière-des-Prairies - Pointe-aux-Trembles,Rivière-des-Prairies-Pointe-aux-Trembles,2021-03-05T13:08:26,-73.5097438802969,45.65890175992858
21-47620,Plainte,Le Sud-Ouest,Le Sud-Ouest,2021-03-05T13:36:55,-73.55887662937177,45.47891021037954
21-47981,Plainte,Saint-Léonard,Saint-Léonard,2021-03-06T10:03:10,-73.60389602170505,45.58560577306964
21-47757,Plainte,Ville-Marie,Ville-Marie,2021-03-05T15:22:27,-73.54887839444218,45.52909984439006
21-47644,Plainte,Villeray-Saint-Michel - Parc-Extension,Villeray-Saint-Michel-Parc-Extension,2021-03-05T14:00:02,-73.61037272904785,45.56289624533528
21-47852,Plainte,Ville-Marie,Ville-Marie,2021-03-05T16:41:53,-73.55294323083581,45.5096098128011
21-47891,Plainte,Le Plateau-Mont-Royal,Le Plateau-Mont-Royal,2021-03-05T18:13:02,-73.576585577,45.5150222
21-47970,Plainte,Rosemont - La Petite-Patrie,Rosemont-La Petite-Patrie,2021-03-06T09:39:02,-73.59768262302178,45.547479742793016
21-47973,Plainte,Mercier - Hochelaga-Maisonneuve,Mercier-Hochelaga-Maisonneuve,2021-03-06T09:45:38,-73.52106811262448,45.59593570378125
21-48023,Plainte,Montréal-Nord,Montréal-Nord,2021-03-06T12:05:51,-73.61798142629743,45.620209743774815
21-47992,Plainte,Mercier - Hochelaga-Maisonneuve,Mercier-Hochelaga-Maisonneuve,2021-03-06T10:50:54,-73.51645364204491,45.60250096029555
21-48009,Plainte,Le Sud-Ouest,Le Sud-Ouest,2021-03-06T11:40:53,-73.58351260686807,45.4822605249263
21-4809,Plainte,Mercier - Hochelaga-Maisonneuve,Mercier-Hochelaga-Maisonneuve,2021-01-07T19:33:36,-73.537302702,45.556369671
21-48995,Plainte,Rosemont - La Petite-Patrie,Rosemont-La Petite-Patrie,2021-03-08T14:46:05,-73.55259990228689,45.56829137866037
21-4817,Plainte,Côte-des-Neiges - Notre-Dame-de-Grâce,Côte-des-Neiges-Notre-Dame-de-Grâce,2021-01-07T20:36:06,-73.618372984,45.508688738
21-48360,Plainte,Saint-Laurent,Saint-Laurent,2021-03-08T08:51:43,-73.69677822901238,45.52518827378799
21-48579,Plainte,Ahuntsic - Cartierville,Ahuntsic-Cartierville,2021-03-08T10:42:24,-73.640642964,45.549875438
21-486,Plainte,Montréal-Nord,Montréal-Nord,2021-01-02T15:28:10,-73.6163783954435,45.60979045043624
21-48638,Plainte,Ville-Marie,Ville-Marie,2021-03-08T11:10:35,-73.5558012883864,45.53697629835533
21-4886,Plainte,Verdun,Verdun,2021-01-08T08:49:47,-73.53557926449237,45.46606741878147
21-4811,Plainte,Rivière-des-Prairies - Pointe-aux-Trembles,Rivière-des-Prairies-Pointe-aux-Trembles,2021-01-07T19:43:36,-73.49601544179842,45.69757753271077
21-48780,Plainte,Ahuntsic - Cartierville,Ahuntsic-Cartierville,2021-03-08T12:44:55,-73.67551154321788,45.53548812001844
21-4931,Plainte,Rosemont - La Petite-Patrie,Rosemont-La Petite-Patrie,2021-01-08T09:28:43,-73.55745651994656,45.54712011410915
21-49031,Plainte,LaSalle,LaSalle,2021-03-08T15:06:48,-73.61960616232199,45.418995522176
21-49044,Plainte,Verdun,Verdun,2021-03-08T15:13:52,-73.56007344207015,45.44807792732146
21-49135,Plainte,Côte-des-Neiges - Notre-Dame-de-Grâce,Côte-des-Neiges-Notre-Dame-de-Grâce,2021-03-08T16:06:36,-73.61128436439016,45.47221272770392
21-49158,Plainte,Côte-des-Neiges - Notre-Dame-de-Grâce,Côte-des-Neiges-Notre-Dame-de-Grâce,2021-03-08T16:22:13,-73.62630816063123,45.49354416428763
21-49433,Plainte,Villeray-Saint-Michel - Parc-Extension,Villeray-Saint-Michel-Parc-Extension,2021-03-09T09:32:44,-73.59880589883787,45.5690079084221
21-4938,Plainte,Ahuntsic - Cartierville,Ahuntsic-Cartierville,2021-01-08T09:35:54,-73.72222807533048,45.5307494213881
21-49372,Plainte,Outremont,Outremont,2021-03-09T08:54:20,-73.60079683801787,45.51881776832722
21-5022,Plainte,Verdun,Verdun,2021-01-08T10:43:03,-73.57466661680041,45.45020265267725
21-49666,Plainte,Saint-Léonard,Saint-Léonard,2021-03-09T11:40:35,-73.608483003,45.596965128
21-49766,Plainte,Le Plateau-Mont-Royal,Le Plateau-Mont-Royal,2021-03-09T12:50:17,-73.57435737362029,45.53032755698216
21-49996,Plainte,Outremont,Outremont,2021-03-09T15:33:58,-73.597217172,45.518072937
21-50018,Plainte,Saint-Laurent,Saint-Laurent,2021-03-09T15:49:25,-73.69050538534597,45.51017791257475
21-50046,Plainte,Ahuntsic - Cartierville,Ahuntsic-Cartierville,2021-03-09T16:05:32,-73.66637919344868,45.53290575985049
21-50096,Plainte,Ahuntsic - Cartierville,Ahuntsic-Cartierville,2021-03-09T16:40:06,-73.66538507130257,45.56066711443847
21-4949,Plainte,Côte-des-Neiges - Notre-Dame-de-Grâce,Côte-des-Neiges-Notre-Dame-de-Grâce,2021-01-08T09:41:44,-73.62682576207709,45.49517337811874
21-49994,Plainte,Outremont,Outremont,2021-03-09T15:32:07,-73.597217172,45.518072937
21-50000,Plainte,Outremont,Outremont,2021-03-09T15:35:19,-73.59822488,45.516913872
21-50004,Plainte,Villeray-Saint-Michel - Parc-Extension,Villeray-Saint-Michel-Parc-Extension,2021-03-09T15:40:11,-73.60228883539048,45.5533245629641
21-50182,Plainte,Rosemont - La Petite-Patrie,Rosemont-La Petite-Patrie,2021-03-09T19:17:29,-73.57200579678816,45.54985159601597
21-50406,Plainte,Rivière-des-Prairies - Pointe-aux-Trembles,Rivière-des-Prairies-Pointe-aux-Trembles,2021-03-10T10:00:54,-73.49087329553956,45.68383535520633
21-5032,Plainte,Anjou,Anjou,2021-01-08T10:51:17,-73.5495215943696,45.61524585618872
21-50359,Plainte,Le Plateau-Mont-Royal,Le Plateau-Mont-Royal,2021-03-10T09:35:35,-73.587458155,45.518902956
21-50393,Plainte,Pierrefonds - Roxboro,Pierrefonds-Roxboro,2021-03-10T09:54:18,-73.83734267808524,45.50889555306748
21-50543,Plainte,Ahuntsic - Cartierville,Ahuntsic-Cartierville,2021-03-10T11:32:21,-73.66702301657757,45.55873676912155
21-50423,Plainte,Rosemont - La Petite-Patrie,Rosemont-La Petite-Patrie,2021-03-10T10:10:30,-73.57868647214563,45.57547055537992
21-50448,Plainte,Villeray-Saint-Michel - Parc-Extension,Villeray-Saint-Michel-Parc-Extension,2021-03-10T10:28:48,-73.633197476,45.547729327
21-50489,Plainte,Outremont,Outremont,2021-03-10T10:52:59,-73.5935256043909,45.51596990512941
21-5055,Plainte,Villeray-Saint-Michel - Parc-Extension,Villeray-Saint-Michel-Parc-Extension,2021-01-08T11:02:41,-73.62020874384591,45.53704556161402
21-50615,Plainte,Le Plateau-Mont-Royal,Le Plateau-Mont-Royal,2021-03-10T12:28:57,-73.59623672739777,45.51981146763527
21-50568,Plainte,Rosemont - La Petite-Patrie,Rosemont-La Petite-Patrie,2021-03-10T11:50:43,-73.56670061065734,45.54785050859472
21-50574,Plainte,Le Plateau-Mont-Royal,Le Plateau-Mont-Royal,2021-03-10T11:56:16,-73.57601758939478,45.537708969209824
21-50586,Plainte,Le Sud-Ouest,Le Sud-Ouest,2021-03-10T12:02:46,-73.5685145127144,45.48697845914258
21-50617,Plainte,Rivière-des-Prairies - Pointe-aux-Trembles,Rivière-des-Prairies-Pointe-aux-Trembles,2021-03-10T12:29:25,-73.5768352282211,45.65506240775616
21-5135,Plainte,Lachine,Lachine,2021-01-08T11:55:04,-73.67829504135923,45.43544670554469
21-50664,Plainte,Le Plateau-Mont-Royal,Le Plateau-Mont-Royal,2021-03-10T13:07:27,-73.57601758939478,45.537708969209824
21-5101,Plainte,Côte-des-Neiges - Notre-Dame-de-Grâce,Côte-des-Neiges-Notre-Dame-de-Grâce,2021-01-08T11:34:18,-73.63577297763425,45.4654447091247
21-51067,Plainte,Le Plateau-Mont-Royal,Le Plateau-Mont-Royal,2021-03-10T20:05:26,-73.577868421,45.538570316
21-50670,Plainte,Le Plateau-Mont-Royal,Le Plateau-Mont-Royal,2021-03-10T13:13:28,-73.57055231850352,45.53915736149571
21-50821,Plainte,Pierrefonds - Roxboro,Pierrefonds-Roxboro,2021-03-10T14:48:36,-73.8568170568672,45.50184901695898
21-5115,Plainte,Côte-des-Neiges - Notre-Dame-de-Grâce,Côte-des-Neiges-Notre-Dame-de-Grâce,2021-01-08T11:44:39,-73.60256677378896,45.475572652507786
21-512,Plainte,Rosemont - La Petite-Patrie,Rosemont-La Petite-Patrie,2021-01-02T16:17:40,-73.592561968,45.542363092
21-5120,Plainte,Côte-des-Neiges - Notre-Dame-de-Grâce,Côte-des-Neiges-Notre-Dame-de-Grâce,2021-01-08T11:47:22,-73.61711694984531,45.510053707276725
21-51768,Plainte,Rosemont - La Petite-Patrie,Rosemont-La Petite-Patrie,2021-03-11T13:59:49,-73.56784063251536,45.548273976317546
21-51344,Plainte,Rosemont - La Petite-Patrie,Rosemont-La Petite-Patrie,2021-03-11T09:56:30,-73.55434213647251,45.571532784896746
21-5139,Plainte,Villeray-Saint-Michel - Parc-Extension,Villeray-Saint-Michel-Parc-Extension,2021-01-08T12:00:57,-73.63739484997106,45.537866684251206
21-51636,Plainte,Ville-Marie,Ville-Marie,2021-03-11T12:32:58,-73.55424059720383,45.51966520616134
21-51754,Plainte,Côte-des-Neiges - Notre-Dame-de-Grâce,Côte-des-Neiges-Notre-Dame-de-Grâce,2021-03-11T13:53:47,-73.62932909305957,45.50415451376308
21-515,Plainte,Montréal-Nord,Montréal-Nord,2021-01-02T16:23:55,-73.64303599128843,45.59316899296286
21-51582,Plainte,Le Plateau-Mont-Royal,Le Plateau-Mont-Royal,2021-03-11T11:48:43,-73.57278425727121,45.53306623232624
21-5160,Plainte,Villeray-Saint-Michel - Parc-Extension,Villeray-Saint-Michel-Parc-Extension,2021-01-08T12:14:13,-73.60226275461466,45.56204544948817
21-51606,Plainte,Le Plateau-Mont-Royal,Le Plateau-Mont-Royal,2021-03-11T12:01:07,-73.57762693644656,45.52683912226938
21-51769,Plainte,Mercier - Hochelaga-Maisonneuve,Mercier-Hochelaga-Maisonneuve,2021-03-11T13:59:50,-73.554606148,45.586454998
21-5179,Plainte,Rivière-des-Prairies - Pointe-aux-Trembles,Rivière-des-Prairies-Pointe-aux-Trembles,2021-01-08T12:33:55,-73.56107295170588,45.65088178198261
21-51923,Plainte,Montréal-Nord,Montréal-Nord,2021-03-11T15:40:46,-73.61581985401544,45.61930131475266
21-51800,Plainte,Le Plateau-Mont-Royal,Le Plateau-Mont-Royal,2021-03-11T14:14:02,-73.57663462908876,45.51270292208783
21-51849,Plainte,Côte-des-Neiges - Notre-Dame-de-Grâce,Côte-des-Neiges-Notre-Dame-de-Grâce,2021-03-11T14:41:01,-73.61936545791883,45.486188765492415
21-5191,Plainte,Côte-des-Neiges - Notre-Dame-de-Grâce,Côte-des-Neiges-Notre-Dame-de-Grâce,2021-01-08T12:46:07,-73.65911411614888,45.504131186370266
21-5201,Plainte,Côte-des-Neiges - Notre-Dame-de-Grâce,Côte-des-Neiges-Notre-Dame-de-Grâce,2021-01-08T13:02:27,-73.63815058372738,45.48594909143584
21-52290,Plainte,Mercier - Hochelaga-Maisonneuve,Mercier-Hochelaga-Maisonneuve,2021-03-12T09:37:24,-73.52346461490215,45.59510401341041
21-52226,Plainte,Villeray-Saint-Michel - Parc-Extension,Villeray-Saint-Michel-Parc-Extension,2021-03-12T09:06:36,-73.626796193,45.545912284
21-52344,Plainte,Le Plateau-Mont-Royal,Le Plateau-Mont-Royal,2021-03-12T09:59:28,-73.578749451,45.533788289
21-5231,Plainte,Ahuntsic - Cartierville,Ahuntsic-Cartierville,2021-01-08T13:30:19,-73.69183561636318,45.53708122079239
21-52408,Plainte,Rivière-des-Prairies - Pointe-aux-Trembles,Rivière-des-Prairies-Pointe-aux-Trembles,2021-03-12T10:27:28,-73.55878044897612,45.65221403360614
21-5275,Plainte,Saint-Léonard,Saint-Léonard,2021-01-08T14:14:28,-73.59787243852662,45.59818214534685
21-52573,Plainte,Saint-Laurent,Saint-Laurent,2021-03-12T12:01:55,-73.6780681905765,45.50507064833927
21-52515,Plainte,Ahuntsic - Cartierville,Ahuntsic-Cartierville,2021-03-12T11:34:04,-73.68200694415317,45.54173473511275
21-53045,Plainte,Côte-des-Neiges - Notre-Dame-de-Grâce,Côte-des-Neiges-Notre-Dame-de-Grâce,2021-03-12T19:05:22,-73.63097499557392,45.489070312134295
21-52958,Plainte,Ville-Marie,Ville-Marie,2021-03-12T16:32:56,-73.55882857370764,45.51669669617837
21-53005,Plainte,Villeray-Saint-Michel - Parc-Extension,Villeray-Saint-Michel-Parc-Extension,2021-03-12T17:30:43,-73.61592666132884,45.54977912413003
21-53569,Plainte,Le Plateau-Mont-Royal,Le Plateau-Mont-Royal,2021-03-15T08:44:07,-73.57344371667526,45.529904580407866
21-53102,Plainte,Rivière-des-Prairies - Pointe-aux-Trembles,Rivière-des-Prairies-Pointe-aux-Trembles,2021-03-13T09:18:42,-73.50963233492617,45.64616918046717
21-53121,Plainte,Côte-des-Neiges - Notre-Dame-de-Grâce,Côte-des-Neiges-Notre-Dame-de-Grâce,2021-03-13T09:48:46,-73.61128436439016,45.47221272770392
21-53272,Plainte,Mercier - Hochelaga-Maisonneuve,Mercier-Hochelaga-Maisonneuve,2021-03-13T16:15:13,-73.55101429580067,45.54168515615906
21-53382,Plainte,Le Sud-Ouest,Le Sud-Ouest,2021-03-14T13:02:05,-73.59388054266887,45.45413258822531
21-53559,Plainte,Ville-Marie,Ville-Marie,2021-03-15T08:36:50,-73.55882857370764,45.51669669617837
21-53211,Plainte,Verdun,Verdun,2021-03-13T13:30:21,-73.5853382156211,45.4384686140793
21-53330,Plainte,Ahuntsic - Cartierville,Ahuntsic-Cartierville,2021-03-14T10:02:49,-73.661336179,45.554411655
21-53853,Plainte,Ahuntsic - Cartierville,Ahuntsic-Cartierville,2021-03-15T11:00:07,-73.66941434201641,45.560675633099386
21-53660,Plainte,Le Plateau-Mont-Royal,Le Plateau-Mont-Royal,2021-03-15T09:37:15,-73.573475363,45.534076835
21-53769,Plainte,Le Plateau-Mont-Royal,Le Plateau-Mont-Royal,2021-03-15T10:28:24,-73.56955461323572,45.53541629502619
21-53844,Plainte,Ahuntsic - Cartierville,Ahuntsic-Cartierville,2021-03-15T10:56:53,-73.6718760931347,45.54574203289919
21-54031,Plainte,Ville-Marie,Ville-Marie,2021-03-15T12:36:40,-73.55496131907664,45.50220048599741
21-53955,Plainte,Montréal-Nord,Montréal-Nord,2021-03-15T11:50:05,-73.6311487037112,45.60209094442674
21-53947,Plainte,Le Plateau-Mont-Royal,Le Plateau-Mont-Royal,2021-03-15T11:45:39,-73.56359524569264,45.53189475134297
21-54074,Plainte,Le Plateau-Mont-Royal,Le Plateau-Mont-Royal,2021-03-15T13:17:17,-73.5666360706193,45.5377922933172
21-54216,Plainte,Le Plateau-Mont-Royal,Le Plateau-Mont-Royal,2021-03-15T14:41:31,-73.56201278072072,45.53697113619692
21-5423,Plainte,Mercier - Hochelaga-Maisonneuve,Mercier-Hochelaga-Maisonneuve,2021-01-08T16:33:43,-73.544470855,45.545662303
21-54070,Plainte,Ahuntsic - Cartierville,Ahuntsic-Cartierville,2021-03-15T13:14:06,-73.68174049553457,45.53353682987543
21-5424,Plainte,Lachine,Lachine,2021-01-08T16:33:59,-73.6903014582161,45.43660336139446
21-54401,Plainte,Le Plateau-Mont-Royal,Le Plateau-Mont-Royal,2021-03-15T17:01:45,-73.56456165625892,45.535682049461805
21-54476,Plainte,Le Plateau-Mont-Royal,Le Plateau-Mont-Royal,2021-03-15T19:27:27,-73.56858662581027,45.536748231280185
21-54427,Plainte,Mercier - Hochelaga-Maisonneuve,Mercier-Hochelaga-Maisonneuve,2021-03-15T17:31:18,-73.51645364204491,45.60250096029555
21-54413,Plainte,Côte-des-Neiges - Notre-Dame-de-Grâce,Côte-des-Neiges-Notre-Dame-de-Grâce,2021-03-15T17:10:13,-73.63077470553402,45.51391020206727
21-54766,Plainte,LaSalle,LaSalle,2021-03-16T10:32:35,-73.6160837452054,45.42173627093132
21-54568,Plainte,Le Plateau-Mont-Royal,Le Plateau-Mont-Royal,2021-03-16T08:40:21,-73.569497464,45.530550383
21-54554,Plainte,Saint-Laurent,Saint-Laurent,2021-03-16T08:35:03,-73.677329085,45.504294536
21-54602,Plainte,Côte-des-Neiges - Notre-Dame-de-Grâce,Côte-des-Neiges-Notre-Dame-de-Grâce,2021-03-16T08:58:24,-73.60856220571397,45.4941974051249
21-54834,Plainte,Le Plateau-Mont-Royal,Le Plateau-Mont-Royal,2021-03-16T11:18:01,-73.57871340215301,45.52204069454904
21-5466,Plainte,Rosemont - La Petite-Patrie,Rosemont-La Petite-Patrie,2021-01-08T18:49:33,-73.57343696247533,45.57817065205113
21-54666,Plainte,Côte-des-Neiges - Notre-Dame-de-Grâce,Côte-des-Neiges-Notre-Dame-de-Grâce,2021-03-16T09:36:53,-73.65093341261567,45.45772854282794
21-54758,Plainte,Verdun,Verdun,2021-03-16T10:26:34,-73.58281793826522,45.43766999463482
21-54638,Plainte,Pierrefonds - Roxboro,Pierrefonds-Roxboro,2021-03-16T09:22:40,-73.84818620969796,45.49442058130631
21-54641,Plainte,Rivière-des-Prairies - Pointe-aux-Trembles,Rivière-des-Prairies-Pointe-aux-Trembles,2021-03-16T09:23:53,-73.497421462,45.653252565
21-54642,Plainte,L'Île-Bizard - Sainte-Geneviève,L'Île-Bizard-Sainte-Geneviève,2021-03-16T09:24:26,-73.87129714812856,45.493165018663085
21-54769,Plainte,L'Île-Bizard - Sainte-Geneviève,L'Île-Bizard-Sainte-Geneviève,2021-03-16T10:33:13,-73.8643023855322,45.499796234436886
21-54813,Plainte,Montréal-Nord,Montréal-Nord,2021-03-16T11:02:07,-73.6364019173839,45.58285533727759
21-54816,Plainte,Mercier - Hochelaga-Maisonneuve,Mercier-Hochelaga-Maisonneuve,2021-03-16T11:05:07,-73.5422525691478,45.57276943915013
21-54917,Plainte,Rosemont - La Petite-Patrie,Rosemont-La Petite-Patrie,2021-03-16T12:21:04,-73.57853069995016,45.54818812957552
21-54854,Plainte,Ville-Marie,Ville-Marie,2021-03-16T11:31:13,-73.558399641,45.526994089
21-54883,Plainte,LaSalle,LaSalle,2021-03-16T11:56:07,-73.63624128144599,45.421782742011054
21-54886,Plainte,Rosemont - La Petite-Patrie,Rosemont-La Petite-Patrie,2021-03-16T11:56:57,-73.59188511011288,45.55972027470128
21-55167,Plainte,Le Plateau-Mont-Royal,Le Plateau-Mont-Royal,2021-03-16T15:12:17,-73.569440604173,45.538319199074586
21-54933,Plainte,Ville-Marie,Ville-Marie,2021-03-16T12:36:50,-73.56197305775027,45.528035296693766
21-55043,Plainte,Le Plateau-Mont-Royal,Le Plateau-Mont-Royal,2021-03-16T13:54:21,-73.579471328,45.535180486
21-55094,Plainte,Ville-Marie,Ville-Marie,2021-03-16T14:28:24,-73.55882857370764,45.51669669617837
21-55063,Plainte,Le Plateau-Mont-Royal,Le Plateau-Mont-Royal,2021-03-16T14:06:49,-73.56161776019285,45.53755873321128
21-55156,Plainte,Rivière-des-Prairies - Pointe-aux-Trembles,Rivière-des-Prairies-Pointe-aux-Trembles,2021-03-16T15:05:30,-73.57836948887407,45.653451668585454
21-55267,Plainte,Le Sud-Ouest,Le Sud-Ouest,2021-03-16T16:56:06,-73.57892984584494,45.48151152428557
21-5525,Plainte,Mercier - Hochelaga-Maisonneuve,Mercier-Hochelaga-Maisonneuve,2021-01-09T10:13:03,-73.53570399089998,45.55884151081875
21-55423,Plainte,Rosemont - La Petite-Patrie,Rosemont-La Petite-Patrie,2021-03-17T08:43:46,-73.6053537033869,45.53898047637629
21-55277,Plainte,Saint-Léonard,Saint-Léonard,2021-03-16T17:12:35,-73.60698883562463,45.59590189979421
21-55407,Plainte,Mercier - Hochelaga-Maisonneuve,Mercier-Hochelaga-Maisonneuve,2021-03-17T08:28:11,-73.538081903,45.540590279
21-55491,Plainte,Pierrefonds - Roxboro,Pierrefonds-Roxboro,2021-03-17T09:26:10,-73.8106498870902,45.50016452043878
21-55461,Plainte,Le Sud-Ouest,Le Sud-Ouest,2021-03-17T09:10:38,-73.55963925011146,45.48253303029156
21-55706,Plainte,Verdun,Verdun,2021-03-17T11:29:11,-73.56376304901131,45.456789066372295
21-55627,Plainte,LaSalle,LaSalle,2021-03-17T10:46:10,-73.60984919754094,45.43477111555085
21-55742,Plainte,Rivière-des-Prairies - Pointe-aux-Trembles,Rivière-des-Prairies-Pointe-aux-Trembles,2021-03-17T11:47:27,-73.55495306338389,45.66586888324295
21-55862,Plainte,Ahuntsic - Cartierville,Ahuntsic-Cartierville,2021-03-17T13:06:05,-73.6650581932378,45.54522682394472
21-55757,Plainte,Rivière-des-Prairies - Pointe-aux-Trembles,Rivière-des-Prairies-Pointe-aux-Trembles,2021-03-17T11:54:24,-73.55495306338389,45.66586888324295
21-55794,Plainte,Villeray-Saint-Michel - Parc-Extension,Villeray-Saint-Michel-Parc-Extension,2021-03-17T12:15:57,-73.62454927843899,45.5412547048368
21-55891,Plainte,Rosemont - La Petite-Patrie,Rosemont-La Petite-Patrie,2021-03-17T13:29:46,-73.58029854321863,45.54530498863139
21-55893,Plainte,Le Plateau-Mont-Royal,Le Plateau-Mont-Royal,2021-03-17T13:30:35,-73.58847858020752,45.52997234253978
21-55964,Plainte,Outremont,Outremont,2021-03-17T14:17:24,-73.59502000716715,45.515021926262
21-5606,Plainte,Outremont,Outremont,2021-01-09T14:11:09,-73.62065733042536,45.51820729818751
21-56026,Plainte,Ahuntsic - Cartierville,Ahuntsic-Cartierville,2021-03-17T14:47:36,-73.64605398386492,45.56787525175383
21-56476,Plainte,Rivière-des-Prairies - Pointe-aux-Trembles,Rivière-des-Prairies-Pointe-aux-Trembles,2021-03-18T09:51:52,-73.56107295170588,45.65088178198261
21-56103,Plainte,Rosemont - La Petite-Patrie,Rosemont-La Petite-Patrie,2021-03-17T15:42:00,-73.61594309572101,45.53147084654265
21-56127,Plainte,Rivière-des-Prairies - Pointe-aux-Trembles,Rivière-des-Prairies-Pointe-aux-Trembles,2021-03-17T15:59:55,-73.58138706245018,45.635387790524696
21-56170,Plainte,Le Plateau-Mont-Royal,Le Plateau-Mont-Royal,2021-03-17T16:39:54,-73.59446697737454,45.52414155109386
21-56194,Plainte,Saint-Léonard,Saint-Léonard,2021-03-17T17:18:08,-73.59670886674922,45.590056853800434
21-56274,Plainte,Ahuntsic - Cartierville,Ahuntsic-Cartierville,2021-03-17T19:26:28,-73.72984390190618,45.52712461116519
21-56291,Plainte,Pierrefonds - Roxboro,Pierrefonds-Roxboro,2021-03-17T20:15:23,-73.839521519908,45.50584767478791
21-56387,Plainte,Ahuntsic - Cartierville,LaSalle,2021-03-18T09:02:14,-73.6604937934585,45.42887352016884
21-56505,Plainte,Côte-des-Neiges - Notre-Dame-de-Grâce,Côte-des-Neiges-Notre-Dame-de-Grâce,2021-03-18T10:04:39,-73.64143360058742,45.46134913379621
21-56509,Plainte,Le Plateau-Mont-Royal,Le Plateau-Mont-Royal,2021-03-18T10:05:40,-73.57905817506399,45.53345112437725
21-56137,Plainte,Ahuntsic - Cartierville,Ahuntsic-Cartierville,2021-03-17T16:08:50,-73.65314034599726,45.5730704061016
21-56159,Plainte,Rosemont - La Petite-Patrie,Rosemont-La Petite-Patrie,2021-03-17T16:31:08,-73.576122608,45.549107616
21-56257,Plainte,Ahuntsic - Cartierville,Ahuntsic-Cartierville,2021-03-17T18:52:31,-73.72984390190618,45.52712461116519
21-5636,Plainte,Outremont,Outremont,2021-01-09T15:13:08,-73.62065733042536,45.51820729818751
21-56714,Plainte,Le Plateau-Mont-Royal,Le Plateau-Mont-Royal,2021-03-18T11:55:52,-73.56641513677593,45.533744349100665
21-5655,Plainte,Outremont,Outremont,2021-01-09T16:06:58,-73.62065733042536,45.51820729818751
21-56588,Plainte,Ahuntsic - Cartierville,Ahuntsic-Cartierville,2021-03-18T10:42:29,-73.66382923646404,45.55981603141608
21-56675,Plainte,Côte-des-Neiges - Notre-Dame-de-Grâce,Côte-des-Neiges-Notre-Dame-de-Grâce,2021-03-18T11:38:11,-73.60856220571397,45.4941974051249
21-56739,Plainte,Côte-des-Neiges - Notre-Dame-de-Grâce,Côte-des-Neiges-Notre-Dame-de-Grâce,2021-03-18T12:09:55,-73.62917909799715,45.48580857561459
21-57082,Plainte,Ville-Marie,Ville-Marie,2021-03-18T15:33:56,-73.55884844586966,45.51955033587867
21-57012,Plainte,Ville-Marie,Ville-Marie,2021-03-18T14:45:11,-73.5556033887065,45.51568746542888
21-57088,Plainte,Le Plateau-Mont-Royal,Le Plateau-Mont-Royal,2021-03-18T15:37:15,-73.573676587,45.509491275
21-57197,Plainte,Côte-des-Neiges - Notre-Dame-de-Grâce,Côte-des-Neiges-Notre-Dame-de-Grâce,2021-03-18T17:15:51,-73.63890440578132,45.467028384090746
21-57226,Plainte,Le Plateau-Mont-Royal,Le Plateau-Mont-Royal,2021-03-18T18:10:05,-73.59013369661365,45.52060305411385
21-57098,Plainte,Le Plateau-Mont-Royal,Le Plateau-Mont-Royal,2021-03-18T15:48:26,-73.573676587,45.509491275
21-57114,Plainte,L'Île-Bizard - Sainte-Geneviève,L'Île-Bizard-Sainte-Geneviève,2021-03-18T16:00:53,-73.87240877082724,45.477886475964
21-57162,Plainte,Ville-Marie,Ville-Marie,2021-03-18T16:31:48,-73.55496131907664,45.50220048599741
21-57227,Plainte,Rivière-des-Prairies - Pointe-aux-Trembles,Rivière-des-Prairies-Pointe-aux-Trembles,2021-03-18T18:11:31,-73.60504932191189,45.632678531222986
21-57213,Plainte,Villeray-Saint-Michel - Parc-Extension,Villeray-Saint-Michel-Parc-Extension,2021-03-18T17:45:51,-73.61572623476779,45.542325146023096
21-57556,Plainte,Verdun,Verdun,2021-03-19T10:36:52,-73.57449282196364,45.45210070349446
21-57259,Plainte,Ahuntsic - Cartierville,Ahuntsic-Cartierville,2021-03-18T19:45:36,-73.65502918627324,45.537893874954776
21-57261,Plainte,LaSalle,LaSalle,2021-03-18T19:46:48,-73.6604937934585,45.42887352016884
21-57262,Plainte,LaSalle,LaSalle,2021-03-18T19:47:57,-73.6604937934585,45.42887352016884
21-57408,Plainte,Côte-des-Neiges - Notre-Dame-de-Grâce,Côte-des-Neiges-Notre-Dame-de-Grâce,2021-03-19T09:20:44,-73.63785409688415,45.453639772581234
21-57244,Plainte,Pierrefonds - Roxboro,Pierrefonds-Roxboro,2021-03-18T19:03:28,-73.7769935893328,45.50576572707686
21-57345,Plainte,Le Sud-Ouest,Le Sud-Ouest,2021-03-19T08:49:59,-73.56163212876668,45.497148519211976
21-57371,Plainte,Villeray-Saint-Michel - Parc-Extension,Villeray-Saint-Michel-Parc-Extension,2021-03-19T09:05:57,-73.62320342215014,45.52875115792303
21-57394,Plainte,Rivière-des-Prairies - Pointe-aux-Trembles,Rivière-des-Prairies-Pointe-aux-Trembles,2021-03-19T09:13:56,-73.56827762637573,45.64733886564241
21-57414,Plainte,Villeray-Saint-Michel - Parc-Extension,Villeray-Saint-Michel-Parc-Extension,2021-03-19T09:22:33,-73.623057517,45.529100657
21-5754,Plainte,Rivière-des-Prairies - Pointe-aux-Trembles,Rivière-des-Prairies-Pointe-aux-Trembles,2021-01-10T11:49:27,-73.56947602911784,45.65841686569159
21-57560,Plainte,Villeray-Saint-Michel - Parc-Extension,Villeray-Saint-Michel-Parc-Extension,2021-03-19T10:38:44,-73.61740208900822,45.55847941447757
21-57816,Plainte,Le Plateau-Mont-Royal,Le Plateau-Mont-Royal,2021-03-19T13:16:47,-73.56688762,45.537521242
21-57671,Plainte,Outremont,Outremont,2021-03-19T11:33:29,-73.59745315784235,45.51775592144016
21-57691,Plainte,Le Plateau-Mont-Royal,Le Plateau-Mont-Royal,2021-03-19T11:47:28,-73.59079570565522,45.525330312167895
21-57812,Plainte,Le Sud-Ouest,Le Sud-Ouest,2021-03-19T13:13:40,-73.55962936459647,45.47802108474268
21-57758,Plainte,Le Plateau-Mont-Royal,Le Plateau-Mont-Royal,2021-03-19T12:26:35,-73.564938065,45.53744364
21-57818,Plainte,Saint-Léonard,Saint-Léonard,2021-03-19T13:18:15,-73.60649100023114,45.59647634812592
21-57940,Plainte,Mercier - Hochelaga-Maisonneuve,Mercier-Hochelaga-Maisonneuve,2021-03-19T14:28:25,-73.56385792305947,45.58062312508863
21-57834,Plainte,Ahuntsic - Cartierville,Ahuntsic-Cartierville,2021-03-19T13:28:45,-73.70684685333802,45.52809037048468
21-58134,Plainte,Montréal-Nord,Montréal-Nord,2021-03-19T18:00:22,-73.64317762439703,45.57968235696576
21-58120,Plainte,Côte-des-Neiges - Notre-Dame-de-Grâce,Côte-des-Neiges-Notre-Dame-de-Grâce,2021-03-19T17:29:54,-73.63704883774076,45.48777693062895
21-58014,Plainte,Rivière-des-Prairies - Pointe-aux-Trembles,Rivière-des-Prairies-Pointe-aux-Trembles,2021-03-19T15:23:09,-73.59163274584365,45.63641735437224
21-58198,Plainte,Ville-Marie,Ville-Marie,2021-03-20T09:26:28,-73.55045838402869,45.52903207654197
21-58431,Plainte,Le Sud-Ouest,Le Sud-Ouest,2021-03-21T09:16:00,-73.5894495092142,45.45252036190146
21-58281,Plainte,Villeray-Saint-Michel - Parc-Extension,Villeray-Saint-Michel-Parc-Extension,2021-03-20T12:41:12,-73.61740208900822,45.55847941447757
21-58365,Plainte,Pierrefonds - Roxboro,Pierrefonds-Roxboro,2021-03-20T16:35:08,-73.84451334614683,45.50833461910676
21-5867,Plainte,Ville-Marie,Ville-Marie,2021-01-11T07:51:48,-73.58113830370718,45.49407980755218
21-58564,Plainte,Rosemont - La Petite-Patrie,Rosemont-La Petite-Patrie,2021-03-21T14:54:29,-73.60490591632926,45.54486560097076
21-58609,Plainte,Rivière-des-Prairies - Pointe-aux-Trembles,Rivière-des-Prairies-Pointe-aux-Trembles,2021-03-21T16:18:32,-73.49988983969561,45.67774467562023
21-59653,Plainte,LaSalle,LaSalle,2021-03-22T15:40:12,-73.64006413084581,45.42617570106621
21-58768,Plainte,Mercier - Hochelaga-Maisonneuve,Mercier-Hochelaga-Maisonneuve,2021-03-22T09:00:58,-73.5206910574228,45.59131570195797
21-5895,Plainte,Ahuntsic - Cartierville,Ahuntsic-Cartierville,2021-01-11T08:40:54,-73.65502918627324,45.537893874954776
21-59449,Plainte,Le Plateau-Mont-Royal,Le Plateau-Mont-Royal,2021-03-22T14:11:44,-73.573676587,45.509491275
21-59151,Plainte,Mercier - Hochelaga-Maisonneuve,Mercier-Hochelaga-Maisonneuve,2021-03-22T11:28:01,-73.53528265825437,45.61319800521258
21-5922,Plainte,LaSalle,LaSalle,2021-01-11T09:05:07,-73.6186721157264,45.44970252150519
21-5939,Plainte,Le Plateau-Mont-Royal,Le Plateau-Mont-Royal,2021-01-11T09:18:20,-73.59079570565522,45.525330312167895
21-59311,Plainte,Saint-Léonard,Saint-Léonard,2021-03-22T13:00:57,-73.59802658383867,45.58313582118473
21-59342,Plainte,Outremont,Outremont,2021-03-22T13:17:18,-73.61464300038601,45.511327950036005
21-59650,Plainte,Rosemont - La Petite-Patrie,Rosemont-La Petite-Patrie,2021-03-22T15:38:31,-73.56412509677465,45.5577002300354
21-59644,Plainte,Rivière-des-Prairies - Pointe-aux-Trembles,Rivière-des-Prairies-Pointe-aux-Trembles,2021-03-22T15:36:35,-73.55896365617733,45.663293996274575
21-59485,Plainte,Rosemont - La Petite-Patrie,Rosemont-La Petite-Patrie,2021-03-22T14:26:41,-73.56879361552868,45.55425794945512
21-59573,Plainte,Côte-des-Neiges - Notre-Dame-de-Grâce,Côte-des-Neiges-Notre-Dame-de-Grâce,2021-03-22T15:05:06,-73.63243971532644,45.4673727401265
21-59816,Plainte,Le Sud-Ouest,Le Sud-Ouest,2021-03-22T17:47:11,-73.58740094,45.474256886
21-59784,Plainte,Le Plateau-Mont-Royal,Le Plateau-Mont-Royal,2021-03-22T17:14:32,-73.57826864315244,45.52900874058516
21-59685,Plainte,Ahuntsic - Cartierville,Ahuntsic-Cartierville,2021-03-22T15:56:22,-73.719000601,45.532623107
21-59789,Plainte,Côte-des-Neiges - Notre-Dame-de-Grâce,Ville-Marie,2021-03-22T17:17:31,-73.594223518,45.503215944
21-59820,Plainte,Ahuntsic - Cartierville,Ahuntsic-Cartierville,2021-03-22T17:55:48,-73.672693716,45.547565245
21-5993,Plainte,Villeray-Saint-Michel - Parc-Extension,Villeray-Saint-Michel-Parc-Extension,2021-01-11T09:58:56,-73.613106019,45.577662995
21-60072,Plainte,L'Île-Bizard - Sainte-Geneviève,L'Île-Bizard-Sainte-Geneviève,2021-03-23T09:40:28,-73.86941756372632,45.48065248559639
21-60027,Plainte,Le Plateau-Mont-Royal,Le Plateau-Mont-Royal,2021-03-23T09:19:13,-73.57092883988928,45.53532753191472
21-6021,Plainte,L'Île-Bizard - Sainte-Geneviève,L'Île-Bizard-Sainte-Geneviève,2021-01-11T10:16:20,-73.91389646847746,45.49979144429583
21-60134,Plainte,Côte-des-Neiges - Notre-Dame-de-Grâce,Côte-des-Neiges-Notre-Dame-de-Grâce,2021-03-23T10:03:58,-73.6508765621277,45.4638675314319
21-60346,Plainte,Montréal-Nord,Montréal-Nord,2021-03-23T11:34:50,-73.6286743511165,45.61773926354316
21-60348,Plainte,Montréal-Nord,Montréal-Nord,2021-03-23T11:35:22,-73.64882308495575,45.5835781710054
21-60389,Plainte,Saint-Léonard,Saint-Léonard,2021-03-23T11:53:51,-73.59773083870645,45.58428894016698
21-60359,Plainte,LaSalle,LaSalle,2021-03-23T11:41:19,-73.59761876991662,45.43186396796679
21-60391,Plainte,Verdun,Verdun,2021-03-23T11:54:19,-73.59111434627728,45.43726050892293
21-6046,Plainte,Rosemont - La Petite-Patrie,Rosemont-La Petite-Patrie,2021-01-11T10:33:29,-73.58952089701212,45.54273825271976
21-60401,Plainte,Côte-des-Neiges - Notre-Dame-de-Grâce,Côte-des-Neiges-Notre-Dame-de-Grâce,2021-03-23T11:57:54,-73.63817901797054,45.47244953505757
21-60405,Plainte,Outremont,Outremont,2021-03-23T11:58:31,-73.61834972261406,45.51951194165537
21-60422,Plainte,Le Plateau-Mont-Royal,Le Plateau-Mont-Royal,2021-03-23T12:08:05,-73.573475363,45.534076835
21-60512,Plainte,Ahuntsic - Cartierville,Ahuntsic-Cartierville,2021-03-23T12:58:50,-73.659319099,45.570798271
21-60469,Plainte,Côte-des-Neiges - Notre-Dame-de-Grâce,Côte-des-Neiges-Notre-Dame-de-Grâce,2021-03-23T12:36:20,-73.62031147760513,45.51226739156712
21-60652,Plainte,LaSalle,LaSalle,2021-03-23T13:58:59,-73.64866760711196,45.42029636018579
21-60562,Plainte,Mercier - Hochelaga-Maisonneuve,Mercier-Hochelaga-Maisonneuve,2021-03-23T13:19:12,-73.54431068610445,45.57867467505319
21-60676,Plainte,Montréal-Nord,Montréal-Nord,2021-03-23T14:06:51,-73.63736246301657,45.59375802460729
21-61005,Plainte,Villeray-Saint-Michel - Parc-Extension,Villeray-Saint-Michel-Parc-Extension,2021-03-23T16:57:21,-73.6065114,45.575568074
21-60953,Plainte,Verdun,Verdun,2021-03-23T16:17:35,-73.56878351871924,45.454563418327744
21-60705,Plainte,Lachine,Lachine,2021-03-23T14:19:10,-73.66711555502977,45.43834577930385
21-60897,Plainte,Villeray-Saint-Michel - Parc-Extension,Villeray-Saint-Michel-Parc-Extension,2021-03-23T15:44:07,-73.61480761794671,45.53790885955877
21-61060,Plainte,LaSalle,LaSalle,2021-03-23T17:49:21,-73.63383290298917,45.41923685029086
21-61072,Plainte,Le Plateau-Mont-Royal,Le Plateau-Mont-Royal,2021-03-23T18:08:26,-73.58671849918599,45.53333213258199
21-61013,Plainte,Villeray-Saint-Michel - Parc-Extension,Villeray-Saint-Michel-Parc-Extension,2021-03-23T17:07:52,-73.59070806420819,45.56107709223965
21-61111,Plainte,Côte-des-Neiges - Notre-Dame-de-Grâce,Côte-des-Neiges-Notre-Dame-de-Grâce,2021-03-23T19:28:19,-73.637646945,45.466169207
21-62399,Plainte,Le Sud-Ouest,Le Sud-Ouest,2021-03-25T08:54:30,-73.5867837629794,45.46187036889419
21-61265,Plainte,LaSalle,LaSalle,2021-03-24T09:10:01,-73.60669464166705,45.432484350043694
21-61478,Plainte,Côte-des-Neiges - Notre-Dame-de-Grâce,Côte-des-Neiges-Notre-Dame-de-Grâce,2021-03-24T10:47:13,-73.61839221631242,45.49467247315973
21-61513,Plainte,Ville-Marie,Ville-Marie,2021-03-24T10:59:07,-73.55882857370764,45.51669669617837
21-61556,Plainte,Le Plateau-Mont-Royal,Le Plateau-Mont-Royal,2021-03-24T11:17:49,-73.57886581872165,45.52694065467124
21-61580,Plainte,Ville-Marie,Ville-Marie,2021-03-24T11:27:40,-73.560508119569,45.53752736626783
21-61602,Plainte,LaSalle,LaSalle,2021-03-24T11:33:52,-73.58943866009999,45.434844469323465
21-62064,Plainte,Verdun,Verdun,2021-03-24T15:18:36,-73.57383056408524,45.45952538755293
21-62092,Plainte,LaSalle,LaSalle,2021-03-24T15:30:03,-73.652027989,45.42358787
21-62276,Plainte,Ville-Marie,Ville-Marie,2021-03-24T18:46:50,-73.558139805,45.531374088
21-62397,Plainte,Ahuntsic - Cartierville,Ahuntsic-Cartierville,2021-03-25T08:53:44,-73.66296443810462,45.56113535913155
21-61286,Plainte,Ahuntsic - Cartierville,Ahuntsic-Cartierville,2021-03-24T09:17:24,-73.66133702568037,45.54944087601111
21-61339,Plainte,Le Plateau-Mont-Royal,Le Plateau-Mont-Royal,2021-03-24T09:42:00,-73.57094104127546,45.536060822833655
21-614,Plainte,Ahuntsic - Cartierville,Ahuntsic-Cartierville,2021-01-03T09:36:31,-73.652453256,45.551916969
21-61622,Plainte,Lachine,Lachine,2021-03-24T11:39:28,-73.6550836442505,45.44662452082919
21-61701,Plainte,Rosemont - La Petite-Patrie,Rosemont-La Petite-Patrie,2021-03-24T12:13:57,-73.60684439611326,45.54270074030895
21-61734,Plainte,Côte-des-Neiges - Notre-Dame-de-Grâce,Côte-des-Neiges-Notre-Dame-de-Grâce,2021-03-24T12:32:36,-73.61839221631242,45.49467247315973
21-61872,Plainte,Pierrefonds - Roxboro,Pierrefonds-Roxboro,2021-03-24T13:47:12,-73.85391365930968,45.48805838928099
21-61941,Plainte,Ville-Marie,Ville-Marie,2021-03-24T14:14:57,-73.55882857370764,45.51669669617837
21-62057,Plainte,Côte-des-Neiges - Notre-Dame-de-Grâce,Côte-des-Neiges-Notre-Dame-de-Grâce,2021-03-24T15:13:45,-73.63166934908362,45.51055909406685
21-62269,Plainte,Rivière-des-Prairies - Pointe-aux-Trembles,Rivière-des-Prairies-Pointe-aux-Trembles,2021-03-24T18:33:59,-73.59697848149139,45.63148907682768
21-62427,Plainte,Le Plateau-Mont-Royal,Le Plateau-Mont-Royal,2021-03-25T09:07:14,-73.59879924382662,45.52071830154039
21-62447,Plainte,Le Plateau-Mont-Royal,Le Plateau-Mont-Royal,2021-03-25T09:14:13,-73.5806741697854,45.538135343994405
21-62459,Plainte,Le Sud-Ouest,Le Sud-Ouest,2021-03-25T09:19:08,-73.56383013977128,45.47435187415552
21-62487,Plainte,Pierrefonds - Roxboro,Pierrefonds-Roxboro,2021-03-25T09:34:44,-73.80314774536714,45.51378954285904
21-62472,Plainte,Saint-Laurent,Saint-Laurent,2021-03-25T09:26:34,-73.68929852707181,45.50117877726524
21-62548,Plainte,Rivière-des-Prairies - Pointe-aux-Trembles,Rivière-des-Prairies-Pointe-aux-Trembles,2021-03-25T10:01:41,-73.60186332945818,45.62848594457216
21-62537,Plainte,Le Sud-Ouest,Le Sud-Ouest,2021-03-25T09:58:26,-73.59060222400083,45.47815566248073
21-62637,Plainte,Montréal-Nord,Montréal-Nord,2021-03-25T10:41:29,-73.65221886838917,45.58355730098917
21-62612,Plainte,Ahuntsic - Cartierville,Ahuntsic-Cartierville,2021-03-25T10:29:37,-73.66176231794233,45.54649665668043
21-62579,Plainte,Ville-Marie,Ville-Marie,2021-03-25T10:11:07,-73.56051177018993,45.51160151531163
21-62687,Plainte,Le Plateau-Mont-Royal,Le Plateau-Mont-Royal,2021-03-25T11:02:03,-73.59079570565522,45.525330312167895
21-62784,Plainte,Saint-Léonard,Saint-Léonard,2021-03-25T11:37:35,-73.59962963539611,45.580038293039706
21-62738,Plainte,Pierrefonds - Roxboro,Pierrefonds-Roxboro,2021-03-25T11:20:07,-73.88311966985857,45.46482218325068
21-62923,Plainte,Saint-Léonard,Saint-Léonard,2021-03-25T13:03:40,-73.60877309695469,45.58607094582224
21-62787,Plainte,Le Plateau-Mont-Royal,Le Plateau-Mont-Royal,2021-03-25T11:38:09,-73.59079570565522,45.525330312167895
21-6286,Plainte,Rosemont - La Petite-Patrie,Rosemont-La Petite-Patrie,2021-01-11T13:27:25,-73.5718198341416,45.55639779308427
21-62891,Plainte,Ville-Marie,Ville-Marie,2021-03-25T12:39:00,-73.55658544893826,45.49772170807224
21-62781,Plainte,Ville-Marie,Ville-Marie,2021-03-25T11:35:51,-73.58356113122379,45.50068832452973
21-62926,Plainte,Le Plateau-Mont-Royal,Le Plateau-Mont-Royal,2021-03-25T13:06:47,-73.5665313914163,45.530476004027314
21-62974,Plainte,Villeray-Saint-Michel - Parc-Extension,Villeray-Saint-Michel-Parc-Extension,2021-03-25T13:32:03,-73.59469883633469,45.56068433326192
21-62967,Plainte,Saint-Laurent,Saint-Laurent,2021-03-25T13:27:12,-73.69333220592009,45.52161679106505
21-62933,Plainte,Le Plateau-Mont-Royal,Le Plateau-Mont-Royal,2021-03-25T13:09:09,-73.572574619973,45.52433249302437
21-62987,Plainte,L'Île-Bizard - Sainte-Geneviève,L'Île-Bizard-Sainte-Geneviève,2021-03-25T13:38:28,-73.86475815678709,45.49456176734937
21-62984,Plainte,Verdun,Verdun,2021-03-25T13:37:09,-73.567158287,45.468700189
21-6315,Plainte,Côte-des-Neiges - Notre-Dame-de-Grâce,Côte-des-Neiges-Notre-Dame-de-Grâce,2021-01-11T13:44:14,-73.63090143820527,45.484212202818775
21-63065,Plainte,Côte-des-Neiges - Notre-Dame-de-Grâce,Côte-des-Neiges-Notre-Dame-de-Grâce,2021-03-25T14:24:00,-73.61981882820807,45.50563476835422
21-63133,Plainte,Ahuntsic - Cartierville,Ahuntsic-Cartierville,2021-03-25T14:57:53,-73.66281243255837,45.54735295671183
21-63028,Plainte,Rosemont - La Petite-Patrie,Rosemont-La Petite-Patrie,2021-03-25T14:01:44,-73.600642172,45.544151973
21-63142,Plainte,Le Plateau-Mont-Royal,Le Plateau-Mont-Royal,2021-03-25T15:03:56,-73.58818593655002,45.52384131598401
21-6318,Plainte,Ville-Marie,Ville-Marie,2021-01-11T13:45:29,-73.55294323083581,45.5096098128011
21-63418,Plainte,Le Plateau-Mont-Royal,Le Plateau-Mont-Royal,2021-03-25T20:05:00,-73.56994535996955,45.53779071437549
21-6331,Plainte,L'Île-Bizard - Sainte-Geneviève,L'Île-Bizard-Sainte-Geneviève,2021-01-11T13:55:13,-73.87728748878547,45.50375775929247
21-63222,Plainte,Ahuntsic - Cartierville,Ahuntsic-Cartierville,2021-03-25T15:44:51,-73.71245626756762,45.537231612294576
21-63267,Plainte,Villeray-Saint-Michel - Parc-Extension,Villeray-Saint-Michel-Parc-Extension,2021-03-25T16:12:36,-73.61545691658412,45.541299267122
21-63618,Plainte,Rosemont - La Petite-Patrie,Rosemont-La Petite-Patrie,2021-03-26T09:42:24,-73.58187132194541,45.56009285310034
21-63602,Plainte,L'Île-Bizard - Sainte-Geneviève,L'Île-Bizard-Sainte-Geneviève,2021-03-26T09:37:06,-73.88020887848295,45.4862146067007
21-63753,Plainte,Rosemont - La Petite-Patrie,Rosemont-La Petite-Patrie,2021-03-26T10:59:04,-73.57466107827052,45.56290286053948
21-63810,Plainte,LaSalle,LaSalle,2021-03-26T11:27:19,-73.60736786881418,45.450053333276735
21-63795,Plainte,Ahuntsic - Cartierville,Ahuntsic-Cartierville,2021-03-26T11:23:24,-73.66219386221388,45.54508114885972
21-63950,Plainte,Mercier - Hochelaga-Maisonneuve,Mercier-Hochelaga-Maisonneuve,2021-03-26T12:26:45,-73.51713236351091,45.59255315588124
21-63843,Plainte,Villeray-Saint-Michel - Parc-Extension,Villeray-Saint-Michel-Parc-Extension,2021-03-26T11:37:06,-73.60746084095044,45.554792577159645
21-6392,Plainte,Villeray-Saint-Michel - Parc-Extension,Villeray-Saint-Michel-Parc-Extension,2021-01-11T14:39:07,-73.6277383174009,45.538910868621
21-64218,Plainte,Le Plateau-Mont-Royal,Le Plateau-Mont-Royal,2021-03-26T15:04:23,-73.57416307457312,45.53596840443487
21-63968,Plainte,Côte-des-Neiges - Notre-Dame-de-Grâce,Côte-des-Neiges-Notre-Dame-de-Grâce,2021-03-26T12:38:44,-73.63658817505835,45.48828640631177
21-6422,Plainte,Villeray-Saint-Michel - Parc-Extension,Villeray-Saint-Michel-Parc-Extension,2021-01-11T15:06:44,-73.59106494360805,45.56160705482546
21-64222,Plainte,Le Plateau-Mont-Royal,Le Plateau-Mont-Royal,2021-03-26T15:07:54,-73.57872956723608,45.53766878882097
21-64217,Plainte,Le Plateau-Mont-Royal,Le Plateau-Mont-Royal,2021-03-26T15:03:53,-73.59206551848678,45.51849889406578
21-64239,Plainte,Le Plateau-Mont-Royal,Le Plateau-Mont-Royal,2021-03-26T15:18:43,-73.56994535996955,45.53779071437549
21-64250,Plainte,Ville-Marie,Ville-Marie,2021-03-26T15:28:28,-73.55860339399305,45.526775580409954
21-64721,Plainte,LaSalle,LaSalle,2021-03-28T09:34:29,-73.649742045,45.425218953
21-64337,Plainte,Rosemont - La Petite-Patrie,Rosemont-La Petite-Patrie,2021-03-26T16:28:41,-73.57553128034887,45.55873930125477
21-6448,Plainte,Le Sud-Ouest,Le Sud-Ouest,2021-01-11T15:19:42,-73.58351260686807,45.4822605249263
21-64527,Plainte,Ville-Marie,Ville-Marie,2021-03-27T11:43:16,-73.55297909391724,45.524112403709104
21-64642,Plainte,Le Sud-Ouest,Le Sud-Ouest,2021-03-27T15:49:50,-73.59082062,45.47054321
21-64814,Plainte,Outremont,Outremont,2021-03-28T13:13:11,-73.61108958313424,45.514095792113366
21-64742,Plainte,Mercier - Hochelaga-Maisonneuve,Mercier-Hochelaga-Maisonneuve,2021-03-28T10:29:29,-73.51251150086806,45.600524375973
21-64846,Plainte,Ahuntsic - Cartierville,Ahuntsic-Cartierville,2021-03-28T14:33:14,-73.62909456720287,45.55392666346081
21-6487,Plainte,Rosemont - La Petite-Patrie,Rosemont-La Petite-Patrie,2021-01-11T15:56:03,-73.565626312,45.558056932
21-65115,Plainte,Lachine,Lachine,2021-03-29T09:13:26,-73.68110688473027,45.432960569267664
21-6497,Plainte,Villeray-Saint-Michel - Parc-Extension,Villeray-Saint-Michel-Parc-Extension,2021-01-11T16:02:14,-73.63486112526607,45.54758621989915
21-65495,Plainte,Outremont,Outremont,2021-03-29T11:29:46,-73.61734262910676,45.51111890769921
21-65357,Plainte,Le Plateau-Mont-Royal,Le Plateau-Mont-Royal,2021-03-29T10:38:02,-73.59679447658576,45.525856297888886
21-65413,Plainte,Pierrefonds - Roxboro,Pierrefonds-Roxboro,2021-03-29T10:59:36,-73.8043361580342,45.50286566029197
21-6532,Plainte,Pierrefonds - Roxboro,Pierrefonds-Roxboro,2021-01-11T16:42:12,-73.84818620969796,45.49442058130631
21-65671,Plainte,Villeray-Saint-Michel - Parc-Extension,Villeray-Saint-Michel-Parc-Extension,2021-03-29T13:12:26,-73.59374874290872,45.56173856556769
21-65658,Plainte,Rosemont - La Petite-Patrie,Rosemont-La Petite-Patrie,2021-03-29T13:04:53,-73.57268920491026,45.56516573897681
21-65846,Plainte,Rosemont - La Petite-Patrie,Rosemont-La Petite-Patrie,2021-03-29T14:27:00,-73.5871404218926,45.54546938217509
21-65751,Plainte,Saint-Laurent,Saint-Laurent,2021-03-29T13:49:57,-73.69362798510346,45.49752290337241
21-65840,Plainte,Ahuntsic - Cartierville,Ahuntsic-Cartierville,2021-03-29T14:24:37,-73.70769227770431,45.53676080725738
21-663,Plainte,Rivière-des-Prairies - Pointe-aux-Trembles,Rivière-des-Prairies-Pointe-aux-Trembles,2021-01-03T11:25:17,-73.49413040589731,45.67009644587936
21-65995,Plainte,Ahuntsic - Cartierville,Ahuntsic-Cartierville,2021-03-29T15:29:25,-73.6361912189994,45.55496618967768
21-66038,Plainte,LaSalle,LaSalle,2021-03-29T15:45:27,-73.60669464166705,45.432484350043694
21-66675,Plainte,Montréal-Nord,Montréal-Nord,2021-03-30T11:03:42,-73.63736246301657,45.59375802460729
21-66423,Plainte,Ville-Marie,Ville-Marie,2021-03-30T09:07:02,-73.55697438606518,45.52092958345659
21-66598,Plainte,Côte-des-Neiges - Notre-Dame-de-Grâce,Côte-des-Neiges-Notre-Dame-de-Grâce,2021-03-30T10:24:44,-73.636873648,45.498259279
21-66664,Plainte,Mercier - Hochelaga-Maisonneuve,Mercier-Hochelaga-Maisonneuve,2021-03-30T10:56:55,-73.55642242121881,45.57901957802046
21-66407,Plainte,Le Plateau-Mont-Royal,Le Plateau-Mont-Royal,2021-03-30T08:57:46,-73.59557459959436,45.5248007001147
21-66589,Plainte,Ahuntsic - Cartierville,Ahuntsic-Cartierville,2021-03-30T10:21:03,-73.64078375970578,45.54725544421773
21-66590,Plainte,Côte-des-Neiges - Notre-Dame-de-Grâce,Côte-des-Neiges-Notre-Dame-de-Grâce,2021-03-30T10:22:00,-73.641605432,45.50036979
21-66620,Plainte,Montréal-Nord,Montréal-Nord,2021-03-30T10:34:53,-73.62051759962061,45.6226098375564
21-66668,Plainte,Villeray-Saint-Michel - Parc-Extension,Villeray-Saint-Michel-Parc-Extension,2021-03-30T11:00:11,-73.61919194171678,45.538868060966834
21-66782,Plainte,Le Plateau-Mont-Royal,Le Plateau-Mont-Royal,2021-03-30T11:54:52,-73.59079570565522,45.525330312167895
21-66710,Plainte,Côte-des-Neiges - Notre-Dame-de-Grâce,Côte-des-Neiges-Notre-Dame-de-Grâce,2021-03-30T11:21:04,-73.62782106909162,45.49561921425769
21-66757,Plainte,Rosemont - La Petite-Patrie,Rosemont-La Petite-Patrie,2021-03-30T11:43:30,-73.59638682293753,45.531725100312975
21-66745,Plainte,Ahuntsic - Cartierville,Ahuntsic-Cartierville,2021-03-30T11:38:40,-73.69670765587598,45.531251380965344
21-66786,Plainte,Côte-des-Neiges - Notre-Dame-de-Grâce,Côte-des-Neiges-Notre-Dame-de-Grâce,2021-03-30T11:57:20,-73.62782106909162,45.49561921425769
21-67071,Plainte,Outremont,Outremont,2021-03-30T14:57:04,-73.61108958313424,45.514095792113366
21-6687,Plainte,Lachine,Lachine,2021-01-12T09:05:18,-73.64220175517086,45.446693705507855
21-66999,Plainte,Rosemont - La Petite-Patrie,Rosemont-La Petite-Patrie,2021-03-30T14:22:09,-73.593153909,45.555486419
21-66915,Plainte,Rosemont - La Petite-Patrie,Rosemont-La Petite-Patrie,2021-03-30T13:30:14,-73.57433705427786,45.55204179075774
21-66949,Plainte,Rivière-des-Prairies - Pointe-aux-Trembles,Rivière-des-Prairies-Pointe-aux-Trembles,2021-03-30T13:56:20,-73.48778961667266,45.63950681617761
21-67143,Plainte,Villeray-Saint-Michel - Parc-Extension,Villeray-Saint-Michel-Parc-Extension,2021-03-30T15:39:09,-73.60218674622264,45.54780321901263
21-67079,Plainte,Pierrefonds - Roxboro,Pierrefonds-Roxboro,2021-03-30T14:59:39,-73.88952593370144,45.455156780861664
21-67145,Plainte,Ville-Marie,Ville-Marie,2021-03-30T15:39:23,-73.56260807732977,45.51470463423157
21-67167,Plainte,Le Plateau-Mont-Royal,Le Plateau-Mont-Royal,2021-03-30T15:48:03,-73.57934975635726,45.53927051408874
21-67321,Plainte,Ahuntsic - Cartierville,Ahuntsic-Cartierville,2021-03-30T17:54:49,-73.70290230461863,45.53122958728072
21-67155,Plainte,Ville-Marie,Ville-Marie,2021-03-30T15:44:31,-73.55294323083581,45.5096098128011
21-67181,Plainte,Rivière-des-Prairies - Pointe-aux-Trembles,Rivière-des-Prairies-Pointe-aux-Trembles,2021-03-30T15:53:20,-73.59299085812849,45.640604325433024
21-67205,Plainte,Le Plateau-Mont-Royal,Le Plateau-Mont-Royal,2021-03-30T16:07:11,-73.57446240161138,45.52229951327823
21-67175,Plainte,Le Sud-Ouest,Le Sud-Ouest,2021-03-30T15:50:13,-73.58351260686807,45.4822605249263
21-67177,Plainte,Ahuntsic - Cartierville,Ahuntsic-Cartierville,2021-03-30T15:50:51,-73.72984390190618,45.52712461116519
21-6724,Plainte,Villeray-Saint-Michel - Parc-Extension,Villeray-Saint-Michel-Parc-Extension,2021-01-12T09:31:53,-73.6135396092245,45.548325903613645
21-67267,Plainte,Rosemont - La Petite-Patrie,Rosemont-La Petite-Patrie,2021-03-30T16:57:08,-73.611976813,45.531794133
21-67328,Plainte,Le Sud-Ouest,Le Sud-Ouest,2021-03-30T18:11:34,-73.565207227,45.476171811
21-67480,Plainte,L'Île-Bizard - Sainte-Geneviève,L'Île-Bizard-Sainte-Geneviève,2021-03-31T08:51:44,-73.86610552842272,45.51834829161435
21-67605,Plainte,Le Plateau-Mont-Royal,Le Plateau-Mont-Royal,2021-03-31T10:00:49,-73.59079570565522,45.525330312167895
21-67576,Plainte,Rosemont - La Petite-Patrie,Rosemont-La Petite-Patrie,2021-03-31T09:44:37,-73.57988974376751,45.55691767251195
21-67515,Plainte,Le Plateau-Mont-Royal,Le Plateau-Mont-Royal,2021-03-31T09:08:24,-73.59557459959436,45.5248007001147
21-67547,Plainte,Ville-Marie,Ville-Marie,2021-03-31T09:26:56,-73.56603764846403,45.49356718915262
21-67587,Plainte,Rosemont - La Petite-Patrie,Rosemont-La Petite-Patrie,2021-03-31T09:52:41,-73.56471171842908,45.57267981403928
21-67610,Plainte,Le Plateau-Mont-Royal,Le Plateau-Mont-Royal,2021-03-31T10:02:45,-73.56858662581027,45.536748231280185
21-67794,Plainte,Rosemont - La Petite-Patrie,Rosemont-La Petite-Patrie,2021-03-31T11:33:43,-73.57868647214563,45.57547055537992
21-67616,Plainte,Lachine,Lachine,2021-03-31T10:04:58,-73.68110688473027,45.432960569267664
21-6764,Plainte,Côte-des-Neiges - Notre-Dame-de-Grâce,Côte-des-Neiges-Notre-Dame-de-Grâce,2021-01-12T09:52:53,-73.6351812117346,45.47470272048381
21-68003,Plainte,L'Île-Bizard - Sainte-Geneviève,L'Île-Bizard-Sainte-Geneviève,2021-03-31T13:26:51,-73.87380494377321,45.497786822782274
21-68001,Plainte,Côte-des-Neiges - Notre-Dame-de-Grâce,Côte-des-Neiges-Notre-Dame-de-Grâce,2021-03-31T13:25:09,-73.63181152,45.485788443
21-68127,Plainte,Villeray-Saint-Michel - Parc-Extension,Villeray-Saint-Michel-Parc-Extension,2021-03-31T14:25:07,-73.64703853642798,45.53027253989432
21-6802,Plainte,Montréal-Nord,Montréal-Nord,2021-01-12T10:24:44,-73.62901132043405,45.593964521306
21-68023,Plainte,Rivière-des-Prairies - Pointe-aux-Trembles,Rivière-des-Prairies-Pointe-aux-Trembles,2021-03-31T13:39:39,-73.5035098666166,45.652631345555285
21-68090,Plainte,Le Plateau-Mont-Royal,Le Plateau-Mont-Royal,2021-03-31T14:08:02,-73.59079570565522,45.525330312167895
21-68100,Plainte,Saint-Léonard,Saint-Léonard,2021-03-31T14:11:49,-73.5859433516406,45.58218936369249
21-6813,Plainte,Anjou,Anjou,2021-01-12T10:33:33,-73.55827905445805,45.603315087018565
21-68172,Plainte,Rosemont - La Petite-Patrie,Rosemont-La Petite-Patrie,2021-03-31T14:50:34,-73.58240399119218,45.567822359414045
21-68142,Plainte,Lachine,Lachine,2021-03-31T14:34:15,-73.68142543580723,45.44600017875638
21-68225,Plainte,Rosemont - La Petite-Patrie,Rosemont-La Petite-Patrie,2021-03-31T15:16:24,-73.57409427604159,45.57610372452645
21-68317,Plainte,Anjou,Anjou,2021-03-31T16:21:54,-73.56077095007322,45.60481065858261
21-68253,Plainte,Rosemont - La Petite-Patrie,Rosemont-La Petite-Patrie,2021-03-31T15:36:24,-73.575774876,45.558459293
21-68309,Plainte,Ville-Marie,Ville-Marie,2021-03-31T16:07:41,-73.55210302452255,45.53420365011045
21-6843,Plainte,Anjou,Anjou,2021-01-12T10:52:37,-73.56180640912443,45.60790397988469
21-68351,Plainte,Ahuntsic - Cartierville,Ahuntsic-Cartierville,2021-03-31T17:04:54,-73.65264447704327,45.57899981684345
21-68495,Plainte,Ville-Marie,Ville-Marie,2021-04-01T08:57:28,-73.55697438606518,45.52092958345659
21-6857,Plainte,Le Plateau-Mont-Royal,Le Plateau-Mont-Royal,2021-01-12T11:02:26,-73.57334841732239,45.50984884498671
21-68511,Plainte,Le Plateau-Mont-Royal,Le Plateau-Mont-Royal,2021-04-01T09:08:53,-73.57922051882012,45.532584397896
21-68505,Plainte,Outremont,Outremont,2021-04-01T09:03:12,-73.61506050788748,45.51857771683297
21-68589,Plainte,Ahuntsic - Cartierville,Ahuntsic-Cartierville,2021-04-01T09:48:34,-73.62968854084166,45.5563252412382
21-68741,Plainte,Le Plateau-Mont-Royal,Le Plateau-Mont-Royal,2021-04-01T11:11:27,-73.59079570565522,45.525330312167895
21-68760,Plainte,Ville-Marie,Ville-Marie,2021-04-01T11:18:37,-73.55294323083581,45.5096098128011
21-69203,Plainte,Ahuntsic - Cartierville,Ahuntsic-Cartierville,2021-04-01T15:59:34,-73.65143175644639,45.57086635521173
21-6882,Plainte,Rivière-des-Prairies - Pointe-aux-Trembles,Rivière-des-Prairies-Pointe-aux-Trembles,2021-01-12T11:22:11,-73.55798948746498,45.66549446504291
21-68900,Plainte,Lachine,Lachine,2021-04-01T12:54:28,-73.66791009347969,45.43333275417529
21-69040,Plainte,Ahuntsic - Cartierville,Ahuntsic-Cartierville,2021-04-01T14:25:34,-73.6544559242153,45.54541104759156
21-6916,Plainte,Pierrefonds - Roxboro,Pierrefonds-Roxboro,2021-01-12T11:47:59,-73.92782968101298,45.45807944234912
21-68775,Plainte,Ahuntsic - Cartierville,Ahuntsic-Cartierville,2021-04-01T11:26:18,-73.64766285480056,45.55019957094305
21-68855,Plainte,L'Île-Bizard - Sainte-Geneviève,L'Île-Bizard-Sainte-Geneviève,2021-04-01T12:22:10,-73.86918361330876,45.481191648532366
21-68954,Plainte,Outremont,Outremont,2021-04-01T13:30:50,-73.61891670904133,45.51743186508181
21-68982,Plainte,Montréal-Nord,Montréal-Nord,2021-04-01T13:46:34,-73.63183369398611,45.60561430677589
21-6915,Plainte,LaSalle,LaSalle,2021-01-12T11:47:32,-73.61394574643207,45.4182430034154
21-69214,Plainte,Rosemont - La Petite-Patrie,Rosemont-La Petite-Patrie,2021-04-01T16:06:59,-73.5877643815577,45.540336111597696
21-6934,Plainte,Montréal-Nord,Montréal-Nord,2021-01-12T12:03:11,-73.62113587352978,45.60203023162846
21-69277,Plainte,Villeray-Saint-Michel - Parc-Extension,Villeray-Saint-Michel-Parc-Extension,2021-04-01T17:05:22,-73.61645467660038,45.56915728688576
21-69293,Plainte,Villeray-Saint-Michel - Parc-Extension,Villeray-Saint-Michel-Parc-Extension,2021-04-01T17:25:47,-73.61645467660038,45.56915728688576
21-69295,Plainte,Pierrefonds - Roxboro,Pierrefonds-Roxboro,2021-04-01T17:27:32,-73.80188838540725,45.511693856559866
21-69745,Plainte,Le Plateau-Mont-Royal,Le Plateau-Mont-Royal,2021-04-02T15:24:33,-73.57874496799946,45.52483125365176
21-7081,Plainte,LaSalle,LaSalle,2021-01-12T14:10:02,-73.61796520341817,45.43219864607899
21-69881,Plainte,Mercier - Hochelaga-Maisonneuve,Mercier-Hochelaga-Maisonneuve,2021-04-03T09:48:04,-73.53768500110685,45.55391501191976
21-69795,Plainte,Rosemont - La Petite-Patrie,Rosemont-La Petite-Patrie,2021-04-02T16:37:35,-73.58808176928781,45.54286383999069
21-70187,Plainte,Lachine,Lachine,2021-04-04T12:20:08,-73.67552595002284,45.43567729865856
21-6989,Plainte,Villeray-Saint-Michel - Parc-Extension,Villeray-Saint-Michel-Parc-Extension,2021-01-12T12:52:06,-73.63224073966376,45.54051542608112
21-70174,Plainte,Mercier - Hochelaga-Maisonneuve,Mercier-Hochelaga-Maisonneuve,2021-04-04T11:42:33,-73.56224289089671,45.58907385601255
21-69875,Plainte,Villeray-Saint-Michel - Parc-Extension,Villeray-Saint-Michel-Parc-Extension,2021-04-03T09:41:02,-73.60344627724751,45.56102477624352
21-70687,Plainte,Verdun,Verdun,2021-04-05T14:46:52,-73.59582844020997,45.43730663031495
21-70248,Plainte,Ville-Marie,Ville-Marie,2021-04-04T15:06:53,-73.57440118651705,45.49654220844952
21-70439,Plainte,Lachine,Lachine,2021-04-05T10:22:08,-73.66718396988843,45.43059139545176
21-70281,Plainte,Mercier - Hochelaga-Maisonneuve,Mercier-Hochelaga-Maisonneuve,2021-04-04T16:46:31,-73.54076685479615,45.54919564589484
21-70400,Plainte,Rivière-des-Prairies - Pointe-aux-Trembles,Rivière-des-Prairies-Pointe-aux-Trembles,2021-04-05T09:49:42,-73.55222801884211,45.65998113401027
21-7051,Plainte,Saint-Léonard,Saint-Léonard,2021-01-12T13:49:09,-73.59555832652754,45.59235195583665
21-70538,Plainte,Ahuntsic - Cartierville,Ahuntsic-Cartierville,2021-04-05T12:00:15,-73.65688389177063,45.56526613986209
21-70680,Plainte,Rosemont - La Petite-Patrie,Rosemont-La Petite-Patrie,2021-04-05T14:42:51,-73.56412509677465,45.5577002300354
21-70832,Plainte,Rosemont - La Petite-Patrie,Rosemont-La Petite-Patrie,2021-04-05T20:25:56,-73.58064005518237,45.57264031524158
21-70705,Plainte,Rivière-des-Prairies - Pointe-aux-Trembles,Rivière-des-Prairies-Pointe-aux-Trembles,2021-04-05T15:09:49,-73.5470308824483,45.66394108741896
21-70948,Plainte,Villeray-Saint-Michel - Parc-Extension,Villeray-Saint-Michel-Parc-Extension,2021-04-06T08:52:45,-73.60879478941855,45.54871091317428
21-71118,Plainte,Saint-Laurent,Saint-Laurent,2021-04-06T09:43:05,-73.6978826988173,45.5098292463397
21-71186,Plainte,Ahuntsic - Cartierville,Ahuntsic-Cartierville,2021-04-06T10:05:22,-73.70067124011553,45.539992333701534
21-71128,Plainte,Ahuntsic - Cartierville,Ahuntsic-Cartierville,2021-04-06T09:47:26,-73.74079367679876,45.51826726230863
21-71434,Plainte,Pierrefonds - Roxboro,Pierrefonds-Roxboro,2021-04-06T11:22:21,-73.77476275308207,45.50122939827275
21-71176,Plainte,Outremont,Outremont,2021-04-06T10:03:12,-73.60234324510844,45.51913570776888
21-71185,Plainte,Côte-des-Neiges - Notre-Dame-de-Grâce,Côte-des-Neiges-Notre-Dame-de-Grâce,2021-04-06T10:05:05,-73.63298234204515,45.50866200559696
21-71437,Plainte,Ahuntsic - Cartierville,Ahuntsic-Cartierville,2021-04-06T11:23:35,-73.64318868107202,45.578305276058
21-7142,Plainte,Saint-Léonard,Saint-Léonard,2021-01-12T14:49:01,-73.58331037211609,45.57696158195376
21-71459,Plainte,Ahuntsic - Cartierville,Ahuntsic-Cartierville,2021-04-06T11:32:53,-73.6805266587048,45.54670815743314
21-71768,Plainte,Rosemont - La Petite-Patrie,Rosemont-La Petite-Patrie,2021-04-06T13:38:21,-73.58639386462451,45.54414137253067
21-71535,Plainte,Ahuntsic - Cartierville,Ahuntsic-Cartierville,2021-04-06T11:58:14,-73.66735087845588,45.54743005684322
21-71643,Plainte,Saint-Laurent,Saint-Laurent,2021-04-06T12:46:54,-73.6780681905765,45.50507064833927
21-71966,Plainte,LaSalle,LaSalle,2021-04-06T14:48:11,-73.62240180725425,45.43672232438927
21-72027,Plainte,Verdun,Verdun,2021-04-06T15:09:17,-73.54930541515981,45.46065762448976
21-72052,Plainte,Ahuntsic - Cartierville,Ahuntsic-Cartierville,2021-04-06T15:15:43,-73.65315645790594,45.56430183613959
21-72022,Plainte,Le Plateau-Mont-Royal,Le Plateau-Mont-Royal,2021-04-06T15:07:33,-73.56456165625892,45.535682049461805
21-72122,Plainte,Verdun,Verdun,2021-04-06T15:38:06,-73.57444915873826,45.45260222965074
21-72066,Plainte,Côte-des-Neiges - Notre-Dame-de-Grâce,Côte-des-Neiges-Notre-Dame-de-Grâce,2021-04-06T15:20:49,-73.63090143820527,45.484212202818775
21-72059,Plainte,Côte-des-Neiges - Notre-Dame-de-Grâce,Côte-des-Neiges-Notre-Dame-de-Grâce,2021-04-06T15:17:26,-73.63090143820527,45.484212202818775
21-72169,Plainte,Villeray-Saint-Michel - Parc-Extension,Villeray-Saint-Michel-Parc-Extension,2021-04-06T15:59:59,-73.6269548960296,45.54466647518717
21-72153,Plainte,Le Sud-Ouest,Le Sud-Ouest,2021-04-06T15:52:50,-73.58497663370835,45.48060941995201
21-72158,Plainte,Ahuntsic - Cartierville,Ahuntsic-Cartierville,2021-04-06T15:55:10,-73.66703794954809,45.53701398364918
21-72176,Plainte,Rivière-des-Prairies - Pointe-aux-Trembles,Rivière-des-Prairies-Pointe-aux-Trembles,2021-04-06T16:04:46,-73.59988866787361,45.624393156627285
21-72215,Plainte,Le Plateau-Mont-Royal,Le Plateau-Mont-Royal,2021-04-06T16:23:03,-73.591363674,45.52523894
21-72323,Plainte,Rosemont - La Petite-Patrie,Rosemont-La Petite-Patrie,2021-04-06T17:29:22,-73.585802408,45.550124634
21-72292,Plainte,Rosemont - La Petite-Patrie,Rosemont-La Petite-Patrie,2021-04-06T17:03:42,-73.59737355497299,45.53488668267025
21-72314,Plainte,Le Plateau-Mont-Royal,Le Plateau-Mont-Royal,2021-04-06T17:19:37,-73.57754793334728,45.52069276504584
21-72253,Plainte,Ahuntsic - Cartierville,Ahuntsic-Cartierville,2021-04-06T16:38:29,-73.652233451,45.573768218
21-72276,Plainte,Saint-Laurent,Saint-Laurent,2021-04-06T16:55:43,-73.71785324893911,45.51293075642069
21-72281,Plainte,Outremont,Outremont,2021-04-06T16:58:07,-73.61950600895027,45.51955719568304
21-723,Plainte,Verdun,Verdun,2021-01-03T13:31:24,-73.5393865714513,45.46502054991849
21-72354,Plainte,Ahuntsic - Cartierville,Ahuntsic-Cartierville,2021-04-06T18:01:51,-73.65567445646512,45.55117233611138
21-72632,Plainte,Villeray-Saint-Michel - Parc-Extension,Villeray-Saint-Michel-Parc-Extension,2021-04-07T08:57:36,-73.61333631402977,45.57740770672772
21-72595,Plainte,Rivière-des-Prairies - Pointe-aux-Trembles,Rivière-des-Prairies-Pointe-aux-Trembles,2021-04-07T08:47:30,-73.496872182,45.677613594
21-72550,Plainte,Le Plateau-Mont-Royal,Le Plateau-Mont-Royal,2021-04-07T08:35:20,-73.56567044856816,45.52875433222148
21-72638,Plainte,Le Plateau-Mont-Royal,Le Plateau-Mont-Royal,2021-04-07T09:01:41,-73.58016358077303,45.52515380156722
21-72687,Plainte,L'Île-Bizard - Sainte-Geneviève,L'Île-Bizard-Sainte-Geneviève,2021-04-07T09:18:05,-73.87193540934277,45.493695515043136
21-72783,Plainte,Le Plateau-Mont-Royal,Le Plateau-Mont-Royal,2021-04-07T09:50:29,-73.59412755272916,45.51937958359103
21-72700,Plainte,Mercier - Hochelaga-Maisonneuve,Mercier-Hochelaga-Maisonneuve,2021-04-07T09:21:24,-73.52756377690785,45.598714530168856
21-7276,Plainte,LaSalle,LaSalle,2021-01-12T16:29:13,-73.63573233130819,45.41689687247739
21-73016,Plainte,Le Sud-Ouest,Le Sud-Ouest,2021-04-07T11:12:15,-73.56742151484046,45.47857831694119
21-72798,Plainte,Lachine,Lachine,2021-04-07T09:56:11,-73.72092992471019,45.44608725032437
21-72938,Plainte,Villeray-Saint-Michel - Parc-Extension,Villeray-Saint-Michel-Parc-Extension,2021-04-07T10:43:53,-73.646447944,45.53347961
21-73194,Plainte,Lachine,Lachine,2021-04-07T12:18:10,-73.680826177,45.433340552
21-73052,Plainte,Rosemont - La Petite-Patrie,Rosemont-La Petite-Patrie,2021-04-07T11:21:45,-73.60326050982152,45.54665503089349
21-73057,Plainte,Le Plateau-Mont-Royal,Le Plateau-Mont-Royal,2021-04-07T11:24:57,-73.57092406892896,45.53121667734157
21-73028,Plainte,Le Plateau-Mont-Royal,Le Plateau-Mont-Royal,2021-04-07T11:16:21,-73.573676587,45.509491275
21-73048,Plainte,Pierrefonds - Roxboro,Pierrefonds-Roxboro,2021-04-07T11:20:00,-73.80985770991481,45.50521796846089
21-73215,Plainte,Saint-Léonard,Saint-Léonard,2021-04-07T12:33:00,-73.59773083870645,45.58428894016698
21-73239,Plainte,L'Île-Bizard - Sainte-Geneviève,L'Île-Bizard-Sainte-Geneviève,2021-04-07T12:45:56,-73.88490198586821,45.48226505218541
21-73717,Plainte,Villeray-Saint-Michel - Parc-Extension,Villeray-Saint-Michel-Parc-Extension,2021-04-07T15:51:32,-73.61034020595586,45.55337262248813
21-73616,Plainte,Le Plateau-Mont-Royal,Le Plateau-Mont-Royal,2021-04-07T15:12:09,-73.58116562497543,45.53489817167429
21-73689,Plainte,Ahuntsic - Cartierville,Ahuntsic-Cartierville,2021-04-07T15:37:01,-73.65502918627324,45.537893874954776
21-73437,Plainte,Ville-Marie,Ville-Marie,2021-04-07T14:06:42,-73.5615129790256,45.53093560275207
21-73737,Plainte,Le Plateau-Mont-Royal,Le Plateau-Mont-Royal,2021-04-07T15:59:43,-73.57872956723608,45.53766878882097
21-73856,Plainte,Le Sud-Ouest,Le Sud-Ouest,2021-04-07T17:48:06,-73.58104476724198,45.48290935791408
21-73780,Plainte,Rosemont - La Petite-Patrie,Rosemont-La Petite-Patrie,2021-04-07T16:24:11,-73.5732821229284,45.57634743305957
21-73796,Plainte,Lachine,Lachine,2021-04-07T16:37:36,-73.70695931713428,45.44530591108536
21-73876,Plainte,Rivière-des-Prairies - Pointe-aux-Trembles,Rivière-des-Prairies-Pointe-aux-Trembles,2021-04-07T18:05:25,-73.50270675331987,45.64401608996712
21-73898,Plainte,Villeray-Saint-Michel - Parc-Extension,Villeray-Saint-Michel-Parc-Extension,2021-04-07T18:29:41,-73.62475354113015,45.52992252243281
21-74029,Plainte,Ville-Marie,Ville-Marie,2021-04-08T08:36:41,-73.56384843915531,45.5241185524926
21-742,Plainte,Ahuntsic - Cartierville,Ahuntsic-Cartierville,2021-01-03T14:22:51,-73.6972431812471,45.53943722317023
21-74138,Plainte,Saint-Léonard,Saint-Léonard,2021-04-08T09:09:06,-73.60494977650502,45.57656020679774
21-74054,Plainte,Le Plateau-Mont-Royal,Le Plateau-Mont-Royal,2021-04-08T08:43:19,-73.5887491403267,45.52829715010528
21-74098,Plainte,Le Sud-Ouest,Le Sud-Ouest,2021-04-08T08:57:08,-73.55465040320402,45.47853711981495
21-74502,Plainte,Rosemont - La Petite-Patrie,Rosemont-La Petite-Patrie,2021-04-08T11:31:28,-73.56560788350353,45.57975159229417
21-74397,Plainte,Rosemont - La Petite-Patrie,Rosemont-La Petite-Patrie,2021-04-08T10:54:28,-73.61400017924745,45.53186199409603
21-74449,Plainte,LaSalle,LaSalle,2021-04-08T11:12:43,-73.63592196246793,45.41709953300922
21-74210,Plainte,Côte-des-Neiges - Notre-Dame-de-Grâce,Côte-des-Neiges-Notre-Dame-de-Grâce,2021-04-08T09:45:35,-73.61728938351158,45.50538219056455
21-7426,Plainte,Villeray-Saint-Michel - Parc-Extension,Villeray-Saint-Michel-Parc-Extension,2021-01-13T08:09:59,-73.62357144246306,45.54621534006409
21-74440,Plainte,Lachine,Lachine,2021-04-08T11:10:13,-73.67912508405827,45.44095384966393
21-7459,Plainte,Villeray-Saint-Michel - Parc-Extension,Villeray-Saint-Michel-Parc-Extension,2021-01-13T08:50:34,-73.61919270393045,45.54388962583412
21-74562,Plainte,LaSalle,LaSalle,2021-04-08T11:52:01,-73.62336804751789,45.42782148870221
21-74814,Plainte,Ville-Marie,Ville-Marie,2021-04-08T13:57:26,-73.56219021332964,45.52287811153062
21-74667,Plainte,Le Plateau-Mont-Royal,Le Plateau-Mont-Royal,2021-04-08T12:56:36,-73.59079570565522,45.525330312167895
21-74687,Plainte,LaSalle,LaSalle,2021-04-08T13:08:29,-73.64191450178089,45.43529872952791
21-74815,Plainte,L'Île-Bizard - Sainte-Geneviève,L'Île-Bizard-Sainte-Geneviève,2021-04-08T13:57:38,-73.87594717570147,45.48668969966501
21-74826,Plainte,Verdun,Verdun,2021-04-08T14:00:05,-73.56758929646494,45.45638079315505
21-74864,Plainte,Ville-Marie,Ville-Marie,2021-04-08T14:12:02,-73.54432421463669,45.50037009443281
21-74912,Plainte,Le Plateau-Mont-Royal,Le Plateau-Mont-Royal,2021-04-08T14:29:01,-73.58156948396363,45.52476655417208
21-74885,Plainte,Le Plateau-Mont-Royal,Le Plateau-Mont-Royal,2021-04-08T14:19:43,-73.58043517189802,45.52424925757177
21-75032,Plainte,Côte-des-Neiges - Notre-Dame-de-Grâce,Côte-des-Neiges-Notre-Dame-de-Grâce,2021-04-08T15:13:24,-73.63208091820249,45.50536265986484
21-74958,Plainte,L'Île-Bizard - Sainte-Geneviève,L'Île-Bizard-Sainte-Geneviève,2021-04-08T14:48:16,-73.86907266624686,45.50540582295038
21-75244,Plainte,Le Plateau-Mont-Royal,Le Plateau-Mont-Royal,2021-04-08T16:42:41,-73.57716295099367,45.526630985485625
21-77955,Plainte,Verdun,Verdun,2021-04-12T10:58:29,-73.56972618554184,45.45678063579447
21-75260,Plainte,Rosemont - La Petite-Patrie,Rosemont-La Petite-Patrie,2021-04-08T16:51:28,-73.588475631,45.547051995
21-75390,Plainte,Mercier - Hochelaga-Maisonneuve,Mercier-Hochelaga-Maisonneuve,2021-04-08T19:13:19,-73.54070265643354,45.540628638246936
21-75416,Plainte,Mercier - Hochelaga-Maisonneuve,Mercier-Hochelaga-Maisonneuve,2021-04-08T20:10:53,-73.552464678,45.552380864
21-75418,Plainte,Rivière-des-Prairies - Pointe-aux-Trembles,Rivière-des-Prairies-Pointe-aux-Trembles,2021-04-08T20:12:47,-73.54732561559935,45.66014558541509
21-76028,Plainte,Côte-des-Neiges - Notre-Dame-de-Grâce,Côte-des-Neiges-Notre-Dame-de-Grâce,2021-04-09T12:31:08,-73.64231000585207,45.48696467409828
21-75807,Plainte,Le Plateau-Mont-Royal,Le Plateau-Mont-Royal,2021-04-09T10:48:36,-73.57166107002344,45.52907642252971
21-75485,Plainte,Outremont,Outremont,2021-04-09T08:38:45,-73.6237175700576,45.51625086477702
21-75562,Plainte,Villeray-Saint-Michel - Parc-Extension,Villeray-Saint-Michel-Parc-Extension,2021-04-09T09:06:41,-73.63494392692785,45.532522197294654
21-75744,Plainte,Mercier - Hochelaga-Maisonneuve,Mercier-Hochelaga-Maisonneuve,2021-04-09T10:24:28,-73.5157892651825,45.61157588478521
21-75775,Plainte,Mercier - Hochelaga-Maisonneuve,Mercier-Hochelaga-Maisonneuve,2021-04-09T10:34:18,-73.5094958937488,45.58693364379045
21-75843,Plainte,Ville-Marie,Ville-Marie,2021-04-09T11:01:12,-73.55424059720383,45.51966520616134
21-76624,Plainte,Villeray-Saint-Michel - Parc-Extension,Villeray-Saint-Michel-Parc-Extension,2021-04-09T20:06:40,-73.6093652833085,45.5620069078467
21-7618,Plainte,Ahuntsic - Cartierville,Ahuntsic-Cartierville,2021-01-13T10:22:09,-73.67702259581695,45.540267314022685
21-76192,Plainte,Le Plateau-Mont-Royal,Le Plateau-Mont-Royal,2021-04-09T13:50:54,-73.577146218,45.517247327
21-76212,Plainte,Ville-Marie,Ville-Marie,2021-04-09T13:59:17,-73.55882857370764,45.51669669617837
21-76216,Plainte,Ahuntsic - Cartierville,Ahuntsic-Cartierville,2021-04-09T14:01:39,-73.68816908416365,45.53157680570858
21-76233,Plainte,Côte-des-Neiges - Notre-Dame-de-Grâce,Côte-des-Neiges-Notre-Dame-de-Grâce,2021-04-09T14:10:21,-73.63717842609213,45.485412321813286
21-76396,Plainte,Saint-Léonard,Saint-Léonard,2021-04-09T15:35:57,-73.58545013053809,45.57869778529987
21-76518,Plainte,Saint-Léonard,Saint-Léonard,2021-04-09T17:01:40,-73.59773083870645,45.58428894016698
21-76225,Plainte,Verdun,Verdun,2021-04-09T14:05:32,-73.56454195286406,45.45556676879552
21-76266,Plainte,Mercier - Hochelaga-Maisonneuve,Mercier-Hochelaga-Maisonneuve,2021-04-09T14:29:31,-73.5673380267788,45.596535605721904
21-76295,Plainte,Ahuntsic - Cartierville,Ahuntsic-Cartierville,2021-04-09T14:43:37,-73.70609441693159,45.53089910818582
21-77219,Plainte,Villeray-Saint-Michel - Parc-Extension,Villeray-Saint-Michel-Parc-Extension,2021-04-11T11:48:54,-73.625125805,45.537166171
21-76688,Plainte,Mercier - Hochelaga-Maisonneuve,Mercier-Hochelaga-Maisonneuve,2021-04-10T09:11:18,-73.51828278683838,45.59901291795083
21-76690,Plainte,Ville-Marie,Ville-Marie,2021-04-10T09:12:20,-73.57190527802287,45.49693985700527
21-76716,Plainte,Ahuntsic - Cartierville,Ahuntsic-Cartierville,2021-04-10T09:45:52,-73.67330864041666,45.54655952908378
21-77024,Plainte,Côte-des-Neiges - Notre-Dame-de-Grâce,Côte-des-Neiges-Notre-Dame-de-Grâce,2021-04-10T17:05:52,-73.63090143820527,45.484212202818775
21-7677,Plainte,Ahuntsic - Cartierville,Ahuntsic-Cartierville,2021-01-13T10:58:12,-73.66176231794233,45.54649665668043
21-76998,Plainte,Mercier - Hochelaga-Maisonneuve,Mercier-Hochelaga-Maisonneuve,2021-04-10T16:22:07,-73.53445694290389,45.55124611294434
21-77265,Plainte,Verdun,Verdun,2021-04-11T13:12:55,-73.569778523,45.456172714
21-77662,Plainte,Ahuntsic - Cartierville,Ahuntsic-Cartierville,2021-04-12T09:18:10,-73.69440935152484,45.54473659553516
21-77304,Plainte,Côte-des-Neiges - Notre-Dame-de-Grâce,Côte-des-Neiges-Notre-Dame-de-Grâce,2021-04-11T14:02:30,-73.645044948,45.493373524
21-77324,Plainte,Montréal-Nord,Montréal-Nord,2021-04-11T14:35:52,-73.63210986836542,45.59630329398468
21-77354,Plainte,Côte-des-Neiges - Notre-Dame-de-Grâce,Côte-des-Neiges-Notre-Dame-de-Grâce,2021-04-11T15:28:04,-73.65093341261567,45.45772854282794
21-77370,Plainte,Ville-Marie,Ville-Marie,2021-04-11T15:44:47,-73.580430261,45.492816951
21-7766,Plainte,Ahuntsic - Cartierville,Ahuntsic-Cartierville,2021-01-13T11:52:08,-73.65502918627324,45.537893874954776
21-77313,Plainte,Le Plateau-Mont-Royal,Le Plateau-Mont-Royal,2021-04-11T14:16:35,-73.56292195535673,45.531135011391896
21-77366,Plainte,Côte-des-Neiges - Notre-Dame-de-Grâce,Côte-des-Neiges-Notre-Dame-de-Grâce,2021-04-11T15:41:53,-73.65093341261567,45.45772854282794
21-77384,Plainte,LaSalle,LaSalle,2021-04-11T16:03:39,-73.60860576756275,45.42490704255983
21-77585,Plainte,Pierrefonds - Roxboro,Pierrefonds-Roxboro,2021-04-12T08:52:14,-73.83399927094094,45.49989894661967
21-77687,Plainte,Mercier - Hochelaga-Maisonneuve,Mercier-Hochelaga-Maisonneuve,2021-04-12T09:24:34,-73.51243399584062,45.5950792850548
21-77830,Plainte,Rosemont - La Petite-Patrie,Rosemont-La Petite-Patrie,2021-04-12T10:14:05,-73.5814967208909,45.54445174204635
21-77742,Plainte,Montréal-Nord,Montréal-Nord,2021-04-12T09:45:46,-73.631973278,45.611765434
21-77700,Plainte,Saint-Laurent,Saint-Laurent,2021-04-12T09:28:26,-73.6817023268868,45.50672764186433
21-77881,Plainte,Le Sud-Ouest,Le Sud-Ouest,2021-04-12T10:31:27,-73.5607460531976,45.49388872054093
21-7832,Plainte,Ahuntsic - Cartierville,Ahuntsic-Cartierville,2021-01-13T12:33:04,-73.6611903879923,45.54738513036432
21-78004,Plainte,Rivière-des-Prairies - Pointe-aux-Trembles,Rivière-des-Prairies-Pointe-aux-Trembles,2021-04-12T11:20:04,-73.59822433904071,45.63528123718413
21-781,Plainte,Ville-Marie,Ville-Marie,2021-01-03T15:40:19,-73.5513239,45.535389957
21-7812,Plainte,Mercier - Hochelaga-Maisonneuve,Mercier-Hochelaga-Maisonneuve,2021-01-13T12:18:02,-73.52936813072438,45.60804162293403
21-78255,Plainte,Mercier - Hochelaga-Maisonneuve,Mercier-Hochelaga-Maisonneuve,2021-04-12T12:49:09,-73.54151285473911,45.585683232018006
21-78259,Plainte,Rivière-des-Prairies - Pointe-aux-Trembles,Rivière-des-Prairies-Pointe-aux-Trembles,2021-04-12T12:50:15,-73.59145257867978,45.62990036519125
21-77986,Plainte,Ahuntsic - Cartierville,Ahuntsic-Cartierville,2021-04-12T11:12:15,-73.651010466,45.544437856
21-78915,Plainte,Rosemont - La Petite-Patrie,Rosemont-La Petite-Patrie,2021-04-12T16:58:33,-73.61349833483484,45.53590902511155
21-78352,Plainte,Verdun,Verdun,2021-04-12T13:27:07,-73.57383056408524,45.45952538755293
21-78419,Plainte,Ahuntsic - Cartierville,Ahuntsic-Cartierville,2021-04-12T13:49:39,-73.66941434201641,45.560675633099386
21-78440,Plainte,Ville-Marie,Ville-Marie,2021-04-12T13:56:23,-73.55163921040415,45.53440072745972
21-78660,Plainte,Mercier - Hochelaga-Maisonneuve,Mercier-Hochelaga-Maisonneuve,2021-04-12T15:09:11,-73.5094958937488,45.58693364379045
21-78836,Plainte,Rosemont - La Petite-Patrie,Rosemont-La Petite-Patrie,2021-04-12T16:17:18,-73.55745651994656,45.54712011410915
21-78428,Plainte,Mercier - Hochelaga-Maisonneuve,Mercier-Hochelaga-Maisonneuve,2021-04-12T13:52:07,-73.54292010383938,45.53968876350941
21-78471,Plainte,Saint-Léonard,Saint-Léonard,2021-04-12T14:07:51,-73.61413202989986,45.5884777019425
21-78640,Plainte,Le Plateau-Mont-Royal,Le Plateau-Mont-Royal,2021-04-12T15:00:50,-73.58354647384891,45.52144326001082
21-78826,Plainte,Villeray-Saint-Michel - Parc-Extension,Villeray-Saint-Michel-Parc-Extension,2021-04-12T16:11:25,-73.61919270393045,45.54388962583412
21-7920,Plainte,Rivière-des-Prairies - Pointe-aux-Trembles,Rivière-des-Prairies-Pointe-aux-Trembles,2021-01-13T13:42:19,-73.56364368901548,45.65334808234358
21-78944,Plainte,Rosemont - La Petite-Patrie,Rosemont-La Petite-Patrie,2021-04-12T17:28:29,-73.58602204810875,45.54831183603995
21-79062,Plainte,Côte-des-Neiges - Notre-Dame-de-Grâce,Côte-des-Neiges-Notre-Dame-de-Grâce,2021-04-12T19:48:04,-73.62461967598487,45.47821882710628
21-79175,Plainte,Côte-des-Neiges - Notre-Dame-de-Grâce,Côte-des-Neiges-Notre-Dame-de-Grâce,2021-04-13T08:26:24,-73.60869191926179,45.470201731497575
21-78968,Plainte,L'Île-Bizard - Sainte-Geneviève,L'Île-Bizard-Sainte-Geneviève,2021-04-12T17:54:29,-73.87174314021253,45.47986786223929
21-79189,Plainte,Le Plateau-Mont-Royal,Le Plateau-Mont-Royal,2021-04-13T08:41:50,-73.58313023241163,45.52657787789146
21-79404,Plainte,Verdun,Verdun,2021-04-13T10:13:40,-73.57440176977735,45.45316596956074
21-79338,Plainte,Le Plateau-Mont-Royal,Le Plateau-Mont-Royal,2021-04-13T09:49:07,-73.57369977809991,45.52651384211308
21-79561,Plainte,Ahuntsic - Cartierville,Ahuntsic-Cartierville,2021-04-13T11:01:31,-73.67702259581695,45.540267314022685
21-79467,Plainte,Montréal-Nord,Montréal-Nord,2021-04-13T10:32:37,-73.63298327759306,45.59186950831436
21-79492,Plainte,Ville-Marie,Ville-Marie,2021-04-13T10:38:32,-73.55795330641722,45.51882593604803
21-79493,Plainte,Côte-des-Neiges - Notre-Dame-de-Grâce,Côte-des-Neiges-Notre-Dame-de-Grâce,2021-04-13T10:38:43,-73.63345632494571,45.49198494136979
21-79684,Plainte,Rivière-des-Prairies - Pointe-aux-Trembles,Rivière-des-Prairies-Pointe-aux-Trembles,2021-04-13T11:44:59,-73.50092751797057,45.64614286225698
21-79629,Plainte,Rosemont - La Petite-Patrie,Villeray-Saint-Michel-Parc-Extension,2021-04-13T11:22:57,-73.615168982,45.537523099
21-7961,Plainte,Rivière-des-Prairies - Pointe-aux-Trembles,Rivière-des-Prairies-Pointe-aux-Trembles,2021-01-13T14:12:03,-73.55273923064046,45.66844650894821
21-79685,Plainte,Côte-des-Neiges - Notre-Dame-de-Grâce,Côte-des-Neiges-Notre-Dame-de-Grâce,2021-04-13T11:45:12,-73.63090143820527,45.484212202818775
21-79686,Plainte,Anjou,Anjou,2021-04-13T11:45:41,-73.56443708595157,45.623268494023776
21-79731,Plainte,Anjou,Anjou,2021-04-13T11:58:30,-73.56443708595157,45.623268494023776
21-79714,Plainte,Anjou,Anjou,2021-04-13T11:54:21,-73.56443708595157,45.623268494023776
21-79723,Plainte,Anjou,Anjou,2021-04-13T11:56:27,-73.56443708595157,45.623268494023776
21-79725,Plainte,Le Plateau-Mont-Royal,Le Plateau-Mont-Royal,2021-04-13T11:57:22,-73.57886581872165,45.52694065467124
21-79800,Plainte,Villeray-Saint-Michel - Parc-Extension,Villeray-Saint-Michel-Parc-Extension,2021-04-13T12:27:33,-73.61919270393045,45.54388962583412
21-79914,Plainte,Côte-des-Neiges - Notre-Dame-de-Grâce,Côte-des-Neiges-Notre-Dame-de-Grâce,2021-04-13T13:18:20,-73.608163451,45.473010956
21-7983,Plainte,Côte-des-Neiges - Notre-Dame-de-Grâce,Côte-des-Neiges-Notre-Dame-de-Grâce,2021-01-13T14:24:49,-73.65090511106456,45.46827683092003
21-79864,Plainte,LaSalle,LaSalle,2021-04-13T12:57:39,-73.597833909,45.435500524
21-79939,Plainte,Anjou,Anjou,2021-04-13T13:26:55,-73.56443708595157,45.623268494023776
21-79926,Plainte,Anjou,Anjou,2021-04-13T13:21:54,-73.56443708595157,45.623268494023776
21-79967,Plainte,Anjou,Anjou,2021-04-13T13:39:51,-73.56443708595157,45.623268494023776
21-79958,Plainte,Ahuntsic - Cartierville,Ahuntsic-Cartierville,2021-04-13T13:37:20,-73.65502918627324,45.537893874954776
21-79959,Plainte,Anjou,Anjou,2021-04-13T13:37:26,-73.56443708595157,45.623268494023776
21-80059,Plainte,Côte-des-Neiges - Notre-Dame-de-Grâce,Côte-des-Neiges-Notre-Dame-de-Grâce,2021-04-13T14:13:24,-73.65009213244382,45.46732798718122
21-80020,Plainte,Le Plateau-Mont-Royal,Le Plateau-Mont-Royal,2021-04-13T14:01:12,-73.57558622993038,45.53707247883453
21-80088,Plainte,Anjou,Anjou,2021-04-13T14:24:23,-73.56443708595157,45.623268494023776
21-80075,Plainte,Ahuntsic - Cartierville,Ahuntsic-Cartierville,2021-04-13T14:18:56,-73.65787776606719,45.57414906425156
21-80072,Plainte,Anjou,Anjou,2021-04-13T14:18:21,-73.56443708595157,45.623268494023776
21-80110,Plainte,Anjou,Anjou,2021-04-13T14:33:06,-73.56443708595157,45.623268494023776
21-80101,Plainte,Anjou,Anjou,2021-04-13T14:30:09,-73.56443708595157,45.623268494023776
21-80093,Plainte,Anjou,Anjou,2021-04-13T14:26:43,-73.56443708595157,45.623268494023776
21-80135,Plainte,Anjou,Anjou,2021-04-13T14:41:14,-73.56443708595157,45.623268494023776
21-80118,Plainte,Anjou,Anjou,2021-04-13T14:35:03,-73.56443708595157,45.623268494023776
21-80127,Plainte,Anjou,Anjou,2021-04-13T14:37:02,-73.56443708595157,45.623268494023776
21-80247,Plainte,LaSalle,LaSalle,2021-04-13T15:22:05,-73.6604937934585,45.42887352016884
21-80173,Plainte,Côte-des-Neiges - Notre-Dame-de-Grâce,Côte-des-Neiges-Notre-Dame-de-Grâce,2021-04-13T14:56:40,-73.634369739,45.467672266
21-80406,Plainte,Côte-des-Neiges - Notre-Dame-de-Grâce,Côte-des-Neiges-Notre-Dame-de-Grâce,2021-04-13T16:28:45,-73.63076131724172,45.469223621767725
21-80624,Plainte,Rivière-des-Prairies - Pointe-aux-Trembles,Rivière-des-Prairies-Pointe-aux-Trembles,2021-04-13T20:09:57,-73.49680106287647,45.64550339983175
21-80447,Plainte,Villeray-Saint-Michel - Parc-Extension,Villeray-Saint-Michel-Parc-Extension,2021-04-13T16:51:41,-73.626972301,45.543316447
21-8055,Plainte,Pierrefonds - Roxboro,Pierrefonds-Roxboro,2021-01-13T15:08:02,-73.84818620969796,45.49442058130631
21-80618,Plainte,Rosemont - La Petite-Patrie,Rosemont-La Petite-Patrie,2021-04-13T19:58:35,-73.56649427,45.580710659
21-8051,Plainte,Pierrefonds - Roxboro,Pierrefonds-Roxboro,2021-01-13T15:05:19,-73.84818620969796,45.49442058130631
21-80530,Plainte,Lachine,Lachine,2021-04-13T17:52:08,-73.67537953677126,45.440049713059416
21-80562,Plainte,Ville-Marie,Ville-Marie,2021-04-13T18:28:05,-73.55749334,45.516087505
21-80631,Plainte,Villeray-Saint-Michel - Parc-Extension,Villeray-Saint-Michel-Parc-Extension,2021-04-13T20:56:19,-73.6034555258199,45.5726912001018
21-80769,Plainte,Anjou,Anjou,2021-04-14T09:00:16,-73.56443708595157,45.623268494023776
21-80691,Plainte,Côte-des-Neiges - Notre-Dame-de-Grâce,Côte-des-Neiges-Notre-Dame-de-Grâce,2021-04-14T08:25:49,-73.64892829831264,45.48896077187248
21-80730,Plainte,Saint-Léonard,Saint-Léonard,2021-04-14T08:46:27,-73.61413202989986,45.5884777019425
21-80755,Plainte,Anjou,Anjou,2021-04-14T08:55:25,-73.56443708595157,45.623268494023776
21-8064,Plainte,Ville-Marie,Ville-Marie,2021-01-13T15:14:46,-73.56016631818856,45.51634852539628
21-80727,Plainte,Villeray-Saint-Michel - Parc-Extension,Villeray-Saint-Michel-Parc-Extension,2021-04-14T08:46:15,-73.63980970994243,45.543827162862456
21-80802,Plainte,Anjou,Anjou,2021-04-14T09:10:07,-73.56443708595157,45.623268494023776
21-80817,Plainte,Villeray-Saint-Michel - Parc-Extension,Villeray-Saint-Michel-Parc-Extension,2021-04-14T09:16:28,-73.6212016726425,45.54516956430592
21-80791,Plainte,Anjou,Anjou,2021-04-14T09:06:09,-73.56443708595157,45.623268494023776
21-81044,Plainte,Le Plateau-Mont-Royal,Le Plateau-Mont-Royal,2021-04-14T10:42:38,-73.60660179181183,45.52597975908847
21-8094,Plainte,Ahuntsic - Cartierville,Ahuntsic-Cartierville,2021-01-13T15:34:24,-73.72024111561271,45.5328745117861
21-80988,Plainte,Ahuntsic - Cartierville,Ahuntsic-Cartierville,2021-04-14T10:23:41,-73.660908986,45.558172019
21-81034,Plainte,Anjou,Anjou,2021-04-14T10:39:56,-73.553881645,45.605401749
21-81000,Plainte,Le Sud-Ouest,Le Sud-Ouest,2021-04-14T10:26:40,-73.57125224388295,45.47831822506949
21-81029,Plainte,Le Sud-Ouest,Le Sud-Ouest,2021-04-14T10:37:13,-73.57125224388295,45.47831822506949
21-81260,Plainte,Ahuntsic - Cartierville,Ahuntsic-Cartierville,2021-04-14T12:20:35,-73.64966944912344,45.54983929111421
21-81138,Plainte,Le Sud-Ouest,Le Sud-Ouest,2021-04-14T11:22:17,-73.57889803172745,45.48678065629318
21-81135,Plainte,Le Plateau-Mont-Royal,Le Plateau-Mont-Royal,2021-04-14T11:22:03,-73.57881153,45.539825014
21-81157,Plainte,Ville-Marie,Ville-Marie,2021-04-14T11:30:17,-73.55882857370764,45.51669669617837
21-81256,Plainte,Villeray-Saint-Michel - Parc-Extension,Villeray-Saint-Michel-Parc-Extension,2021-04-14T12:16:20,-73.6270564359378,45.526025253444445
21-81557,Plainte,Rivière-des-Prairies - Pointe-aux-Trembles,Rivière-des-Prairies-Pointe-aux-Trembles,2021-04-14T14:35:38,-73.57028826663496,45.65744339966003
21-81349,Plainte,Ahuntsic - Cartierville,Ahuntsic-Cartierville,2021-04-14T13:06:34,-73.64938005296683,45.560450902476944
21-81474,Plainte,Le Plateau-Mont-Royal,Le Plateau-Mont-Royal,2021-04-14T14:04:13,-73.57980817195867,45.53480554359156
21-81467,Plainte,Villeray-Saint-Michel - Parc-Extension,Villeray-Saint-Michel-Parc-Extension,2021-04-14T14:00:53,-73.61931772402056,45.52764387500589
21-81562,Plainte,Ahuntsic - Cartierville,Ahuntsic-Cartierville,2021-04-14T14:38:16,-73.66001150730551,45.57174006804407
21-81610,Plainte,Villeray-Saint-Michel - Parc-Extension,Villeray-Saint-Michel-Parc-Extension,2021-04-14T14:55:43,-73.60320823735914,45.54947618922472
21-81741,Plainte,Côte-des-Neiges - Notre-Dame-de-Grâce,Côte-des-Neiges-Notre-Dame-de-Grâce,2021-04-14T15:46:48,-73.63068304380057,45.461202579057854
21-81765,Plainte,Rivière-des-Prairies - Pointe-aux-Trembles,Rivière-des-Prairies-Pointe-aux-Trembles,2021-04-14T15:58:38,-73.59988866787361,45.624393156627285
21-81947,Plainte,Villeray-Saint-Michel - Parc-Extension,Villeray-Saint-Michel-Parc-Extension,2021-04-14T19:07:35,-73.618271577,45.547267249
21-81971,Plainte,Ville-Marie,Ville-Marie,2021-04-14T20:21:13,-73.55795330641722,45.51882593604803
21-81960,Plainte,Rosemont - La Petite-Patrie,Rosemont-La Petite-Patrie,2021-04-14T19:48:52,-73.61352579048098,45.527226747612126
21-82142,Plainte,Saint-Léonard,Saint-Léonard,2021-04-15T09:28:37,-73.59575526079601,45.59726010295895
21-82072,Plainte,Rosemont - La Petite-Patrie,Rosemont-La Petite-Patrie,2021-04-15T08:55:44,-73.5706210844706,45.55562133714133
21-82093,Plainte,Rosemont - La Petite-Patrie,Rosemont-La Petite-Patrie,2021-04-15T09:06:54,-73.5969320274471,45.54285688985326
21-82128,Plainte,Ahuntsic - Cartierville,Ahuntsic-Cartierville,2021-04-15T09:23:44,-73.65603078249171,45.55424287860747
21-82129,Plainte,Saint-Laurent,Saint-Laurent,2021-04-15T09:23:49,-73.6576365282619,45.522167743285976
21-82256,Plainte,Montréal-Nord,Montréal-Nord,2021-04-15T10:13:45,-73.62681464799971,45.6056351048172
21-82162,Plainte,LaSalle,LaSalle,2021-04-15T09:37:50,-73.59941738754964,45.425517108822646
21-82176,Plainte,Rosemont - La Petite-Patrie,Rosemont-La Petite-Patrie,2021-04-15T09:42:44,-73.56132948726061,45.57644899895371
21-82229,Plainte,Villeray-Saint-Michel - Parc-Extension,Villeray-Saint-Michel-Parc-Extension,2021-04-15T10:03:49,-73.6285192268094,45.531085726945655
21-82239,Plainte,Mercier - Hochelaga-Maisonneuve,Mercier-Hochelaga-Maisonneuve,2021-04-15T10:07:33,-73.553563826,45.546772704
21-82246,Plainte,Le Plateau-Mont-Royal,Le Plateau-Mont-Royal,2021-04-15T10:09:12,-73.5687878563194,45.51999022750209
21-82439,Plainte,Villeray-Saint-Michel - Parc-Extension,Villeray-Saint-Michel-Parc-Extension,2021-04-15T11:23:03,-73.62763730555535,45.53122286755704
21-90,Plainte,Lachine,Lachine,2021-01-01T13:40:04,-73.70573780222627,45.44126407553137
21-8234,Plainte,Mercier - Hochelaga-Maisonneuve,Mercier-Hochelaga-Maisonneuve,2021-01-13T20:19:13,-73.523273174477,45.56978394565456
21-82421,Plainte,Anjou,Anjou,2021-04-15T11:14:33,-73.555408747,45.59475585
21-82483,Plainte,Ahuntsic - Cartierville,Ahuntsic-Cartierville,2021-04-15T11:43:09,-73.69445884650719,45.53349310323134
21-82531,Plainte,Côte-des-Neiges - Notre-Dame-de-Grâce,Côte-des-Neiges-Notre-Dame-de-Grâce,2021-04-15T12:00:59,-73.63719084230534,45.51115641909889
21-82523,Plainte,Pierrefonds - Roxboro,Pierrefonds-Roxboro,2021-04-15T11:57:11,-73.82881853095576,45.504664630307765
21-82491,Plainte,Ahuntsic - Cartierville,Ahuntsic-Cartierville,2021-04-15T11:45:59,-73.67533427068913,45.55166813771045
21-82740,Plainte,Le Sud-Ouest,Le Sud-Ouest,2021-04-15T13:53:59,-73.56352082951928,45.47693603407375
21-82582,Plainte,Le Plateau-Mont-Royal,Le Plateau-Mont-Royal,2021-04-15T12:35:32,-73.60104694421828,45.52601715910626
21-82633,Plainte,Rivière-des-Prairies - Pointe-aux-Trembles,Rivière-des-Prairies-Pointe-aux-Trembles,2021-04-15T13:03:55,-73.5930947925957,45.624777845934425
21-82657,Plainte,Le Plateau-Mont-Royal,Le Plateau-Mont-Royal,2021-04-15T13:17:17,-73.57055231850352,45.53915736149571
21-82616,Plainte,Ville-Marie,Ville-Marie,2021-04-15T12:55:20,-73.55882857370764,45.51669669617837
21-82707,Plainte,LaSalle,LaSalle,2021-04-15T13:38:18,-73.61960616232199,45.418995522176
21-82731,Plainte,Côte-des-Neiges - Notre-Dame-de-Grâce,Côte-des-Neiges-Notre-Dame-de-Grâce,2021-04-15T13:50:50,-73.63502912445409,45.484944490618346
21-82863,Plainte,Le Plateau-Mont-Royal,Le Plateau-Mont-Royal,2021-04-15T14:51:35,-73.59516604124545,45.52184883656312
21-82820,Plainte,Côte-des-Neiges - Notre-Dame-de-Grâce,Côte-des-Neiges-Notre-Dame-de-Grâce,2021-04-15T14:27:05,-73.62214026597876,45.47876021586426
21-82785,Plainte,Pierrefonds - Roxboro,Pierrefonds-Roxboro,2021-04-15T14:13:10,-73.83195308586463,45.50247583292138
21-82811,Plainte,Côte-des-Neiges - Notre-Dame-de-Grâce,Côte-des-Neiges-Notre-Dame-de-Grâce,2021-04-15T14:25:12,-73.62139515916802,45.47716788307995
21-82889,Plainte,LaSalle,LaSalle,2021-04-15T15:01:04,-73.61216867469382,45.417766513674096
21-82879,Plainte,Rosemont - La Petite-Patrie,Rosemont-La Petite-Patrie,2021-04-15T14:59:06,-73.60936002026892,45.53461725992919
21-83026,Plainte,Le Plateau-Mont-Royal,Le Plateau-Mont-Royal,2021-04-15T16:06:19,-73.5761099655548,45.51837981949546
21-82985,Plainte,Outremont,Outremont,2021-04-15T15:42:23,-73.60079683801787,45.51881776832722
21-83296,Plainte,Lachine,Lachine,2021-04-16T09:01:04,-73.68110688473027,45.432960569267664
21-83069,Plainte,Rivière-des-Prairies - Pointe-aux-Trembles,Rivière-des-Prairies-Pointe-aux-Trembles,2021-04-15T16:42:18,-73.50020599407837,45.64503941710131
21-83162,Plainte,Rosemont - La Petite-Patrie,Rosemont-La Petite-Patrie,2021-04-15T18:49:57,-73.59599324403436,45.53641680967433
21-8350,Plainte,Le Sud-Ouest,Le Sud-Ouest,2021-01-14T09:08:28,-73.59808253552418,45.451821766982
21-83442,Plainte,Côte-des-Neiges - Notre-Dame-de-Grâce,Côte-des-Neiges-Notre-Dame-de-Grâce,2021-04-16T10:05:34,-73.6254177,45.475212906
21-83464,Plainte,Mercier - Hochelaga-Maisonneuve,Mercier-Hochelaga-Maisonneuve,2021-04-16T10:15:16,-73.54599763920677,45.54139257888999
21-83414,Plainte,Mercier - Hochelaga-Maisonneuve,Mercier-Hochelaga-Maisonneuve,2021-04-16T09:55:06,-73.5451455764802,45.56224730908739
21-83743,Plainte,Le Plateau-Mont-Royal,Le Plateau-Mont-Royal,2021-04-16T12:36:44,-73.57656573899483,45.50951526138776
21-83519,Plainte,Côte-des-Neiges - Notre-Dame-de-Grâce,Côte-des-Neiges-Notre-Dame-de-Grâce,2021-04-16T10:40:32,-73.63077470553402,45.51391020206727
21-83554,Plainte,Le Sud-Ouest,Le Sud-Ouest,2021-04-16T10:57:37,-73.5724437342554,45.47658539744844
21-83586,Plainte,Mercier - Hochelaga-Maisonneuve,Mercier-Hochelaga-Maisonneuve,2021-04-16T11:13:16,-73.53658376752576,45.61111292445229
21-83627,Plainte,Saint-Léonard,Saint-Léonard,2021-04-16T11:30:26,-73.59262175150756,45.59797765916184
21-83631,Plainte,Le Plateau-Mont-Royal,Le Plateau-Mont-Royal,2021-04-16T11:31:57,-73.59412755272916,45.51937958359103
21-83674,Plainte,LaSalle,LaSalle,2021-04-16T11:54:40,-73.61791469467065,45.44579819469608
21-83729,Plainte,Côte-des-Neiges - Notre-Dame-de-Grâce,Côte-des-Neiges-Notre-Dame-de-Grâce,2021-04-16T12:29:07,-73.6252187457365,45.49348307579696
21-83883,Plainte,Villeray-Saint-Michel - Parc-Extension,Villeray-Saint-Michel-Parc-Extension,2021-04-16T13:44:36,-73.62689946349164,45.55155693842974
21-83857,Plainte,Rivière-des-Prairies - Pointe-aux-Trembles,Rivière-des-Prairies-Pointe-aux-Trembles,2021-04-16T13:30:32,-73.50162370924369,45.67282200288029
21-84076,Plainte,L'Île-Bizard - Sainte-Geneviève,L'Île-Bizard-Sainte-Geneviève,2021-04-16T15:26:14,-73.87410565713695,45.48715458538432
21-84042,Plainte,Verdun,Le Sud-Ouest,2021-04-16T15:09:24,-73.580972915,45.462523801
21-84043,Plainte,Le Plateau-Mont-Royal,Le Plateau-Mont-Royal,2021-04-16T15:09:38,-73.58835608733771,45.51785624459341
21-84179,Plainte,Ahuntsic - Cartierville,Ahuntsic-Cartierville,2021-04-16T16:20:53,-73.68200694415317,45.54173473511275
21-84115,Plainte,Ville-Marie,Ville-Marie,2021-04-16T15:42:13,-73.55882857370764,45.51669669617837
21-84385,Plainte,Lachine,Lachine,2021-04-17T10:11:05,-73.6507348632374,45.44624935163071
21-84187,Plainte,Villeray-Saint-Michel - Parc-Extension,Villeray-Saint-Michel-Parc-Extension,2021-04-16T16:25:59,-73.61011437291887,45.55720450562198
21-84208,Plainte,Côte-des-Neiges - Notre-Dame-de-Grâce,Côte-des-Neiges-Notre-Dame-de-Grâce,2021-04-16T16:49:21,-73.62835967790485,45.49913152068797
21-84211,Plainte,Côte-des-Neiges - Notre-Dame-de-Grâce,Côte-des-Neiges-Notre-Dame-de-Grâce,2021-04-16T16:50:49,-73.62835967790485,45.49913152068797
21-84251,Plainte,Rosemont - La Petite-Patrie,Rosemont-La Petite-Patrie,2021-04-16T17:48:02,-73.5607502805445,45.54414648051983
21-84253,Plainte,Mercier - Hochelaga-Maisonneuve,Mercier-Hochelaga-Maisonneuve,2021-04-16T18:00:06,-73.55250156191485,45.58407092836151
21-85303,Plainte,LaSalle,LaSalle,2021-04-19T10:13:00,-73.60778329335294,45.424175052704506
21-84328,Plainte,Ville-Marie,Ville-Marie,2021-04-17T08:16:04,-73.55924614845672,45.51910903875685
21-84480,Plainte,Outremont,Outremont,2021-04-17T12:29:17,-73.60079683801787,45.51881776832722
21-84402,Plainte,Montréal-Nord,Montréal-Nord,2021-04-17T10:36:05,-73.61064028967544,45.60986958490549
21-84403,Plainte,Mercier - Hochelaga-Maisonneuve,Mercier-Hochelaga-Maisonneuve,2021-04-17T10:37:17,-73.54151285473911,45.585683232018006
21-85256,Plainte,Le Sud-Ouest,Le Sud-Ouest,2021-04-19T09:59:28,-73.57889803172745,45.48678065629318
21-84778,Plainte,Saint-Laurent,Saint-Laurent,2021-04-18T12:10:11,-73.68974543928127,45.49656247023853
21-8487,Plainte,Ville-Marie,Ville-Marie,2021-01-14T12:01:10,-73.56595001662889,45.4955785332098
21-84897,Plainte,Ahuntsic - Cartierville,Ahuntsic-Cartierville,2021-04-18T16:06:12,-73.66941434201641,45.560675633099386
21-84921,Plainte,Côte-des-Neiges - Notre-Dame-de-Grâce,Côte-des-Neiges-Notre-Dame-de-Grâce,2021-04-18T17:10:45,-73.62835967790485,45.49913152068797
21-8502,Plainte,Le Plateau-Mont-Royal,Le Plateau-Mont-Royal,2021-01-14T12:05:54,-73.58525220842628,45.53491324712318
21-85141,Plainte,Rosemont - La Petite-Patrie,Rosemont-La Petite-Patrie,2021-04-19T09:24:51,-73.57038393317295,45.57329121275209
21-85089,Plainte,Anjou,Anjou,2021-04-19T09:07:54,-73.54828384809244,45.60161605345075
21-85575,Plainte,Saint-Laurent,Saint-Laurent,2021-04-19T11:39:14,-73.74167115242945,45.50971650723879
21-85202,Plainte,Verdun,Verdun,2021-04-19T09:42:09,-73.54930541515981,45.46065762448976
21-85280,Plainte,L'Île-Bizard - Sainte-Geneviève,L'Île-Bizard-Sainte-Geneviève,2021-04-19T10:08:22,-73.90728204079552,45.50519194230398
21-85319,Plainte,LaSalle,LaSalle,2021-04-19T10:19:12,-73.61960616232199,45.418995522176
21-8540,Plainte,Ahuntsic - Cartierville,Ahuntsic-Cartierville,2021-01-14T12:27:10,-73.66700025113335,45.55400772837272
21-8529,Plainte,Ahuntsic - Cartierville,Ahuntsic-Cartierville,2021-01-14T12:20:56,-73.64850601271584,45.5609693741694
21-85953,Plainte,Le Plateau-Mont-Royal,Le Plateau-Mont-Royal,2021-04-19T13:55:48,-73.57092883988928,45.53532753191472
21-85577,Plainte,Mercier - Hochelaga-Maisonneuve,Mercier-Hochelaga-Maisonneuve,2021-04-19T11:40:06,-73.5649682591682,45.589627359456586
21-85600,Plainte,Mercier - Hochelaga-Maisonneuve,Mercier-Hochelaga-Maisonneuve,2021-04-19T11:48:35,-73.56229455331754,45.58898385948752
21-85720,Plainte,LaSalle,LaSalle,2021-04-19T12:37:31,-73.62823015394973,45.44812266127244
21-93819,Plainte,LaSalle,LaSalle,2021-04-27T12:50:25,-73.5987478597329,45.43371396848665
21-85516,Plainte,Montréal-Nord,Montréal-Nord,2021-04-19T11:22:59,-73.61350276300288,45.615790495242805
21-85561,Plainte,Mercier - Hochelaga-Maisonneuve,Mercier-Hochelaga-Maisonneuve,2021-04-19T11:35:14,-73.54591943248748,45.5433074119001
21-85649,Plainte,Rivière-des-Prairies - Pointe-aux-Trembles,Rivière-des-Prairies-Pointe-aux-Trembles,2021-04-19T12:05:20,-73.49073264985662,45.69003733222314
21-85999,Plainte,Côte-des-Neiges - Notre-Dame-de-Grâce,Côte-des-Neiges-Notre-Dame-de-Grâce,2021-04-19T14:13:22,-73.62686771544236,45.48357125093129
21-86003,Plainte,Ahuntsic - Cartierville,Ahuntsic-Cartierville,2021-04-19T14:13:42,-73.66773400365618,45.54678771845772
21-86233,Plainte,Ahuntsic - Cartierville,Ahuntsic-Cartierville,2021-04-19T15:33:54,-73.64938005296683,45.560450902476944
21-86005,Plainte,Ville-Marie,Ville-Marie,2021-04-19T14:15:18,-73.56611874239228,45.50215899159967
21-86054,Plainte,Villeray-Saint-Michel - Parc-Extension,Villeray-Saint-Michel-Parc-Extension,2021-04-19T14:33:32,-73.61888078128766,45.56928365596979
21-88076,Plainte,LaSalle,LaSalle,2021-04-21T09:33:34,-73.61827622626579,45.41859911561385
21-86173,Plainte,Ahuntsic - Cartierville,Ahuntsic-Cartierville,2021-04-19T15:14:48,-73.66041121228977,45.5734618226465
21-86218,Plainte,Outremont,Outremont,2021-04-19T15:28:59,-73.611009913,45.522617599
21-86256,Plainte,Côte-des-Neiges - Notre-Dame-de-Grâce,Côte-des-Neiges-Notre-Dame-de-Grâce,2021-04-19T15:42:19,-73.63888021219552,45.50402192098941
21-86048,Plainte,Mercier - Hochelaga-Maisonneuve,Mercier-Hochelaga-Maisonneuve,2021-04-19T14:30:48,-73.53496355159966,45.59264462488783
21-86132,Plainte,Outremont,Outremont,2021-04-19T14:59:56,-73.611009913,45.522617599
21-86155,Plainte,Ahuntsic - Cartierville,Ahuntsic-Cartierville,2021-04-19T15:07:55,-73.66941434201641,45.560675633099386
21-86178,Plainte,Le Plateau-Mont-Royal,Le Plateau-Mont-Royal,2021-04-19T15:15:39,-73.57625111115955,45.52575317957105
21-86371,Plainte,Rosemont - La Petite-Patrie,Rosemont-La Petite-Patrie,2021-04-19T16:39:13,-73.59708211090492,45.54818174455332
21-86309,Plainte,Rivière-des-Prairies - Pointe-aux-Trembles,Rivière-des-Prairies-Pointe-aux-Trembles,2021-04-19T16:05:58,-73.59988866787361,45.624393156627285
21-86881,Plainte,Montréal-Nord,Montréal-Nord,2021-04-20T10:31:22,-73.63736246301657,45.59375802460729
21-86867,Plainte,Ahuntsic - Cartierville,Ahuntsic-Cartierville,2021-04-20T10:23:36,-73.68859370669634,45.53413837139088
21-86392,Plainte,Côte-des-Neiges - Notre-Dame-de-Grâce,Côte-des-Neiges-Notre-Dame-de-Grâce,2021-04-19T16:50:04,-73.64188583233523,45.460770433886665
21-8659,Plainte,Anjou,Anjou,2021-01-14T13:45:48,-73.58074595857465,45.60578866043376
21-86648,Plainte,Ahuntsic - Cartierville,Ahuntsic-Cartierville,2021-04-20T09:03:35,-73.66128842210765,45.551431101807246
21-86903,Plainte,LaSalle,LaSalle,2021-04-20T10:42:15,-73.63212820664162,45.41886277822394
21-87123,Plainte,Ville-Marie,Ville-Marie,2021-04-20T12:00:09,-73.56076496716022,45.49928704231794
21-87028,Plainte,Pierrefonds - Roxboro,Pierrefonds-Roxboro,2021-04-20T11:25:53,-73.83403270809053,45.5013037856632
21-87513,Plainte,Anjou,Anjou,2021-04-20T15:11:45,-73.55014963692177,45.61007912019562
21-87125,Plainte,L'Île-Bizard - Sainte-Geneviève,L'Île-Bizard-Sainte-Geneviève,2021-04-20T12:01:22,-73.8655412002763,45.48191864418636
21-87480,Plainte,Rosemont - La Petite-Patrie,Rosemont-La Petite-Patrie,2021-04-20T14:56:06,-73.56981182394667,45.57120997262956
21-87138,Plainte,Lachine,Lachine,2021-04-20T12:05:31,-73.68110688473027,45.432960569267664
21-87495,Plainte,Villeray-Saint-Michel - Parc-Extension,Villeray-Saint-Michel-Parc-Extension,2021-04-20T15:03:20,-73.590868365,45.567085822
21-87543,Plainte,Rosemont - La Petite-Patrie,Rosemont-La Petite-Patrie,2021-04-20T15:23:15,-73.56714900362589,45.57152747053489
21-87556,Plainte,Outremont,Outremont,2021-04-20T15:29:08,-73.60535365003554,45.51327814471736
21-8779,Plainte,Outremont,Outremont,2021-01-14T15:22:01,-73.606620881,45.517225788
21-87572,Plainte,Ahuntsic - Cartierville,Ahuntsic-Cartierville,2021-04-20T15:35:54,-73.72287054288081,45.532386168214565
21-87682,Plainte,Ahuntsic - Cartierville,Ahuntsic-Cartierville,2021-04-20T16:40:57,-73.72714929128516,45.522663082421374
21-87708,Plainte,Ahuntsic - Cartierville,Ahuntsic-Cartierville,2021-04-20T17:05:52,-73.72292598781522,45.53177691104701
21-87779,Plainte,L'Île-Bizard - Sainte-Geneviève,L'Île-Bizard-Sainte-Geneviève,2021-04-20T19:45:07,-73.94007555716937,45.47701729569546
21-88066,Plainte,Ville-Marie,Ville-Marie,2021-04-21T09:31:05,-73.549085943,45.526156257
21-88022,Plainte,Le Sud-Ouest,Le Sud-Ouest,2021-04-21T09:11:42,-73.57530986992988,45.48410325682067
21-88049,Plainte,Le Plateau-Mont-Royal,Le Plateau-Mont-Royal,2021-04-21T09:25:11,-73.57045098160117,45.53552450652874
21-88142,Plainte,Côte-des-Neiges - Notre-Dame-de-Grâce,Côte-des-Neiges-Notre-Dame-de-Grâce,2021-04-21T10:00:45,-73.63024149980383,45.50455780749076
21-88094,Plainte,Rosemont - La Petite-Patrie,Rosemont-La Petite-Patrie,2021-04-21T09:39:33,-73.60779891671045,45.53363441003714
21-88111,Plainte,Le Plateau-Mont-Royal,Le Plateau-Mont-Royal,2021-04-21T09:43:52,-73.59079570565522,45.525330312167895
21-88192,Plainte,Ahuntsic - Cartierville,Ahuntsic-Cartierville,2021-04-21T10:22:09,-73.646560178,45.558011803
21-88160,Plainte,Ville-Marie,Ville-Marie,2021-04-21T10:07:25,-73.55966961,45.514642126
21-88151,Plainte,LaSalle,LaSalle,2021-04-21T10:04:17,-73.60669464166705,45.432484350043694
21-88158,Plainte,Pierrefonds - Roxboro,Pierrefonds-Roxboro,2021-04-21T10:05:52,-73.87790628940427,45.469869264482654
21-8819,Plainte,Pierrefonds - Roxboro,Pierrefonds-Roxboro,2021-01-14T15:44:53,-73.81493434700003,45.5116122475289
21-88428,Plainte,Rivière-des-Prairies - Pointe-aux-Trembles,Rivière-des-Prairies-Pointe-aux-Trembles,2021-04-21T12:34:31,-73.51275322556674,45.66517094479317
21-88229,Plainte,Rosemont - La Petite-Patrie,Rosemont-La Petite-Patrie,2021-04-21T10:42:25,-73.60967228459687,45.53035133236335
21-88231,Plainte,Ville-Marie,Ville-Marie,2021-04-21T10:43:31,-73.58200652157277,45.49458463413061
21-88322,Plainte,Le Plateau-Mont-Royal,Le Plateau-Mont-Royal,2021-04-21T11:29:49,-73.58451058360279,45.51680126769349
21-8868,Plainte,Ville-Marie,Ville-Marie,2021-01-14T16:17:51,-73.59629937515895,45.49398306549657
21-8859,Plainte,Ville-Marie,Ville-Marie,2021-01-14T16:09:35,-73.5517602012563,45.53771310004862
21-88572,Plainte,Montréal-Nord,Montréal-Nord,2021-04-21T14:04:19,-73.617000808,45.610378552
21-8856,Plainte,Ahuntsic - Cartierville,Ahuntsic-Cartierville,2021-01-14T16:06:11,-73.65594420620324,45.56671959887144
21-88583,Plainte,Pierrefonds - Roxboro,Pierrefonds-Roxboro,2021-04-21T14:07:50,-73.88044021778079,45.45914004314094
21-88669,Plainte,Le Plateau-Mont-Royal,Le Plateau-Mont-Royal,2021-04-21T14:55:18,-73.572574619973,45.52433249302437
21-88629,Plainte,Verdun,Verdun,2021-04-21T14:29:04,-73.57411016342392,45.45635866533977
21-8874,Plainte,Pierrefonds - Roxboro,Pierrefonds-Roxboro,2021-01-14T16:23:28,-73.8653127985093,45.48094810457383
21-88679,Plainte,Ahuntsic - Cartierville,Ahuntsic-Cartierville,2021-04-21T14:59:34,-73.64360009731547,45.56148160190966
21-88726,Plainte,Verdun,Verdun,2021-04-21T15:24:48,-73.56967052278881,45.45736288295531
21-88686,Plainte,Le Plateau-Mont-Royal,Le Plateau-Mont-Royal,2021-04-21T15:03:14,-73.57323082408709,45.52490185238286
21-88691,Plainte,Ahuntsic - Cartierville,Ahuntsic-Cartierville,2021-04-21T15:06:03,-73.6775241002559,45.53663382065819
21-88779,Plainte,Côte-des-Neiges - Notre-Dame-de-Grâce,Côte-des-Neiges-Notre-Dame-de-Grâce,2021-04-21T15:54:25,-73.62703315834645,45.48611445092723
21-8902,Plainte,Ahuntsic - Cartierville,Ahuntsic-Cartierville,2021-01-14T17:04:06,-73.66041121228977,45.5734618226465
21-88926,Plainte,Rosemont - La Petite-Patrie,Rosemont-La Petite-Patrie,2021-04-21T18:40:41,-73.59162415695505,45.5566623589181
21-88949,Plainte,Rosemont - La Petite-Patrie,Rosemont-La Petite-Patrie,2021-04-21T19:59:46,-73.57107368961314,45.566477712679685
21-8895,Plainte,Rivière-des-Prairies - Pointe-aux-Trembles,Rivière-des-Prairies-Pointe-aux-Trembles,2021-01-14T16:52:59,-73.49691762001272,45.654893218016255
21-88870,Plainte,Montréal-Nord,Montréal-Nord,2021-04-21T17:13:47,-73.63048198015048,45.60277406233187
21-88938,Plainte,Mercier - Hochelaga-Maisonneuve,Mercier-Hochelaga-Maisonneuve,2021-04-21T19:21:27,-73.5475487146634,45.55371450609792
21-89115,Plainte,Le Sud-Ouest,Le Sud-Ouest,2021-04-22T09:18:06,-73.59800094925149,45.4595140476668
21-89079,Plainte,Ahuntsic - Cartierville,Ahuntsic-Cartierville,2021-04-22T08:56:37,-73.65923497764197,45.57404178167905
21-8921,Plainte,Villeray-Saint-Michel - Parc-Extension,Villeray-Saint-Michel-Parc-Extension,2021-01-14T18:09:13,-73.6316148053282,45.52893519903352
21-8918,Plainte,Villeray-Saint-Michel - Parc-Extension,Villeray-Saint-Michel-Parc-Extension,2021-01-14T18:01:30,-73.6312971220875,45.52947272314108
21-89237,Plainte,Ville-Marie,Ville-Marie,2021-04-22T10:08:39,-73.55759163344693,45.52025846645412
21-89224,Plainte,LaSalle,LaSalle,2021-04-22T10:02:59,-73.63483772614555,45.41699101345019
21-89372,Plainte,LaSalle,LaSalle,2021-04-22T11:06:32,-73.66027958538491,45.43323540462245
21-89249,Plainte,Ahuntsic - Cartierville,Ahuntsic-Cartierville,2021-04-22T10:14:17,-73.66055756109317,45.56745430712809
21-89316,Plainte,Le Sud-Ouest,Le Sud-Ouest,2021-04-22T10:39:04,-73.593262088,45.451167388
21-89356,Plainte,LaSalle,LaSalle,2021-04-22T10:59:40,-73.59993752450933,45.42450742679132
21-89685,Plainte,Ville-Marie,Ville-Marie,2021-04-22T13:34:54,-73.55423667350055,45.51018610802454
21-89498,Plainte,Montréal-Nord,Montréal-Nord,2021-04-22T11:56:37,-73.6331764707032,45.61000643020855
21-89572,Plainte,Ahuntsic - Cartierville,Ahuntsic-Cartierville,2021-04-22T12:39:39,-73.6542140145092,45.56342247353584
21-89622,Plainte,Le Plateau-Mont-Royal,Le Plateau-Mont-Royal,2021-04-22T13:08:26,-73.589841895,45.523121384
21-89654,Plainte,Pierrefonds - Roxboro,Pierrefonds-Roxboro,2021-04-22T13:22:30,-73.7660341054662,45.50633037074815
21-89827,Plainte,Verdun,Verdun,2021-04-22T14:50:20,-73.57729828628972,45.46323178421469
21-8981,Plainte,Le Plateau-Mont-Royal,Le Plateau-Mont-Royal,2021-01-15T08:37:27,-73.57251188036892,45.512180691522815
21-89904,Plainte,Le Plateau-Mont-Royal,Le Plateau-Mont-Royal,2021-04-22T15:32:59,-73.5761222791845,45.51678342914472
21-89868,Plainte,Villeray-Saint-Michel - Parc-Extension,Villeray-Saint-Michel-Parc-Extension,2021-04-22T15:12:30,-73.61046854351078,45.55269600123429
21-89866,Plainte,Villeray-Saint-Michel - Parc-Extension,Villeray-Saint-Michel-Parc-Extension,2021-04-22T15:12:00,-73.6236856283433,45.54306128377154
21-89969,Plainte,LaSalle,LaSalle,2021-04-22T16:29:09,-73.62987718421334,45.426002475351225
21-89993,Plainte,Le Plateau-Mont-Royal,Le Plateau-Mont-Royal,2021-04-22T16:47:24,-73.58053945966041,45.51748718030246
21-90015,Plainte,Ahuntsic - Cartierville,Ahuntsic-Cartierville,2021-04-22T17:07:54,-73.66041121228977,45.5734618226465
21-90039,Plainte,Ahuntsic - Cartierville,Ahuntsic-Cartierville,2021-04-22T17:57:14,-73.6542140145092,45.56342247353584
21-90082,Plainte,Saint-Laurent,Saint-Laurent,2021-04-22T19:52:41,-73.68314247356452,45.52749353904967
21-90307,Plainte,Le Plateau-Mont-Royal,Le Plateau-Mont-Royal,2021-04-23T09:39:34,-73.57282837409966,45.53056102092818
21-90149,Plainte,Outremont,Outremont,2021-04-23T08:34:12,-73.60278569127183,45.51425676251912
21-90191,Plainte,Rosemont - La Petite-Patrie,Rosemont-La Petite-Patrie,2021-04-23T08:53:17,-73.5679500437224,45.56901173544967
21-90185,Plainte,Le Plateau-Mont-Royal,Le Plateau-Mont-Royal,2021-04-23T08:50:19,-73.58381530410331,45.524364849347904
21-90470,Plainte,Montréal-Nord,Montréal-Nord,2021-04-23T10:56:42,-73.63736246301657,45.59375802460729
21-90343,Plainte,Ville-Marie,Ville-Marie,2021-04-23T09:57:16,-73.58508133168347,45.49315770552672
21-90494,Plainte,Saint-Léonard,Saint-Léonard,2021-04-23T11:09:33,-73.59477689282856,45.59600897147664
21-90490,Plainte,Ahuntsic - Cartierville,Ahuntsic-Cartierville,2021-04-23T11:07:22,-73.65367542542135,45.57764030740527
21-90981,Plainte,Lachine,Lachine,2021-04-23T15:45:24,-73.68608645489846,45.434754577037104
21-90510,Plainte,Côte-des-Neiges - Notre-Dame-de-Grâce,Côte-des-Neiges-Notre-Dame-de-Grâce,2021-04-23T11:14:21,-73.622775820512,45.47232496224632
21-90606,Plainte,Le Plateau-Mont-Royal,Le Plateau-Mont-Royal,2021-04-23T11:59:43,-73.59226645968535,45.528977857238935
21-90646,Plainte,Le Plateau-Mont-Royal,Le Plateau-Mont-Royal,2021-04-23T12:28:34,-73.57650096319738,45.54001165688651
21-90966,Plainte,Rosemont - La Petite-Patrie,Rosemont-La Petite-Patrie,2021-04-23T15:34:27,-73.554841388,45.551738444
21-90506,Plainte,Ahuntsic - Cartierville,Ahuntsic-Cartierville,2021-04-23T11:13:09,-73.66941434201641,45.560675633099386
21-90623,Plainte,Lachine,Lachine,2021-04-23T12:07:01,-73.71220434063954,45.44382335420636
21-90844,Plainte,Rosemont - La Petite-Patrie,Rosemont-La Petite-Patrie,2021-04-23T14:29:15,-73.60543666610415,45.54157467889541
21-90936,Plainte,Ville-Marie,Ville-Marie,2021-04-23T15:21:54,-73.55379607,45.512094056
21-9104,Plainte,Saint-Léonard,Saint-Léonard,2021-01-15T10:03:38,-73.5926645160119,45.59538110571892
21-91399,Plainte,Mercier - Hochelaga-Maisonneuve,Mercier-Hochelaga-Maisonneuve,2021-04-24T14:06:57,-73.53263753515178,45.6006470637655
21-91199,Plainte,Côte-des-Neiges - Notre-Dame-de-Grâce,Côte-des-Neiges-Notre-Dame-de-Grâce,2021-04-24T09:13:56,-73.62701735493206,45.47879359694333
21-91357,Plainte,Saint-Laurent,Saint-Laurent,2021-04-24T13:01:16,-73.72100308333884,45.52188970772941
21-91151,Plainte,Villeray-Saint-Michel - Parc-Extension,Villeray-Saint-Michel-Parc-Extension,2021-04-23T20:18:04,-73.6250079857316,45.544609757342585
21-91336,Plainte,Rosemont - La Petite-Patrie,Rosemont-La Petite-Patrie,2021-04-24T12:30:28,-73.575229559,45.547529931
21-91369,Plainte,Mercier - Hochelaga-Maisonneuve,Mercier-Hochelaga-Maisonneuve,2021-04-24T13:16:25,-73.55017123111416,45.54304991290549
21-91688,Plainte,Rosemont - La Petite-Patrie,Rosemont-La Petite-Patrie,2021-04-25T14:29:34,-73.61020222,45.536358084
21-9173,Plainte,Le Sud-Ouest,Le Sud-Ouest,2021-01-15T10:51:31,-73.58351260686807,45.4822605249263
21-91935,Plainte,Ahuntsic - Cartierville,Ahuntsic-Cartierville,2021-04-26T09:21:43,-73.64269250191101,45.554728998814426
21-91899,Plainte,Montréal-Nord,Montréal-Nord,2021-04-26T09:10:09,-73.62069163237328,45.61277024641716
21-9194,Plainte,Rosemont - La Petite-Patrie,Rosemont-La Petite-Patrie,2021-01-15T11:08:15,-73.56026041947506,45.55382869573919
21-91957,Plainte,Ahuntsic - Cartierville,Ahuntsic-Cartierville,2021-04-26T09:28:27,-73.66433988944522,45.56204090668592
21-91981,Plainte,Verdun,Verdun,2021-04-26T09:36:34,-73.568108787,45.46283711
21-91966,Plainte,Verdun,Verdun,2021-04-26T09:30:24,-73.53725573789141,45.467401680857655
21-92049,Plainte,Rosemont - La Petite-Patrie,Rosemont-La Petite-Patrie,2021-04-26T10:00:46,-73.57629488456755,45.56377255929111
21-92051,Plainte,Le Plateau-Mont-Royal,Le Plateau-Mont-Royal,2021-04-26T10:01:07,-73.57081718870961,45.5212246468916
21-92526,Plainte,LaSalle,LaSalle,2021-04-26T13:04:52,-73.62259984523747,45.437659181054485
21-9245,Plainte,Villeray-Saint-Michel - Parc-Extension,Villeray-Saint-Michel-Parc-Extension,2021-01-15T11:45:32,-73.608370207,45.575573309
21-92761,Plainte,Côte-des-Neiges - Notre-Dame-de-Grâce,Côte-des-Neiges-Notre-Dame-de-Grâce,2021-04-26T14:26:00,-73.62661786026818,45.50251757454913
21-92586,Plainte,Côte-des-Neiges - Notre-Dame-de-Grâce,Côte-des-Neiges-Notre-Dame-de-Grâce,2021-04-26T13:25:06,-73.62625053103618,45.50374883824124
21-92588,Plainte,L'Île-Bizard - Sainte-Geneviève,L'Île-Bizard-Sainte-Geneviève,2021-04-26T13:25:49,-73.9294161999497,45.492792741371765
21-92747,Plainte,Mercier - Hochelaga-Maisonneuve,Mercier-Hochelaga-Maisonneuve,2021-04-26T14:21:50,-73.53139393181897,45.59746444782955
21-9264,Plainte,Côte-des-Neiges - Notre-Dame-de-Grâce,Côte-des-Neiges-Notre-Dame-de-Grâce,2021-01-15T11:58:11,-73.63982278890782,45.45539435810914
21-92683,Plainte,Rosemont - La Petite-Patrie,Rosemont-La Petite-Patrie,2021-04-26T13:56:03,-73.61352579048098,45.527226747612126
21-92850,Plainte,Le Plateau-Mont-Royal,Le Plateau-Mont-Royal,2021-04-26T15:04:46,-73.57055231850352,45.53915736149571
21-92805,Plainte,Outremont,Outremont,2021-04-26T14:41:46,-73.6128864775563,45.524212771079874
21-93009,Plainte,Mercier - Hochelaga-Maisonneuve,Mercier-Hochelaga-Maisonneuve,2021-04-26T16:43:40,-73.54423359453578,45.54606097488793
21-92872,Plainte,Ahuntsic - Cartierville,Ahuntsic-Cartierville,2021-04-26T15:15:41,-73.64375850568243,45.56220365383445
21-93075,Plainte,Le Sud-Ouest,Le Sud-Ouest,2021-04-26T18:02:15,-73.590676585,45.472056967
21-93210,Plainte,Pierrefonds - Roxboro,Pierrefonds-Roxboro,2021-04-27T08:37:38,-73.83670472686217,45.506874689390365
21-93211,Plainte,Pierrefonds - Roxboro,Pierrefonds-Roxboro,2021-04-27T08:37:55,-73.83670472686217,45.506874689390365
21-93355,Plainte,Le Plateau-Mont-Royal,Le Plateau-Mont-Royal,2021-04-27T09:30:27,-73.56201047,45.536970602
21-93257,Plainte,Ville-Marie,Ville-Marie,2021-04-27T08:55:44,-73.55294323083581,45.5096098128011
21-93260,Plainte,Lachine,Lachine,2021-04-27T08:56:34,-73.68425232761047,45.43708000919778
21-93270,Plainte,Villeray-Saint-Michel - Parc-Extension,Villeray-Saint-Michel-Parc-Extension,2021-04-27T09:01:41,-73.601678733477,45.548395161852696
21-93373,Plainte,Ahuntsic - Cartierville,Ahuntsic-Cartierville,2021-04-27T09:37:59,-73.66105511707677,45.560971796922736
21-93432,Plainte,Ahuntsic - Cartierville,Ahuntsic-Cartierville,2021-04-27T10:02:53,-73.6925485416303,45.53349647356919
21-93620,Plainte,Ahuntsic - Cartierville,Ahuntsic-Cartierville,2021-04-27T11:18:05,-73.6805266587048,45.54670815743314
21-93449,Plainte,Le Plateau-Mont-Royal,Le Plateau-Mont-Royal,2021-04-27T10:09:08,-73.5871493695868,45.51924871733429
21-93466,Plainte,Montréal-Nord,Montréal-Nord,2021-04-27T10:13:00,-73.63957410702433,45.57839074682272
21-93585,Plainte,Mercier - Hochelaga-Maisonneuve,Mercier-Hochelaga-Maisonneuve,2021-04-27T11:05:05,-73.547390573,45.541032144
21-93626,Plainte,Villeray-Saint-Michel - Parc-Extension,Villeray-Saint-Michel-Parc-Extension,2021-04-27T11:20:18,-73.616272271,45.578345568
21-93441,Plainte,Villeray-Saint-Michel - Parc-Extension,Villeray-Saint-Michel-Parc-Extension,2021-04-27T10:07:15,-73.60320823735914,45.54947618922472
21-9358,Plainte,Villeray-Saint-Michel - Parc-Extension,Villeray-Saint-Michel-Parc-Extension,2021-01-15T13:36:17,-73.63643107081052,45.5699932330624
21-93598,Plainte,Rosemont - La Petite-Patrie,Rosemont-La Petite-Patrie,2021-04-27T11:09:51,-73.586019905,45.548314297
21-93795,Plainte,Verdun,Verdun,2021-04-27T12:37:11,-73.57962323942036,45.45170064448437
21-93701,Plainte,Anjou,Anjou,2021-04-27T11:48:53,-73.58263136824995,45.60337833769098
21-93751,Plainte,Saint-Léonard,Saint-Léonard,2021-04-27T12:15:21,-73.59773083870645,45.58428894016698
21-93762,Plainte,Villeray-Saint-Michel - Parc-Extension,Villeray-Saint-Michel-Parc-Extension,2021-04-27T12:20:56,-73.62470223951354,45.5811512505589
21-93851,Plainte,Ahuntsic - Cartierville,Ahuntsic-Cartierville,2021-04-27T13:04:20,-73.70292225117798,45.543198913248105
21-93812,Plainte,Villeray-Saint-Michel - Parc-Extension,Villeray-Saint-Michel-Parc-Extension,2021-04-27T12:47:06,-73.61349168389592,45.57636875015896
21-93880,Plainte,Villeray-Saint-Michel - Parc-Extension,Villeray-Saint-Michel-Parc-Extension,2021-04-27T13:16:36,-73.61040281188501,45.54426942605339
21-93956,Plainte,Côte-des-Neiges - Notre-Dame-de-Grâce,Côte-des-Neiges-Notre-Dame-de-Grâce,2021-04-27T13:46:48,-73.63913402340414,45.47129198272112
21-93925,Plainte,Verdun,Verdun,2021-04-27T13:32:27,-73.57706757510222,45.4478381282656
21-93960,Plainte,Ville-Marie,Ville-Marie,2021-04-27T13:48:05,-73.56383416702812,45.51865231072483
21-94052,Plainte,Rivière-des-Prairies - Pointe-aux-Trembles,Rivière-des-Prairies-Pointe-aux-Trembles,2021-04-27T14:30:11,-73.50022667067815,45.66666783387045
21-94022,Plainte,LaSalle,LaSalle,2021-04-27T14:15:37,-73.62090078845506,45.4354903446165
21-94099,Plainte,Villeray-Saint-Michel - Parc-Extension,Villeray-Saint-Michel-Parc-Extension,2021-04-27T14:47:41,-73.59070806420819,45.56107709223965
21-94074,Plainte,Montréal-Nord,Montréal-Nord,2021-04-27T14:39:55,-73.63374371100998,45.60278942480433
21-94089,Plainte,Villeray-Saint-Michel - Parc-Extension,Villeray-Saint-Michel-Parc-Extension,2021-04-27T14:44:12,-73.59070806420819,45.56107709223965
21-9411,Plainte,Mercier - Hochelaga-Maisonneuve,Mercier-Hochelaga-Maisonneuve,2021-01-15T14:30:26,-73.54597030960711,45.55920941836322
21-94231,Plainte,Villeray-Saint-Michel - Parc-Extension,Villeray-Saint-Michel-Parc-Extension,2021-04-27T15:45:30,-73.619005834,45.538140441
21-94202,Plainte,Anjou,Anjou,2021-04-27T15:32:44,-73.5477963954191,45.603925508384016
21-94345,Plainte,Rivière-des-Prairies - Pointe-aux-Trembles,Rivière-des-Prairies-Pointe-aux-Trembles,2021-04-27T16:55:54,-73.50418288812023,45.635309821551054
21-94354,Plainte,Pierrefonds - Roxboro,Pierrefonds-Roxboro,2021-04-27T17:05:39,-73.83670472686217,45.506874689390365
21-94699,Plainte,Ville-Marie,Ville-Marie,2021-04-28T09:29:14,-73.570250866,45.505696063
21-94562,Plainte,Saint-Léonard,Saint-Léonard,2021-04-28T08:43:11,-73.61658424485547,45.58267700522785
21-94682,Plainte,Rivière-des-Prairies - Pointe-aux-Trembles,Rivière-des-Prairies-Pointe-aux-Trembles,2021-04-28T09:23:05,-73.567080521,45.655193499
21-94670,Plainte,Rivière-des-Prairies - Pointe-aux-Trembles,Rivière-des-Prairies-Pointe-aux-Trembles,2021-04-28T09:17:48,-73.51885938255208,45.64701246621356
21-94719,Plainte,Ahuntsic - Cartierville,Ahuntsic-Cartierville,2021-04-28T09:33:49,-73.70906776722377,45.52514954655423
21-9476,Plainte,Ahuntsic - Cartierville,Ahuntsic-Cartierville,2021-01-15T15:23:50,-73.69980621798608,45.529278198873904
21-94849,Plainte,LaSalle,LaSalle,2021-04-28T10:16:36,-73.63991738987055,45.43036675364027
21-94854,Plainte,Le Plateau-Mont-Royal,Le Plateau-Mont-Royal,2021-04-28T10:17:58,-73.5930619724909,45.53150588849115
21-94907,Plainte,Ahuntsic - Cartierville,Ahuntsic-Cartierville,2021-04-28T10:38:54,-73.65594859647565,45.56354120843463
21-9488,Plainte,Rivière-des-Prairies - Pointe-aux-Trembles,Rivière-des-Prairies-Pointe-aux-Trembles,2021-01-15T15:46:10,-73.4941570415249,45.64142423898174
21-94843,Plainte,Le Sud-Ouest,Le Sud-Ouest,2021-04-28T10:13:38,-73.59800094925149,45.4595140476668
21-94896,Plainte,Le Plateau-Mont-Royal,Le Plateau-Mont-Royal,2021-04-28T10:36:17,-73.58296877351066,45.5343236639565
21-94936,Plainte,Mercier - Hochelaga-Maisonneuve,Mercier-Hochelaga-Maisonneuve,2021-04-28T10:49:07,-73.53258883,45.597052183
21-94920,Plainte,Le Plateau-Mont-Royal,Le Plateau-Mont-Royal,2021-04-28T10:43:28,-73.59079570565522,45.525330312167895
21-94946,Plainte,Anjou,Anjou,2021-04-28T10:53:30,-73.55827905445805,45.603315087018565
21-9495,Plainte,Le Plateau-Mont-Royal,Le Plateau-Mont-Royal,2021-01-15T15:53:33,-73.570976817,45.520984082
21-94968,Plainte,Le Plateau-Mont-Royal,Le Plateau-Mont-Royal,2021-04-28T10:59:15,-73.570973901293,45.52735020091507
21-95195,Plainte,Villeray-Saint-Michel - Parc-Extension,Villeray-Saint-Michel-Parc-Extension,2021-04-28T12:45:53,-73.61331964613059,45.54636680132072
21-95095,Plainte,Le Plateau-Mont-Royal,Le Plateau-Mont-Royal,2021-04-28T11:48:20,-73.58794077728163,45.53057123228737
21-95157,Plainte,Montréal-Nord,Montréal-Nord,2021-04-28T12:22:50,-73.62348559232052,45.614385550124496
21-95184,Plainte,Rosemont - La Petite-Patrie,Rosemont-La Petite-Patrie,2021-04-28T12:37:13,-73.56705716846054,45.568443062460176
21-95201,Plainte,Le Plateau-Mont-Royal,Le Plateau-Mont-Royal,2021-04-28T12:49:06,-73.56766527936223,45.53483819513928
21-95199,Plainte,Ahuntsic - Cartierville,Ahuntsic-Cartierville,2021-04-28T12:48:44,-73.64667240374041,45.564096502057865
21-95368,Plainte,Mercier - Hochelaga-Maisonneuve,Mercier-Hochelaga-Maisonneuve,2021-04-28T13:58:45,-73.54013426824802,45.54083222357755
21-95213,Plainte,Saint-Léonard,Saint-Léonard,2021-04-28T12:54:52,-73.60353064637995,45.58364284408316
21-95260,Plainte,Ville-Marie,Ville-Marie,2021-04-28T13:15:06,-73.55097577,45.512364573
21-9560,Plainte,Le Plateau-Mont-Royal,Le Plateau-Mont-Royal,2021-01-15T17:25:06,-73.58074550831684,45.515488874026005
21-95375,Plainte,Villeray-Saint-Michel - Parc-Extension,Villeray-Saint-Michel-Parc-Extension,2021-04-28T14:00:17,-73.59748330011001,45.56414032796747
21-95380,Plainte,Rivière-des-Prairies - Pointe-aux-Trembles,Rivière-des-Prairies-Pointe-aux-Trembles,2021-04-28T14:03:10,-73.564195524,45.649162371
21-95974,Plainte,LaSalle,LaSalle,2021-04-29T09:03:57,-73.63418472946778,45.43414742347687
21-95776,Plainte,Rivière-des-Prairies - Pointe-aux-Trembles,Rivière-des-Prairies-Pointe-aux-Trembles,2021-04-28T18:30:17,-73.57293006918927,45.64000061332614
21-95816,Plainte,Villeray-Saint-Michel - Parc-Extension,Villeray-Saint-Michel-Parc-Extension,2021-04-28T20:09:25,-73.6008089699518,45.55225338110554
21-95677,Plainte,Le Plateau-Mont-Royal,Le Plateau-Mont-Royal,2021-04-28T16:32:44,-73.579471328,45.535180486
21-96227,Plainte,Villeray-Saint-Michel - Parc-Extension,Villeray-Saint-Michel-Parc-Extension,2021-04-29T10:42:49,-73.6232180022744,45.581571058422114
21-96078,Plainte,Ahuntsic - Cartierville,Ahuntsic-Cartierville,2021-04-29T09:43:57,-73.69232311267547,45.54366519890492
21-96101,Plainte,Le Plateau-Mont-Royal,Le Plateau-Mont-Royal,2021-04-29T09:51:46,-73.57278425727121,45.53306623232624
21-96398,Plainte,Le Sud-Ouest,Le Sud-Ouest,2021-04-29T11:32:38,-73.58499759907058,45.46669702823701
21-9640,Plainte,Côte-des-Neiges - Notre-Dame-de-Grâce,Côte-des-Neiges-Notre-Dame-de-Grâce,2021-01-16T09:14:46,-73.6449665028502,45.49048974056453
21-96702,Plainte,Rosemont - La Petite-Patrie,Rosemont-La Petite-Patrie,2021-04-29T13:41:21,-73.58609867809535,45.5497828697605
21-96463,Plainte,Le Sud-Ouest,Le Sud-Ouest,2021-04-29T11:57:47,-73.5955921981304,45.473250670873135
21-96505,Plainte,Ville-Marie,Ville-Marie,2021-04-29T12:18:12,-73.55926464262113,45.523774675820206
21-96550,Plainte,Rivière-des-Prairies - Pointe-aux-Trembles,Rivière-des-Prairies-Pointe-aux-Trembles,2021-04-29T12:43:34,-73.58481176470193,45.63619778334334
21-9709,Plainte,Le Sud-Ouest,Le Sud-Ouest,2021-01-16T10:51:21,-73.55922421394332,45.49259649253492
21-96730,Plainte,Le Plateau-Mont-Royal,Le Plateau-Mont-Royal,2021-04-29T13:49:50,-73.58176193175211,45.528249382739936
21-9675,Plainte,LaSalle,LaSalle,2021-01-16T09:58:28,-73.63856014253922,45.42818752816394
21-96801,Plainte,Le Plateau-Mont-Royal,Le Plateau-Mont-Royal,2021-04-29T14:19:26,-73.59211071585254,45.52272832400998
21-96924,Plainte,Ahuntsic - Cartierville,Ahuntsic-Cartierville,2021-04-29T15:21:55,-73.65367542542135,45.57764030740527
21-97026,Plainte,Rivière-des-Prairies - Pointe-aux-Trembles,Rivière-des-Prairies-Pointe-aux-Trembles,2021-04-29T16:16:00,-73.60400655419609,45.63810521148078
21-96767,Plainte,LaSalle,LaSalle,2021-04-29T14:04:35,-73.59699774768464,45.43376543465771
21-9677,Plainte,Mercier - Hochelaga-Maisonneuve,Mercier-Hochelaga-Maisonneuve,2021-01-16T10:00:02,-73.56251329898102,45.59178739722118
21-96813,Plainte,Ahuntsic - Cartierville,Ahuntsic-Cartierville,2021-04-29T14:24:27,-73.639595363,45.572211383
21-96838,Plainte,Rivière-des-Prairies - Pointe-aux-Trembles,Rivière-des-Prairies-Pointe-aux-Trembles,2021-04-29T14:40:41,-73.57350700865744,45.65377264316325
21-9699,Plainte,Ahuntsic - Cartierville,Ahuntsic-Cartierville,2021-01-16T10:36:20,-73.6822541390729,45.54689912602575
21-97096,Plainte,Le Plateau-Mont-Royal,Le Plateau-Mont-Royal,2021-04-29T17:05:26,-73.58296877351066,45.5343236639565
21-97117,Plainte,Villeray-Saint-Michel - Parc-Extension,Villeray-Saint-Michel-Parc-Extension,2021-04-29T17:28:18,-73.59071044665873,45.56292814145998
21-97094,Plainte,Le Sud-Ouest,Le Sud-Ouest,2021-04-29T17:04:58,-73.55804714093856,45.48332586746158
21-9713,Plainte,Saint-Laurent,Saint-Laurent,2021-01-16T10:59:36,-73.73097889939238,45.522128132696366
21-97122,Plainte,Mercier - Hochelaga-Maisonneuve,Mercier-Hochelaga-Maisonneuve,2021-04-29T17:36:35,-73.51274598828624,45.596047508193045
21-97359,Plainte,LaSalle,LaSalle,2021-04-30T09:18:18,-73.63436524176393,45.417386348536176
21-97159,Plainte,Villeray-Saint-Michel - Parc-Extension,Villeray-Saint-Michel-Parc-Extension,2021-04-29T18:48:57,-73.59740511,45.561861816
21-97318,Plainte,Le Plateau-Mont-Royal,Le Plateau-Mont-Royal,2021-04-30T09:00:58,-73.59079570565522,45.525330312167895
21-9732,Plainte,Côte-des-Neiges - Notre-Dame-de-Grâce,Côte-des-Neiges-Notre-Dame-de-Grâce,2021-01-16T11:26:15,-73.6449665028502,45.49048974056453
21-9736,Plainte,Ville-Marie,Ville-Marie,2021-01-16T11:30:17,-73.56197305775027,45.528035296693766
21-97406,Plainte,Mercier - Hochelaga-Maisonneuve,Mercier-Hochelaga-Maisonneuve,2021-04-30T09:42:45,-73.54571736673253,45.5469769613949
21-97417,Plainte,Mercier - Hochelaga-Maisonneuve,Mercier-Hochelaga-Maisonneuve,2021-04-30T09:44:54,-73.54571736673253,45.5469769613949
21-97407,Plainte,Mercier - Hochelaga-Maisonneuve,Mercier-Hochelaga-Maisonneuve,2021-04-30T09:42:53,-73.54571736673253,45.5469769613949
21-97412,Plainte,Rosemont - La Petite-Patrie,Rosemont-La Petite-Patrie,2021-04-30T09:43:57,-73.58597747405774,45.552658316673615
21-97408,Plainte,LaSalle,LaSalle,2021-04-30T09:43:04,-73.62987718421334,45.426002475351225
21-9743,Plainte,Mercier - Hochelaga-Maisonneuve,Mercier-Hochelaga-Maisonneuve,2021-01-16T11:41:21,-73.54346298890071,45.59011080761208
21-97416,Plainte,Mercier - Hochelaga-Maisonneuve,Mercier-Hochelaga-Maisonneuve,2021-04-30T09:44:41,-73.54571736673253,45.5469769613949
21-97423,Plainte,Mercier - Hochelaga-Maisonneuve,Mercier-Hochelaga-Maisonneuve,2021-04-30T09:49:07,-73.541482581,45.585668577
21-97437,Plainte,LaSalle,LaSalle,2021-04-30T09:54:47,-73.6075190817966,45.43254803397882
21-9749,Plainte,Ahuntsic - Cartierville,Ahuntsic-Cartierville,2021-01-16T11:45:02,-73.64077894229271,45.54652159460274
21-97612,Plainte,Le Plateau-Mont-Royal,Le Plateau-Mont-Royal,2021-04-30T11:21:51,-73.58296877351066,45.5343236639565
21-97547,Plainte,Ahuntsic - Cartierville,Ahuntsic-Cartierville,2021-04-30T10:49:48,-73.65481460395988,45.57376417760052
21-97590,Plainte,Le Plateau-Mont-Royal,Le Plateau-Mont-Royal,2021-04-30T11:11:00,-73.56608703949502,45.53094933290968
21-97591,Plainte,LaSalle,LaSalle,2021-04-30T11:11:25,-73.63688294084187,45.43584971846397
21-9762,Plainte,L'Île-Bizard - Sainte-Geneviève,L'Île-Bizard-Sainte-Geneviève,2021-01-16T11:56:47,-73.88331160192241,45.492531900676575
21-97706,Plainte,Ahuntsic - Cartierville,Ahuntsic-Cartierville,2021-04-30T12:11:09,-73.73127695417045,45.517360081849205
21-9768,Plainte,Montréal-Nord,Montréal-Nord,2021-01-16T12:03:13,-73.63736246301657,45.59375802460729
21-97657,Plainte,Mercier - Hochelaga-Maisonneuve,Mercier-Hochelaga-Maisonneuve,2021-04-30T11:48:25,-73.5128571188038,45.589291167214526
21-97733,Plainte,Verdun,Verdun,2021-04-30T12:27:48,-73.57383056408524,45.45952538755293
21-9777,Plainte,Le Plateau-Mont-Royal,Le Plateau-Mont-Royal,2021-01-16T12:12:00,-73.5887008,45.534236952
21-97793,Plainte,Ahuntsic - Cartierville,Ahuntsic-Cartierville,2021-04-30T13:11:57,-73.657719723,45.549527711
21-97866,Plainte,Ahuntsic - Cartierville,Ahuntsic-Cartierville,2021-04-30T13:50:46,-73.73854746260572,45.52288084828303
21-97831,Plainte,Côte-des-Neiges - Notre-Dame-de-Grâce,Côte-des-Neiges-Notre-Dame-de-Grâce,2021-04-30T13:31:42,-73.6234201528672,45.51278762395855
21-98033,Plainte,Saint-Léonard,Saint-Léonard,2021-04-30T15:32:25,-73.58404692261789,45.57774640085582
21-9788,Plainte,Mercier - Hochelaga-Maisonneuve,Mercier-Hochelaga-Maisonneuve,2021-01-16T12:24:55,-73.54981255080699,45.54956994837831
21-97873,Plainte,Ahuntsic - Cartierville,Ahuntsic-Cartierville,2021-04-30T13:55:28,-73.65980353569844,45.56915467371708
21-98011,Plainte,Le Plateau-Mont-Royal,Le Plateau-Mont-Royal,2021-04-30T15:20:19,-73.59079570565522,45.525330312167895
21-98092,Plainte,Villeray-Saint-Michel - Parc-Extension,Villeray-Saint-Michel-Parc-Extension,2021-04-30T16:26:38,-73.61203296277445,45.55221002203638
21-9806,Plainte,Le Sud-Ouest,Le Sud-Ouest,2021-01-16T12:39:33,-73.591319416,45.47856794
21-98153,Plainte,Le Sud-Ouest,Le Sud-Ouest,2021-04-30T17:56:08,-73.59129415271958,45.45117678847049
21-98122,Plainte,Rosemont - La Petite-Patrie,Rosemont-La Petite-Patrie,2021-04-30T17:11:47,-73.61156547098271,45.53996713862055
21-98288,Plainte,Rosemont - La Petite-Patrie,Rosemont-La Petite-Patrie,2021-05-01T09:45:57,-73.605007897,45.53936263
21-98170,Plainte,Villeray-Saint-Michel - Parc-Extension,Villeray-Saint-Michel-Parc-Extension,2021-04-30T18:25:51,-73.61331964613059,45.54636680132072
21-98955,Plainte,Mercier - Hochelaga-Maisonneuve,Mercier-Hochelaga-Maisonneuve,2021-05-03T08:40:58,-73.54106256352095,45.54148100510263
21-9836,Plainte,Rosemont - La Petite-Patrie,Rosemont-La Petite-Patrie,2021-01-16T12:55:32,-73.613403818,45.530775125
21-985,Plainte,Mercier - Hochelaga-Maisonneuve,Mercier-Hochelaga-Maisonneuve,2021-01-04T09:14:46,-73.515355999,45.605915203
21-98676,Plainte,Ville-Marie,Ville-Marie,2021-05-02T10:32:06,-73.55795330641722,45.51882593604803
21-98678,Plainte,Rivière-des-Prairies - Pointe-aux-Trembles,Rivière-des-Prairies-Pointe-aux-Trembles,2021-05-02T10:36:10,-73.49112702293843,45.6529211360962
21-98655,Plainte,Ville-Marie,Ville-Marie,2021-05-02T09:45:44,-73.557729995,45.519034401
21-98680,Plainte,Ville-Marie,Ville-Marie,2021-05-02T10:37:08,-73.55924614845672,45.51910903875685
21-98840,Plainte,Ahuntsic - Cartierville,Ahuntsic-Cartierville,2021-05-02T16:17:41,-73.660097182,45.571249582
21-99155,Plainte,Le Sud-Ouest,Le Sud-Ouest,2021-05-03T09:38:07,-73.59613518993055,45.45986474300964
21-98996,Plainte,Rosemont - La Petite-Patrie,Rosemont-La Petite-Patrie,2021-05-03T08:55:06,-73.57260536332953,45.55506504993576
21-99037,Plainte,Rosemont - La Petite-Patrie,Rosemont-La Petite-Patrie,2021-05-03T09:08:48,-73.55954416673778,45.55493920078465
21-99039,Plainte,LaSalle,LaSalle,2021-05-03T09:09:29,-73.62336804751789,45.42782148870221
21-99072,Plainte,Ahuntsic - Cartierville,Ahuntsic-Cartierville,2021-05-03T09:17:42,-73.69635604902038,45.538481137675895
21-99121,Plainte,Saint-Léonard,Saint-Léonard,2021-05-03T09:30:59,-73.61984421922294,45.58526591129744
21-99442,Plainte,Mercier - Hochelaga-Maisonneuve,Mercier-Hochelaga-Maisonneuve,2021-05-03T11:05:44,-73.5318760698761,45.55289102305126
21-99399,Plainte,Le Plateau-Mont-Royal,Le Plateau-Mont-Royal,2021-05-03T10:54:26,-73.58525220842628,45.53491324712318
21-9940,Plainte,Rivière-des-Prairies - Pointe-aux-Trembles,Rivière-des-Prairies-Pointe-aux-Trembles,2021-01-16T14:02:32,-73.48995684162672,45.6532331848956
21-99325,Plainte,Ville-Marie,Ville-Marie,2021-05-03T10:28:25,-73.56199017230732,45.529415923969154
21-99616,Plainte,Mercier - Hochelaga-Maisonneuve,Mercier-Hochelaga-Maisonneuve,2021-05-03T12:00:50,-73.51686142,45.590136111
21-99576,Plainte,Côte-des-Neiges - Notre-Dame-de-Grâce,Côte-des-Neiges-Notre-Dame-de-Grâce,2021-05-03T11:50:59,-73.64406628726772,45.4960759739508
21-996,Plainte,Ville-Marie,Ville-Marie,2021-01-04T09:18:49,-73.55882857370764,45.51669669617837
21-99581,Plainte,Ville-Marie,Ville-Marie,2021-05-03T11:52:18,-73.553712921,45.498467328
21-99907,Plainte,Ahuntsic - Cartierville,Ahuntsic-Cartierville,2021-05-03T14:07:26,-73.66224725762288,45.55895585186241
21-99633,Plainte,Lachine,Lachine,2021-05-03T12:08:19,-73.64646641623202,45.44614481133732
21-99651,Plainte,Le Plateau-Mont-Royal,Le Plateau-Mont-Royal,2021-05-03T12:16:37,-73.58097756424374,45.53587787071497
21-99766,Plainte,Mercier - Hochelaga-Maisonneuve,Mercier-Hochelaga-Maisonneuve,2021-05-03T13:17:53,-73.53524912612444,45.60605307023103
21-99767,Plainte,Mercier - Hochelaga-Maisonneuve,Mercier-Hochelaga-Maisonneuve,2021-05-03T13:18:45,-73.53524912612444,45.60605307023103
21-99800,Plainte,Mercier - Hochelaga-Maisonneuve,Mercier-Hochelaga-Maisonneuve,2021-05-03T13:31:12,-73.51023687077112,45.58745343307752
21-99803,Plainte,Mercier - Hochelaga-Maisonneuve,Mercier-Hochelaga-Maisonneuve,2021-05-03T13:32:08,-73.51023687077112,45.58745343307752
21-102721,Plainte,Ville de Montréal,,2021-05-05T13:38:19,,
21-99965,Plainte,LaSalle,LaSalle,2021-05-03T14:29:33,-73.66512241141801,45.43114089688341
21-246888,Plainte,Ville de Montréal,,2021-09-09T12:14:44,,
21-135326,Plainte,Ville de Montréal,,2021-06-01T12:06:42,,
21-106725,Plainte,Ville de Montréal,,2021-05-10T09:15:41,,
21-202758,Plainte,Ville de Montréal,,2021-07-29T12:23:31,,
21-165997,Plainte,Ville de Montréal,,2021-06-27T13:00:12,,
21-166009,Plainte,Ville de Montréal,,2021-06-27T13:17:22,,
21-181416,Plainte,Ville de Montréal,,2021-07-09T16:46:48,,
21-252313,Plainte,Ville de Montréal,,2021-09-14T18:23:20,,
21-19444,Plainte,Ville de Montréal,,2021-01-26T17:32:50,,
21-234896,Plainte,Ville de Montréal,,2021-08-28T12:22:48,,
21-217,Plainte,Ville de Montréal,,2021-01-02T10:17:58,,
21-263104,Plainte,Ville de Montréal,,2021-09-24T15:28:09,,
21-283564,Plainte,Ville de Montréal,,2021-10-17T13:50:33,,
21-326676,Plainte,Ville de Montréal,,2021-12-07T13:05:33,,
21-308055,Plainte,Ville de Montréal,,2021-11-12T14:27:31,,
21-31767,Plainte,Ville de Montréal,,2021-02-12T14:58:18,,
21-47954,Plainte,Ville de Montréal,,2021-03-06T09:17:20,,
21-324533,Plainte,Ville de Montréal,,2021-12-06T09:36:13,,
21-3582,Plainte,Ville de Montréal,,2021-01-06T13:34:24,,
21-94351,Plainte,Ville de Montréal,,2021-04-27T17:01:48,,
21-58796,Plainte,Ville de Montréal,,2021-03-22T09:15:25,,
21-59231,Plainte,Ville de Montréal,,2021-03-22T12:04:21,,
21-98009,Plainte,Ville de Montréal,,2021-04-30T15:20:05,,
21-78976,Plainte,Ville de Montréal,,2021-04-12T17:56:24,,
21-98025,Plainte,Ville de Montréal,,2021-04-30T15:25:32,,
21-10017,Plainte,Ahuntsic - Cartierville,Ahuntsic-Cartierville,2021-01-16T14:41:48,-73.65787776606719,45.57414906425156
21-100105,Plainte,Côte-des-Neiges - Notre-Dame-de-Grâce,Côte-des-Neiges-Notre-Dame-de-Grâce,2021-05-03T15:31:37,-73.62174953705428,45.465925604119526
21-100163,Plainte,Mercier - Hochelaga-Maisonneuve,Mercier-Hochelaga-Maisonneuve,2021-05-03T15:56:08,-73.54537298520212,45.53870471420764
21-100177,Plainte,Rosemont - La Petite-Patrie,Rosemont-La Petite-Patrie,2021-05-03T16:00:49,-73.59214163287427,45.55385590784087
21-100622,Plainte,Mercier - Hochelaga-Maisonneuve,Mercier-Hochelaga-Maisonneuve,2021-05-04T09:18:47,-73.5491311398915,45.55097041918254
21-100538,Plainte,Rosemont - La Petite-Patrie,Rosemont-La Petite-Patrie,2021-05-04T08:46:42,-73.57506398166619,45.5478088846963
21-10068,Plainte,LaSalle,LaSalle,2021-01-16T15:15:41,-73.63856014253922,45.42818752816394
21-10064,Plainte,Mercier - Hochelaga-Maisonneuve,Mercier-Hochelaga-Maisonneuve,2021-01-16T15:12:10,-73.52783622073257,45.591944029864045
21-10098,Plainte,Ahuntsic - Cartierville,Ahuntsic-Cartierville,2021-01-16T15:43:45,-73.70166796705557,45.530007043350174
21-100694,Plainte,Verdun,Verdun,2021-05-04T09:47:44,-73.54304226131833,45.46303493373115
21-100728,Plainte,Rivière-des-Prairies - Pointe-aux-Trembles,Rivière-des-Prairies-Pointe-aux-Trembles,2021-05-04T09:55:16,-73.48127730500401,45.69453752128573
21-100872,Plainte,Le Plateau-Mont-Royal,Le Plateau-Mont-Royal,2021-05-04T10:36:20,-73.580469111,45.534106785
21-100890,Plainte,Rosemont - La Petite-Patrie,Rosemont-La Petite-Patrie,2021-05-04T10:43:35,-73.5607502805445,45.54414648051983
21-10117,Plainte,Rosemont - La Petite-Patrie,Rosemont-La Petite-Patrie,2021-01-16T15:57:53,-73.57138565095873,45.57781871688526
21-10105,Plainte,Pierrefonds - Roxboro,Pierrefonds-Roxboro,2021-01-16T15:49:53,-73.7994220650685,45.50265535833028
21-101068,Plainte,Ahuntsic - Cartierville,Ahuntsic-Cartierville,2021-05-04T11:44:50,-73.66995717729766,45.54104322960314
21-101090,Plainte,Côte-des-Neiges - Notre-Dame-de-Grâce,Côte-des-Neiges-Notre-Dame-de-Grâce,2021-05-04T11:53:06,-73.64191813409974,45.45634812046196
21-101219,Plainte,Ahuntsic - Cartierville,Ahuntsic-Cartierville,2021-05-04T12:57:59,-73.66610967104977,45.55243025357103
21-10125,Plainte,Saint-Laurent,Saint-Laurent,2021-01-16T16:10:33,-73.68594509193882,45.50334601126773
21-101260,Plainte,Pierrefonds - Roxboro,Pierrefonds-Roxboro,2021-05-04T13:15:16,-73.87101533420808,45.4670207290666
21-101239,Plainte,Anjou,Anjou,2021-05-04T13:05:03,-73.54856014164616,45.59823193372875
21-101280,Plainte,Rivière-des-Prairies - Pointe-aux-Trembles,Rivière-des-Prairies-Pointe-aux-Trembles,2021-05-04T13:26:16,-73.50802043854577,45.65289905724566
21-101397,Plainte,Côte-des-Neiges - Notre-Dame-de-Grâce,Côte-des-Neiges-Notre-Dame-de-Grâce,2021-05-04T14:14:23,-73.62424618001596,45.48720983253525
21-102010,Plainte,Mercier - Hochelaga-Maisonneuve,Mercier-Hochelaga-Maisonneuve,2021-05-05T08:46:54,-73.53782104760374,45.60979590890999
21-101408,Plainte,Le Plateau-Mont-Royal,Le Plateau-Mont-Royal,2021-05-04T14:20:39,-73.58039582425683,45.52673776811415
21-101451,Plainte,Côte-des-Neiges - Notre-Dame-de-Grâce,Côte-des-Neiges-Notre-Dame-de-Grâce,2021-05-04T14:41:21,-73.63798026458802,45.48452801559414
21-10157,Plainte,Villeray-Saint-Michel - Parc-Extension,Villeray-Saint-Michel-Parc-Extension,2021-01-16T16:37:20,-73.6249588779386,45.53744643765469
21-101644,Plainte,Villeray-Saint-Michel - Parc-Extension,Villeray-Saint-Michel-Parc-Extension,2021-05-04T16:09:50,-73.62475354113015,45.52992252243281
21-101654,Plainte,Villeray-Saint-Michel - Parc-Extension,Villeray-Saint-Michel-Parc-Extension,2021-05-04T16:14:52,-73.6316148053282,45.52893519903352
21-101658,Plainte,Villeray-Saint-Michel - Parc-Extension,Villeray-Saint-Michel-Parc-Extension,2021-05-04T16:17:04,-73.61931772402056,45.52764387500589
21-101683,Plainte,Mercier - Hochelaga-Maisonneuve,Mercier-Hochelaga-Maisonneuve,2021-05-04T16:25:47,-73.54173117411226,45.58502379910373
21-101849,Plainte,Villeray-Saint-Michel - Parc-Extension,Villeray-Saint-Michel-Parc-Extension,2021-05-04T18:58:09,-73.62509359608849,45.52934606395501
21-101866,Plainte,Côte-des-Neiges - Notre-Dame-de-Grâce,Côte-des-Neiges-Notre-Dame-de-Grâce,2021-05-04T19:34:14,-73.61464827229013,45.46956055528624
21-102065,Plainte,Outremont,Outremont,2021-05-05T09:03:19,-73.60829365618441,45.51387056765467
21-102041,Plainte,L'Île-Bizard - Sainte-Geneviève,L'Île-Bizard-Sainte-Geneviève,2021-05-05T08:55:53,-73.86185004477426,45.4977655735305
21-102108,Plainte,Outremont,Outremont,2021-05-05T09:24:08,-73.60019019618491,45.51745463669774
21-102174,Plainte,Rivière-des-Prairies - Pointe-aux-Trembles,Rivière-des-Prairies-Pointe-aux-Trembles,2021-05-05T09:46:15,-73.586770147,45.629166919
21-102363,Plainte,Villeray-Saint-Michel - Parc-Extension,Villeray-Saint-Michel-Parc-Extension,2021-05-05T10:51:23,-73.62184397862276,45.53010105313681
21-102275,Plainte,Le Plateau-Mont-Royal,Le Plateau-Mont-Royal,2021-05-05T10:23:58,-73.575599733,45.531849015
21-102367,Plainte,Rosemont - La Petite-Patrie,Rosemont-La Petite-Patrie,2021-05-05T10:52:15,-73.61437881249473,45.532891186655554
21-102378,Plainte,Le Plateau-Mont-Royal,Le Plateau-Mont-Royal,2021-05-05T10:56:55,-73.59079570565522,45.525330312167895
21-102410,Plainte,Mercier - Hochelaga-Maisonneuve,Mercier-Hochelaga-Maisonneuve,2021-05-05T11:09:53,-73.53787677482444,45.5701878199266
21-102389,Plainte,Villeray-Saint-Michel - Parc-Extension,Villeray-Saint-Michel-Parc-Extension,2021-05-05T11:02:13,-73.60103509262426,45.56641824593592
21-102567,Plainte,Ahuntsic - Cartierville,Ahuntsic-Cartierville,2021-05-05T12:10:46,-73.70018741028508,45.54320807260005
21-102529,Plainte,Anjou,Anjou,2021-05-05T11:51:41,-73.55827905445805,45.603315087018565
21-102533,Plainte,Montréal-Nord,Montréal-Nord,2021-05-05T11:54:50,-73.62743980373085,45.60143313430362
21-102555,Plainte,Villeray-Saint-Michel - Parc-Extension,Villeray-Saint-Michel-Parc-Extension,2021-05-05T12:04:03,-73.61635499565546,45.542972395021685
21-103086,Plainte,Ahuntsic - Cartierville,Ahuntsic-Cartierville,2021-05-05T16:49:20,-73.67921395472737,45.54841133359567
21-102581,Plainte,Ville-Marie,Ville-Marie,2021-05-05T12:20:28,-73.55128118304039,45.53572794861231
21-102626,Plainte,Le Plateau-Mont-Royal,Le Plateau-Mont-Royal,2021-05-05T12:47:46,-73.5889804898082,45.517144823466886
21-102631,Plainte,Villeray-Saint-Michel - Parc-Extension,Villeray-Saint-Michel-Parc-Extension,2021-05-05T12:49:58,-73.64062342945032,45.53217201673812
21-102779,Plainte,Le Plateau-Mont-Royal,Le Plateau-Mont-Royal,2021-05-05T14:06:03,-73.5925930678056,45.52220614847246
21-102872,Plainte,Côte-des-Neiges - Notre-Dame-de-Grâce,Côte-des-Neiges-Notre-Dame-de-Grâce,2021-05-05T14:46:03,-73.63378853717516,45.47279407453389
21-102895,Plainte,Le Plateau-Mont-Royal,Le Plateau-Mont-Royal,2021-05-05T14:57:09,-73.57055231850352,45.53915736149571
21-103054,Plainte,Le Plateau-Mont-Royal,Le Plateau-Mont-Royal,2021-05-05T16:18:59,-73.58560894258389,45.53144745208662
21-102590,Plainte,Rosemont - La Petite-Patrie,Rosemont-La Petite-Patrie,2021-05-05T12:27:43,-73.57868647214563,45.57547055537992
21-102615,Plainte,Le Plateau-Mont-Royal,Le Plateau-Mont-Royal,2021-05-05T12:43:00,-73.5751817609085,45.51896813359962
21-102685,Plainte,Rivière-des-Prairies - Pointe-aux-Trembles,Rivière-des-Prairies-Pointe-aux-Trembles,2021-05-05T13:22:31,-73.53737718509902,45.673236519416896
21-103014,Plainte,Villeray-Saint-Michel - Parc-Extension,Villeray-Saint-Michel-Parc-Extension,2021-05-05T15:57:06,-73.63254959731971,45.54313924753522
21-103018,Plainte,Le Plateau-Mont-Royal,Le Plateau-Mont-Royal,2021-05-05T15:59:10,-73.59079570565522,45.525330312167895
21-103745,Plainte,Ahuntsic - Cartierville,Ahuntsic-Cartierville,2021-05-06T10:54:02,-73.66941434201641,45.560675633099386
21-103458,Plainte,Le Plateau-Mont-Royal,Le Plateau-Mont-Royal,2021-05-06T09:27:50,-73.59969143001909,45.52495719475372
21-103647,Plainte,Saint-Léonard,Saint-Léonard,2021-05-06T10:26:21,-73.61313114090608,45.58205662445547
21-103329,Plainte,Pierrefonds - Roxboro,Pierrefonds-Roxboro,2021-05-06T08:42:51,-73.86756134,45.474135049
21-103425,Plainte,Le Plateau-Mont-Royal,Le Plateau-Mont-Royal,2021-05-06T09:17:10,-73.601581305,45.52289555
21-103587,Plainte,Villeray-Saint-Michel - Parc-Extension,Villeray-Saint-Michel-Parc-Extension,2021-05-06T10:11:10,-73.61080835911115,45.5491765657
21-103937,Plainte,Ahuntsic - Cartierville,Ahuntsic-Cartierville,2021-05-06T12:08:06,-73.651010466,45.544437856
21-104054,Plainte,Saint-Laurent,Saint-Laurent,2021-05-06T13:10:45,-73.69172894436642,45.50453467499141
21-104047,Plainte,Rosemont - La Petite-Patrie,Rosemont-La Petite-Patrie,2021-05-06T13:07:41,-73.606745791,45.534789097
21-103992,Plainte,Verdun,Verdun,2021-05-06T12:40:18,-73.56543457247157,45.457757338676
21-104002,Plainte,Ville-Marie,Ville-Marie,2021-05-06T12:44:48,-73.56199017230732,45.529415923969154
21-104057,Plainte,Ahuntsic - Cartierville,Ahuntsic-Cartierville,2021-05-06T13:11:21,-73.65287570438906,45.56264262808826
21-1041,Plainte,Le Plateau-Mont-Royal,Le Plateau-Mont-Royal,2021-01-04T09:47:58,-73.60104694421828,45.52601715910626
21-104169,Plainte,Rosemont - La Petite-Patrie,Rosemont-La Petite-Patrie,2021-05-06T14:07:55,-73.5693261890474,45.54536558767132
21-104229,Plainte,Ahuntsic - Cartierville,Ahuntsic-Cartierville,2021-05-06T14:34:20,-73.65349576111309,45.55189514246648
21-104203,Plainte,Ahuntsic - Cartierville,Ahuntsic-Cartierville,2021-05-06T14:22:44,-73.64512222100805,45.54277762504586
21-104371,Plainte,Mercier - Hochelaga-Maisonneuve,Mercier-Hochelaga-Maisonneuve,2021-05-06T15:47:02,-73.53969671209924,45.61023968703974
21-104267,Plainte,Pierrefonds - Roxboro,Pierrefonds-Roxboro,2021-05-06T14:53:01,-73.85161130943924,45.48490364464508
21-104436,Plainte,Ville-Marie,Ville-Marie,2021-05-06T16:24:50,-73.55729299755745,45.51724180231586
21-104385,Plainte,Côte-des-Neiges - Notre-Dame-de-Grâce,Côte-des-Neiges-Notre-Dame-de-Grâce,2021-05-06T15:55:48,-73.62895090115661,45.49990260563479
21-104425,Plainte,Villeray-Saint-Michel - Parc-Extension,Villeray-Saint-Michel-Parc-Extension,2021-05-06T16:17:39,-73.62475354113015,45.52992252243281
21-104439,Plainte,Outremont,Outremont,2021-05-06T16:26:26,-73.59906780310891,45.517314297112186
21-104431,Plainte,Rivière-des-Prairies - Pointe-aux-Trembles,Rivière-des-Prairies-Pointe-aux-Trembles,2021-05-06T16:21:21,-73.506165936,45.65306747
21-104440,Plainte,Rosemont - La Petite-Patrie,Rosemont-La Petite-Patrie,2021-05-06T16:26:31,-73.58289880598473,45.56725504028091
21-105012,Plainte,Lachine,Lachine,2021-05-07T10:35:12,-73.68218540237446,45.43576977342935
21-104524,Plainte,Mercier - Hochelaga-Maisonneuve,Mercier-Hochelaga-Maisonneuve,2021-05-06T17:44:05,-73.52666324621686,45.60428884151036
21-104580,Plainte,Mercier - Hochelaga-Maisonneuve,Mercier-Hochelaga-Maisonneuve,2021-05-06T19:10:22,-73.54591943248748,45.5433074119001
21-104793,Plainte,Mercier - Hochelaga-Maisonneuve,Mercier-Hochelaga-Maisonneuve,2021-05-07T09:15:23,-73.52666324621686,45.60428884151036
21-104731,Plainte,Le Plateau-Mont-Royal,Le Plateau-Mont-Royal,2021-05-07T08:50:02,-73.58097756424374,45.53587787071497
21-105106,Plainte,Le Plateau-Mont-Royal,Le Plateau-Mont-Royal,2021-05-07T11:06:04,-73.59742130262566,45.52514214523814
21-105034,Plainte,Ahuntsic - Cartierville,Ahuntsic-Cartierville,2021-05-07T10:39:41,-73.72185205883511,45.52691164214206
21-104807,Plainte,Ahuntsic - Cartierville,Ahuntsic-Cartierville,2021-05-07T09:20:26,-73.66219386221388,45.54508114885972
21-104877,Plainte,Mercier - Hochelaga-Maisonneuve,Mercier-Hochelaga-Maisonneuve,2021-05-07T09:43:35,-73.53085776581844,45.60552104601378
21-104931,Plainte,Rosemont - La Petite-Patrie,Rosemont-La Petite-Patrie,2021-05-07T10:08:06,-73.59214163287427,45.55385590784087
21-105065,Plainte,Mercier - Hochelaga-Maisonneuve,Mercier-Hochelaga-Maisonneuve,2021-05-07T10:51:44,-73.54599763920677,45.54139257888999
21-105563,Plainte,Saint-Léonard,Saint-Léonard,2021-05-07T14:44:42,-73.60789509787614,45.59123739878853
21-105203,Plainte,Mercier - Hochelaga-Maisonneuve,Mercier-Hochelaga-Maisonneuve,2021-05-07T11:48:59,-73.52578212316772,45.5695240218718
21-105257,Plainte,Montréal-Nord,Montréal-Nord,2021-05-07T12:14:42,-73.62443967415895,45.62001384047761
21-105280,Plainte,Rivière-des-Prairies - Pointe-aux-Trembles,Rivière-des-Prairies-Pointe-aux-Trembles,2021-05-07T12:24:42,-73.492089378,45.645116113
21-105369,Plainte,Villeray-Saint-Michel - Parc-Extension,Villeray-Saint-Michel-Parc-Extension,2021-05-07T13:20:03,-73.62475354113015,45.52992252243281
21-105190,Plainte,Ahuntsic - Cartierville,Ahuntsic-Cartierville,2021-05-07T11:41:47,-73.68678004901406,45.532234356952976
21-105379,Plainte,Villeray-Saint-Michel - Parc-Extension,Villeray-Saint-Michel-Parc-Extension,2021-05-07T13:24:00,-73.60774355933637,45.54987622673514
21-105382,Plainte,Ville-Marie,Ville-Marie,2021-05-07T13:25:24,-73.56260807732977,45.51470463423157
21-105403,Plainte,Ville-Marie,Ville-Marie,2021-05-07T13:35:25,-73.56076496716022,45.49928704231794
21-105527,Plainte,Villeray-Saint-Michel - Parc-Extension,Villeray-Saint-Michel-Parc-Extension,2021-05-07T14:30:49,-73.6082544451192,45.54930930403784
21-105621,Plainte,Le Plateau-Mont-Royal,Le Plateau-Mont-Royal,2021-05-07T15:10:28,-73.56955461323572,45.53541629502619
21-105574,Plainte,Ahuntsic - Cartierville,Ahuntsic-Cartierville,2021-05-07T14:47:43,-73.66718542249508,45.54468263157958
21-105581,Plainte,Côte-des-Neiges - Notre-Dame-de-Grâce,Côte-des-Neiges-Notre-Dame-de-Grâce,2021-05-07T14:50:06,-73.63185172975193,45.492853528998346
21-105603,Plainte,Côte-des-Neiges - Notre-Dame-de-Grâce,Côte-des-Neiges-Notre-Dame-de-Grâce,2021-05-07T15:01:07,-73.63185172975193,45.492853528998346
21-105626,Plainte,Ville-Marie,Ville-Marie,2021-05-07T15:13:11,-73.55734798926387,45.49869369259288
21-105630,Plainte,Villeray-Saint-Michel - Parc-Extension,Villeray-Saint-Michel-Parc-Extension,2021-05-07T15:16:20,-73.60281900036136,45.56426366831143
21-105647,Plainte,Montréal-Nord,Montréal-Nord,2021-05-07T15:24:59,-73.636999308,45.603052886
21-105711,Plainte,Villeray-Saint-Michel - Parc-Extension,Villeray-Saint-Michel-Parc-Extension,2021-05-07T16:00:57,-73.61438099674706,45.54245346194877
21-105698,Plainte,Rosemont - La Petite-Patrie,Rosemont-La Petite-Patrie,2021-05-07T15:55:03,-73.5943009899477,45.55696435775061
21-105850,Plainte,Ahuntsic - Cartierville,Ahuntsic-Cartierville,2021-05-07T18:03:04,-73.66944306877467,45.546943088363
21-105717,Plainte,Le Plateau-Mont-Royal,Le Plateau-Mont-Royal,2021-05-07T16:03:39,-73.58269014,45.522373187
21-105984,Plainte,Le Sud-Ouest,Le Sud-Ouest,2021-05-08T09:39:27,-73.57488126,45.476731154
21-105760,Plainte,Rosemont - La Petite-Patrie,Rosemont-La Petite-Patrie,2021-05-07T16:31:04,-73.58728568370519,45.56221236254146
21-106225,Plainte,Ville-Marie,Ville-Marie,2021-05-08T15:58:47,-73.55882857370764,45.51669669617837
21-106144,Plainte,Villeray-Saint-Michel - Parc-Extension,Villeray-Saint-Michel-Parc-Extension,2021-05-08T13:30:29,-73.61740208900822,45.55847941447757
21-105879,Plainte,Ahuntsic - Cartierville,Ahuntsic-Cartierville,2021-05-07T19:17:04,-73.6676144106567,45.538339937240266
21-106173,Plainte,Ville-Marie,Ville-Marie,2021-05-08T14:13:08,-73.56076496716022,45.49928704231794
21-106196,Plainte,Pierrefonds - Roxboro,Pierrefonds-Roxboro,2021-05-08T15:01:02,-73.84818620969796,45.49442058130631
21-106410,Plainte,Anjou,Anjou,2021-05-09T12:39:15,-73.55416041457065,45.59433889566296
21-106243,Plainte,Rivière-des-Prairies - Pointe-aux-Trembles,Rivière-des-Prairies-Pointe-aux-Trembles,2021-05-08T16:49:30,-73.52502530277798,45.68948046259671
21-106425,Plainte,Outremont,Outremont,2021-05-09T13:12:07,-73.6047286501921,45.51938591913856
21-106372,Plainte,Villeray-Saint-Michel - Parc-Extension,Villeray-Saint-Michel-Parc-Extension,2021-05-09T11:16:42,-73.62458946,45.530202631
21-106397,Plainte,Lachine,Lachine,2021-05-09T12:06:41,-73.68125106850185,45.43396212716359
21-106810,Plainte,Outremont,Outremont,2021-05-10T09:39:00,-73.61108958313424,45.514095792113366
21-106721,Plainte,Rosemont - La Petite-Patrie,Rosemont-La Petite-Patrie,2021-05-10T09:15:24,-73.59989531726647,45.53962989571313
21-10651,Plainte,Ahuntsic - Cartierville,Ahuntsic-Cartierville,2021-01-17T09:15:16,-73.65707847260967,45.56502818001096
21-106667,Plainte,Le Plateau-Mont-Royal,Le Plateau-Mont-Royal,2021-05-10T09:01:05,-73.57851107355806,45.537128752525504
21-106670,Plainte,Ville-Marie,Ville-Marie,2021-05-10T09:02:12,-73.58441413751012,45.49195738992548
21-1067,Plainte,Côte-des-Neiges - Notre-Dame-de-Grâce,Côte-des-Neiges-Notre-Dame-de-Grâce,2021-01-04T10:04:14,-73.62817119478729,45.46552507488932
21-107416,Plainte,Rosemont - La Petite-Patrie,Rosemont-La Petite-Patrie,2021-05-10T13:19:12,-73.591310571,45.540681215
21-106863,Plainte,Ville-Marie,Ville-Marie,2021-05-10T09:56:23,-73.57102860223004,45.508837023274296
21-106915,Plainte,Ahuntsic - Cartierville,Ahuntsic-Cartierville,2021-05-10T10:12:08,-73.63247825767695,45.557569407982406
21-106916,Plainte,Rivière-des-Prairies - Pointe-aux-Trembles,Rivière-des-Prairies-Pointe-aux-Trembles,2021-05-10T10:12:08,-73.50246919053414,45.63624634800345
21-106960,Plainte,Rosemont - La Petite-Patrie,Rosemont-La Petite-Patrie,2021-05-10T10:26:17,-73.590076567,45.550678539
21-107119,Plainte,LaSalle,LaSalle,2021-05-10T11:20:56,-73.60538139638713,45.42325171334446
21-107166,Plainte,Mercier - Hochelaga-Maisonneuve,Mercier-Hochelaga-Maisonneuve,2021-05-10T11:38:29,-73.54151285473911,45.585683232018006
21-107349,Plainte,Ahuntsic - Cartierville,Ahuntsic-Cartierville,2021-05-10T12:53:35,-73.64393427638602,45.55045378931355
21-107396,Plainte,Le Plateau-Mont-Royal,Le Plateau-Mont-Royal,2021-05-10T13:12:26,-73.592332363,45.523528816
21-106876,Plainte,Verdun,Verdun,2021-05-10T09:59:21,-73.56878351871924,45.454563418327744
21-106896,Plainte,Le Plateau-Mont-Royal,Le Plateau-Mont-Royal,2021-05-10T10:06:31,-73.58931352840223,45.53534366107212
21-106990,Plainte,Outremont,Outremont,2021-05-10T10:35:41,-73.61108958313424,45.514095792113366
21-107103,Plainte,Ahuntsic - Cartierville,Ahuntsic-Cartierville,2021-05-10T11:12:41,-73.66811174976306,45.54215002970822
21-107149,Plainte,Mercier - Hochelaga-Maisonneuve,Mercier-Hochelaga-Maisonneuve,2021-05-10T11:33:09,-73.5387390429451,45.5976108070686
21-1078,Plainte,Lachine,Lachine,2021-01-04T10:07:28,-73.67952063118935,45.43371149134287
21-107564,Plainte,Saint-Léonard,Saint-Léonard,2021-05-10T14:09:45,-73.61974571142834,45.58408576668999
21-107613,Plainte,Rosemont - La Petite-Patrie,Rosemont-La Petite-Patrie,2021-05-10T14:27:27,-73.591383029,45.536171937
21-107633,Plainte,Ahuntsic - Cartierville,Ahuntsic-Cartierville,2021-05-10T14:34:40,-73.65567445646512,45.55117233611138
21-107647,Plainte,Outremont,Outremont,2021-05-10T14:39:19,-73.59733794682771,45.517278697876
21-107651,Plainte,Verdun,Verdun,2021-05-10T14:40:49,-73.56972618554184,45.45678063579447
21-107657,Plainte,Le Plateau-Mont-Royal,Le Plateau-Mont-Royal,2021-05-10T14:43:17,-73.59079570565522,45.525330312167895
21-107659,Plainte,Le Plateau-Mont-Royal,Le Plateau-Mont-Royal,2021-05-10T14:44:19,-73.57205838696119,45.52382616842919
21-107679,Plainte,Rivière-des-Prairies - Pointe-aux-Trembles,Rivière-des-Prairies-Pointe-aux-Trembles,2021-05-10T14:48:48,-73.50593484683527,45.66233625103556
21-107735,Plainte,Rosemont - La Petite-Patrie,Rosemont-La Petite-Patrie,2021-05-10T15:05:28,-73.61234823767671,45.53507518683839
21-107771,Plainte,LaSalle,LaSalle,2021-05-10T15:18:32,-73.59356652257075,45.429175596913936
21-107773,Plainte,Montréal-Nord,Montréal-Nord,2021-05-10T15:19:26,-73.6146594593957,45.609517132455785
21-107838,Plainte,Le Plateau-Mont-Royal,Le Plateau-Mont-Royal,2021-05-10T15:41:33,-73.59879924382662,45.52071830154039
21-107853,Plainte,Verdun,Verdun,2021-05-10T15:47:08,-73.54355077861509,45.4568851436755
21-107866,Plainte,Mercier - Hochelaga-Maisonneuve,Mercier-Hochelaga-Maisonneuve,2021-05-10T15:51:38,-73.52933925140003,45.5954001224566
21-107885,Plainte,Saint-Laurent,Saint-Laurent,2021-05-10T16:02:39,-73.6817023268868,45.50672764186433
21-1080,Plainte,Le Sud-Ouest,Le Sud-Ouest,2021-01-04T10:07:55,-73.5997796215168,45.45152016487409
21-107982,Plainte,Le Sud-Ouest,Le Sud-Ouest,2021-05-10T17:04:14,-73.59264633267153,45.46958777733108
21-107984,Plainte,Montréal-Nord,Montréal-Nord,2021-05-10T17:06:32,-73.63971628456406,45.59004358585932
21-108005,Plainte,Ahuntsic - Cartierville,Ahuntsic-Cartierville,2021-05-10T17:25:10,-73.64228695,45.577031988
21-108069,Plainte,Ahuntsic - Cartierville,Ahuntsic-Cartierville,2021-05-10T18:52:33,-73.67115886,45.544154188
21-108044,Plainte,Le Plateau-Mont-Royal,Le Plateau-Mont-Royal,2021-05-10T18:12:19,-73.58569319367622,45.51906481833858
21-108060,Plainte,Villeray-Saint-Michel - Parc-Extension,Villeray-Saint-Michel-Parc-Extension,2021-05-10T18:32:49,-73.62173892786583,45.552751310932464
21-108080,Plainte,Ville-Marie,Ville-Marie,2021-05-10T19:09:41,-73.55378874538229,45.53057078289309
21-108074,Plainte,Ahuntsic - Cartierville,Ahuntsic-Cartierville,2021-05-10T19:02:36,-73.648113139,45.572453932
21-108079,Plainte,Ville-Marie,Ville-Marie,2021-05-10T19:06:06,-73.55378874538229,45.53057078289309
21-108635,Plainte,LaSalle,LaSalle,2021-05-11T10:47:54,-73.62478104404995,45.43370015605525
21-108268,Plainte,Le Plateau-Mont-Royal,Le Plateau-Mont-Royal,2021-05-11T08:57:14,-73.60579119825088,45.5272762930736
21-108233,Plainte,Le Plateau-Mont-Royal,Le Plateau-Mont-Royal,2021-05-11T08:43:10,-73.56493530036326,45.537442403229335
21-108281,Plainte,Le Plateau-Mont-Royal,Le Plateau-Mont-Royal,2021-05-11T09:03:28,-73.56415584756725,45.53127318000969
21-108373,Plainte,LaSalle,LaSalle,2021-05-11T09:31:34,-73.636075509,45.416872466
21-108462,Plainte,Rosemont - La Petite-Patrie,Rosemont-La Petite-Patrie,2021-05-11T09:55:25,-73.58401186227253,45.541083341133465
21-108665,Plainte,Villeray-Saint-Michel - Parc-Extension,Villeray-Saint-Michel-Parc-Extension,2021-05-11T10:55:53,-73.61572623476779,45.542325146023096
21-108640,Plainte,Ahuntsic - Cartierville,Ahuntsic-Cartierville,2021-05-11T10:49:07,-73.65731594272567,45.54983486585229
21-108916,Plainte,Le Plateau-Mont-Royal,Le Plateau-Mont-Royal,2021-05-11T12:22:44,-73.56994535996955,45.53779071437549
21-108714,Plainte,Ahuntsic - Cartierville,Ahuntsic-Cartierville,2021-05-11T11:10:02,-73.67551154321788,45.53548812001844
21-108842,Plainte,Ahuntsic - Cartierville,Ahuntsic-Cartierville,2021-05-11T11:51:00,-73.64870105,45.563687222
21-108941,Plainte,Anjou,Anjou,2021-05-11T12:33:23,-73.55719531417182,45.60688400297799
21-109288,Plainte,Montréal-Nord,Montréal-Nord,2021-05-11T14:47:16,-73.62671601433995,45.61841568845866
21-109235,Plainte,Le Sud-Ouest,Le Sud-Ouest,2021-05-11T14:28:18,-73.55796001175064,45.494281428875
21-109144,Plainte,Rosemont - La Petite-Patrie,Rosemont-La Petite-Patrie,2021-05-11T13:55:34,-73.587860904,45.553233215
21-109247,Plainte,Ahuntsic - Cartierville,Ahuntsic-Cartierville,2021-05-11T14:32:19,-73.72632313541366,45.52518293835683
21-109316,Plainte,Ahuntsic - Cartierville,Ahuntsic-Cartierville,2021-05-11T14:57:20,-73.67115886,45.544154188
21-109427,Plainte,Verdun,Verdun,2021-05-11T15:48:12,-73.56258956990658,45.46699803094717
21-109354,Plainte,Le Plateau-Mont-Royal,Le Plateau-Mont-Royal,2021-05-11T15:17:02,-73.578455054,45.523350269
21-109570,Plainte,Le Plateau-Mont-Royal,Le Plateau-Mont-Royal,2021-05-11T17:19:25,-73.572037093,45.518597068
21-109898,Plainte,Ahuntsic - Cartierville,Ahuntsic-Cartierville,2021-05-12T09:20:09,-73.71308997253492,45.53443540882338
21-109778,Plainte,L'Île-Bizard - Sainte-Geneviève,L'Île-Bizard-Sainte-Geneviève,2021-05-12T08:39:28,-73.86463996223823,45.4965701155743
21-109780,Plainte,L'Île-Bizard - Sainte-Geneviève,L'Île-Bizard-Sainte-Geneviève,2021-05-12T08:40:22,-73.86610552842272,45.51834829161435
21-109803,Plainte,Outremont,Outremont,2021-05-12T08:46:50,-73.60700926406571,45.52199552516814
21-109851,Plainte,Ville-Marie,Ville-Marie,2021-05-12T09:03:58,-73.55315753013343,45.53529899611414
21-109902,Plainte,Montréal-Nord,Montréal-Nord,2021-05-12T09:21:22,-73.63259073643184,45.58227132356314
21-109768,Plainte,Anjou,Anjou,2021-05-12T08:37:12,-73.54658697449253,45.60295411048144
21-109839,Plainte,Ville-Marie,Ville-Marie,2021-05-12T09:00:33,-73.558139805,45.531374088
21-109868,Plainte,Rosemont - La Petite-Patrie,Rosemont-La Petite-Patrie,2021-05-12T09:08:33,-73.55434213647251,45.571532784896746
21-109908,Plainte,Outremont,Outremont,2021-05-12T09:22:07,-73.5924109025871,45.5159233457438
21-110071,Plainte,Ahuntsic - Cartierville,Ahuntsic-Cartierville,2021-05-12T10:11:21,-73.66960028731914,45.53441218749616
21-109997,Plainte,Ahuntsic - Cartierville,Ahuntsic-Cartierville,2021-05-12T09:51:58,-73.65560252947229,45.55497103025446
21-110276,Plainte,Lachine,Lachine,2021-05-12T11:26:34,-73.67919406613954,45.44596232949184
21-110190,Plainte,Rivière-des-Prairies - Pointe-aux-Trembles,Rivière-des-Prairies-Pointe-aux-Trembles,2021-05-12T10:54:32,-73.55793166272338,45.66315146871193
21-110264,Plainte,Villeray-Saint-Michel - Parc-Extension,Villeray-Saint-Michel-Parc-Extension,2021-05-12T11:22:14,-73.62217478857694,45.54593066522154
21-110713,Plainte,Montréal-Nord,Montréal-Nord,2021-05-12T14:31:49,-73.621961336309,45.61989716884515
21-110327,Plainte,Ville-Marie,Ville-Marie,2021-05-12T11:43:29,-73.555168775,45.515936048
21-110634,Plainte,Rivière-des-Prairies - Pointe-aux-Trembles,Rivière-des-Prairies-Pointe-aux-Trembles,2021-05-12T13:58:09,-73.59066578697698,45.63697796518558
21-110417,Plainte,Ville-Marie,Ville-Marie,2021-05-12T12:20:59,-73.56076496716022,45.49928704231794
21-110575,Plainte,Le Sud-Ouest,Le Sud-Ouest,2021-05-12T13:37:34,-73.581390056,45.479374142
21-11061,Plainte,Montréal-Nord,Montréal-Nord,2021-01-17T11:59:57,-73.63301281973096,45.61074516340071
21-110882,Plainte,Montréal-Nord,Montréal-Nord,2021-05-12T15:36:01,-73.62302446792422,45.6171986787204
21-110791,Plainte,Ahuntsic - Cartierville,Ahuntsic-Cartierville,2021-05-12T15:01:46,-73.64219851976013,45.55032373993552
21-110731,Plainte,Rosemont - La Petite-Patrie,Rosemont-La Petite-Patrie,2021-05-12T14:39:21,-73.58073511106501,45.56694460438014
21-111091,Plainte,Ahuntsic - Cartierville,Ahuntsic-Cartierville,2021-05-12T17:45:21,-73.66116691070972,45.5735464853852
21-111029,Plainte,Mercier - Hochelaga-Maisonneuve,Mercier-Hochelaga-Maisonneuve,2021-05-12T16:55:11,-73.53462798540113,45.594402365486246
21-11103,Plainte,Saint-Laurent,Saint-Laurent,2021-01-17T12:19:21,-73.67727029115038,45.51018110580946
21-111271,Plainte,Rivière-des-Prairies - Pointe-aux-Trembles,Rivière-des-Prairies-Pointe-aux-Trembles,2021-05-13T08:40:58,-73.494432878,45.64613914
21-111169,Plainte,Lachine,Lachine,2021-05-12T20:00:41,-73.69457632322224,45.43768210723164
21-111168,Plainte,Lachine,Lachine,2021-05-12T19:58:49,-73.69457632322224,45.43768210723164
21-111483,Plainte,Rosemont - La Petite-Patrie,Rosemont-La Petite-Patrie,2021-05-13T09:53:32,-73.60257935178379,45.53935816472038
21-111303,Plainte,Lachine,Lachine,2021-05-13T08:52:57,-73.680637199,45.441937025
21-111419,Plainte,Côte-des-Neiges - Notre-Dame-de-Grâce,Côte-des-Neiges-Notre-Dame-de-Grâce,2021-05-13T09:35:45,-73.6351812117346,45.47470272048381
21-111420,Plainte,Villeray-Saint-Michel - Parc-Extension,Villeray-Saint-Michel-Parc-Extension,2021-05-13T09:35:48,-73.6226876744365,45.53851547838981
21-111308,Plainte,Rivière-des-Prairies - Pointe-aux-Trembles,Rivière-des-Prairies-Pointe-aux-Trembles,2021-05-13T08:54:18,-73.50345743367382,45.6598377403881
21-1114,Plainte,Côte-des-Neiges - Notre-Dame-de-Grâce,Côte-des-Neiges-Notre-Dame-de-Grâce,2021-01-04T10:25:01,-73.63913402340414,45.47129198272112
21-111501,Plainte,Rosemont - La Petite-Patrie,Rosemont-La Petite-Patrie,2021-05-13T09:59:15,-73.5814967208909,45.54445174204635
21-1115,Plainte,Ville-Marie,Ville-Marie,2021-01-04T10:25:47,-73.55882857370764,45.51669669617837
21-111583,Plainte,Rosemont - La Petite-Patrie,Rosemont-La Petite-Patrie,2021-05-13T10:25:52,-73.58493469,45.551126853
21-111575,Plainte,LaSalle,LaSalle,2021-05-13T10:24:19,-73.63071157830426,45.435810787186085
21-111626,Plainte,Ville-Marie,Ville-Marie,2021-05-13T10:41:34,-73.55345493765613,45.511278205252985
21-1117,Plainte,Ahuntsic - Cartierville,Ahuntsic-Cartierville,2021-01-04T10:26:46,-73.69177262945402,45.53895019363719
21-111813,Plainte,Villeray-Saint-Michel - Parc-Extension,Villeray-Saint-Michel-Parc-Extension,2021-05-13T12:00:47,-73.60746084095044,45.554792577159645
21-111839,Plainte,Le Plateau-Mont-Royal,Le Plateau-Mont-Royal,2021-05-13T12:15:06,-73.56118636478205,45.5362362206216
21-111869,Plainte,Rivière-des-Prairies - Pointe-aux-Trembles,Rivière-des-Prairies-Pointe-aux-Trembles,2021-05-13T12:32:39,-73.48969121,45.696947284
21-111888,Plainte,Saint-Laurent,Saint-Laurent,2021-05-13T12:41:16,-73.68054187698509,45.50342183140783
21-112042,Plainte,Villeray-Saint-Michel - Parc-Extension,Villeray-Saint-Michel-Parc-Extension,2021-05-13T13:42:08,-73.64201359650758,45.53286998215971
21-111946,Plainte,Côte-des-Neiges - Notre-Dame-de-Grâce,Côte-des-Neiges-Notre-Dame-de-Grâce,2021-05-13T13:08:30,-73.611981143,45.472533363
21-111994,Plainte,Villeray-Saint-Michel - Parc-Extension,Villeray-Saint-Michel-Parc-Extension,2021-05-13T13:24:47,-73.623165288,45.532127463
21-112373,Plainte,Villeray-Saint-Michel - Parc-Extension,Villeray-Saint-Michel-Parc-Extension,2021-05-13T16:19:52,-73.61353978,45.548325704
21-112094,Plainte,Ville-Marie,Ville-Marie,2021-05-13T14:07:46,-73.575742354,45.492953917
21-112183,Plainte,Ville-Marie,Ville-Marie,2021-05-13T14:46:28,-73.553927004149,45.50536636131942
21-112084,Plainte,LaSalle,LaSalle,2021-05-13T14:03:35,-73.62794151385468,45.44538082727342
21-112156,Plainte,Villeray-Saint-Michel - Parc-Extension,Villeray-Saint-Michel-Parc-Extension,2021-05-13T14:36:55,-73.62169836253432,45.56649394912874
21-1122,Plainte,Rosemont - La Petite-Patrie,Rosemont-La Petite-Patrie,2021-01-04T10:29:25,-73.5814967208909,45.54445174204635
21-112718,Plainte,Rosemont - La Petite-Patrie,Rosemont-La Petite-Patrie,2021-05-14T08:54:53,-73.56273945779799,45.55351228719401
21-112455,Plainte,Rivière-des-Prairies - Pointe-aux-Trembles,Rivière-des-Prairies-Pointe-aux-Trembles,2021-05-13T17:17:45,-73.492603886,45.658513866
21-11248,Plainte,Saint-Laurent,Saint-Laurent,2021-01-17T13:24:10,-73.72677064079984,45.48460856457681
21-112766,Plainte,Côte-des-Neiges - Notre-Dame-de-Grâce,Côte-des-Neiges-Notre-Dame-de-Grâce,2021-05-14T09:13:25,-73.63090143820527,45.484212202818775
21-112732,Plainte,Le Plateau-Mont-Royal,Le Plateau-Mont-Royal,2021-05-14T09:00:40,-73.58680862109696,45.51785078085402
21-112880,Plainte,Le Sud-Ouest,Le Sud-Ouest,2021-05-14T09:54:59,-73.570790755,45.49056473
21-112777,Plainte,Mercier - Hochelaga-Maisonneuve,Mercier-Hochelaga-Maisonneuve,2021-05-14T09:18:02,-73.55778333456243,45.58797540852821
21-112832,Plainte,Outremont,Outremont,2021-05-14T09:37:13,-73.60987654004086,45.52168029865378
21-112833,Plainte,Outremont,Outremont,2021-05-14T09:37:24,-73.60987654004086,45.52168029865378
21-112816,Plainte,Rosemont - La Petite-Patrie,Rosemont-La Petite-Patrie,2021-05-14T09:33:02,-73.59339094452399,45.544115815604336
21-113155,Plainte,Côte-des-Neiges - Notre-Dame-de-Grâce,Côte-des-Neiges-Notre-Dame-de-Grâce,2021-05-14T11:46:47,-73.613476341,45.466184717
21-113129,Plainte,Côte-des-Neiges - Notre-Dame-de-Grâce,Côte-des-Neiges-Notre-Dame-de-Grâce,2021-05-14T11:34:33,-73.62652027385343,45.47400233696808
21-113162,Plainte,Ahuntsic - Cartierville,Ahuntsic-Cartierville,2021-05-14T11:49:20,-73.65176248125749,45.5493338751762
21-113050,Plainte,Le Plateau-Mont-Royal,Le Plateau-Mont-Royal,2021-05-14T11:05:41,-73.60189729703815,45.52255129498862
21-113099,Plainte,Montréal-Nord,Montréal-Nord,2021-05-14T11:24:28,-73.62450554583853,45.62372709092271
21-113277,Plainte,Saint-Léonard,Saint-Léonard,2021-05-14T12:39:14,-73.5847796058747,45.584362433061166
21-113251,Plainte,Verdun,Verdun,2021-05-14T12:28:00,-73.56712906090338,45.46145455059703
21-113349,Plainte,Le Plateau-Mont-Royal,Le Plateau-Mont-Royal,2021-05-14T13:17:56,-73.582409734,45.5136651
21-113297,Plainte,Ville-Marie,Ville-Marie,2021-05-14T12:53:09,-73.588057701,45.516104729
21-113477,Plainte,Le Plateau-Mont-Royal,Le Plateau-Mont-Royal,2021-05-14T14:20:41,-73.56865455107645,45.535666073626565
21-113417,Plainte,Le Plateau-Mont-Royal,Le Plateau-Mont-Royal,2021-05-14T13:47:36,-73.5680783233077,45.51719681236855
21-113455,Plainte,Saint-Léonard,Saint-Léonard,2021-05-14T14:09:03,-73.59270763494561,45.58020882176481
21-113471,Plainte,Rivière-des-Prairies - Pointe-aux-Trembles,Rivière-des-Prairies-Pointe-aux-Trembles,2021-05-14T14:18:48,-73.58107576492951,45.65042999743343
21-113507,Plainte,Rosemont - La Petite-Patrie,Rosemont-La Petite-Patrie,2021-05-14T14:33:17,-73.56209817782425,45.56780557504276
21-113643,Plainte,Villeray-Saint-Michel - Parc-Extension,Villeray-Saint-Michel-Parc-Extension,2021-05-14T15:46:04,-73.61364118970401,45.56698893463097
21-1139,Plainte,Le Plateau-Mont-Royal,Le Plateau-Mont-Royal,2021-01-04T10:35:38,-73.59206161597251,45.52148658237545
21-113659,Plainte,Ville-Marie,Ville-Marie,2021-05-14T15:55:39,-73.55005392135854,45.52384310526202
21-113753,Plainte,Ville-Marie,Ville-Marie,2021-05-14T17:11:10,-73.56076496716022,45.49928704231794
21-113995,Plainte,Montréal-Nord,Montréal-Nord,2021-05-15T12:36:33,-73.637685618,45.61017104
21-113927,Plainte,Mercier - Hochelaga-Maisonneuve,Mercier-Hochelaga-Maisonneuve,2021-05-15T10:47:42,-73.51618685971745,45.60613832634954
21-11421,Plainte,Anjou,Anjou,2021-01-17T14:59:39,-73.54895367825584,45.607666055345966
21-114014,Plainte,Rosemont - La Petite-Patrie,Rosemont-La Petite-Patrie,2021-05-15T12:53:10,-73.56412509677465,45.5577002300354
21-114069,Plainte,LaSalle,LaSalle,2021-05-15T14:03:32,-73.6133174303742,45.429448079546056
21-114142,Plainte,Le Plateau-Mont-Royal,Le Plateau-Mont-Royal,2021-05-15T15:53:24,-73.57791554791037,45.51855459126742
21-114179,Plainte,Le Plateau-Mont-Royal,Le Plateau-Mont-Royal,2021-05-15T16:41:30,-73.57791554791037,45.51855459126742
21-114292,Plainte,Ahuntsic - Cartierville,Ahuntsic-Cartierville,2021-05-16T09:35:30,-73.65957621297106,45.57016627784952
21-114274,Plainte,Villeray-Saint-Michel - Parc-Extension,Villeray-Saint-Michel-Parc-Extension,2021-05-16T09:07:57,-73.62240386355575,45.54232946756652
21-115008,Plainte,L'Île-Bizard - Sainte-Geneviève,L'Île-Bizard-Sainte-Geneviève,2021-05-17T10:18:16,-73.86844401612979,45.496615441211965
21-114502,Plainte,Anjou,Anjou,2021-05-16T14:50:17,-73.55827905445805,45.603315087018565
21-114810,Plainte,Anjou,Anjou,2021-05-17T09:20:37,-73.55626162427994,45.60194084134586
21-114692,Plainte,Rivière-des-Prairies - Pointe-aux-Trembles,Rivière-des-Prairies-Pointe-aux-Trembles,2021-05-17T08:43:33,-73.58812277863659,45.63029449983179
21-114710,Plainte,Côte-des-Neiges - Notre-Dame-de-Grâce,Côte-des-Neiges-Notre-Dame-de-Grâce,2021-05-17T08:48:46,-73.62421122981874,45.502243274968166
21-114780,Plainte,Rosemont - La Petite-Patrie,Rosemont-La Petite-Patrie,2021-05-17T09:13:06,-73.57054729,45.544812246
21-11480,Plainte,Ahuntsic - Cartierville,Ahuntsic-Cartierville,2021-01-17T15:47:45,-73.66504029,45.563635802
21-114874,Plainte,Le Plateau-Mont-Royal,Le Plateau-Mont-Royal,2021-05-17T09:37:02,-73.584240736,45.532960974
21-115066,Plainte,Rivière-des-Prairies - Pointe-aux-Trembles,Rivière-des-Prairies-Pointe-aux-Trembles,2021-05-17T10:34:14,-73.51507906867545,45.66007337674778
21-115062,Plainte,Ahuntsic - Cartierville,Ahuntsic-Cartierville,2021-05-17T10:33:15,-73.66944306877467,45.546943088363
21-115081,Plainte,Rivière-des-Prairies - Pointe-aux-Trembles,Rivière-des-Prairies-Pointe-aux-Trembles,2021-05-17T10:38:12,-73.553620388,45.666673676
21-115076,Plainte,Le Plateau-Mont-Royal,Le Plateau-Mont-Royal,2021-05-17T10:36:27,-73.57659127411348,45.518918213559566
21-115089,Plainte,Ahuntsic - Cartierville,Ahuntsic-Cartierville,2021-05-17T10:39:17,-73.64966944912344,45.54983929111421
21-115101,Plainte,Ville-Marie,Ville-Marie,2021-05-17T10:42:17,-73.55715750539966,45.53366853704011
21-115150,Plainte,Le Plateau-Mont-Royal,Le Plateau-Mont-Royal,2021-05-17T10:55:49,-73.57922051882012,45.532584397896
21-115111,Plainte,Ahuntsic - Cartierville,Ahuntsic-Cartierville,2021-05-17T10:44:29,-73.70245612130323,45.539023630996375
21-115216,Plainte,Pierrefonds - Roxboro,Pierrefonds-Roxboro,2021-05-17T11:12:45,-73.79796162499281,45.506953108274544
21-115156,Plainte,Le Plateau-Mont-Royal,Le Plateau-Mont-Royal,2021-05-17T10:56:46,-73.59079570565522,45.525330312167895
21-115202,Plainte,Le Plateau-Mont-Royal,Le Plateau-Mont-Royal,2021-05-17T11:08:50,-73.57186310695106,45.52002202593085
21-115165,Plainte,Le Plateau-Mont-Royal,Le Plateau-Mont-Royal,2021-05-17T10:59:26,-73.59079570565522,45.525330312167895
21-115287,Plainte,Le Plateau-Mont-Royal,Le Plateau-Mont-Royal,2021-05-17T11:29:50,-73.580693287,45.532789308
21-115226,Plainte,Le Plateau-Mont-Royal,Le Plateau-Mont-Royal,2021-05-17T11:14:38,-73.59079570565522,45.525330312167895
21-115229,Plainte,Le Plateau-Mont-Royal,Le Plateau-Mont-Royal,2021-05-17T11:16:05,-73.575009133755,45.52345466090081
21-115472,Plainte,Côte-des-Neiges - Notre-Dame-de-Grâce,Côte-des-Neiges-Notre-Dame-de-Grâce,2021-05-17T12:20:57,-73.62521563495324,45.49868240157882
21-115303,Plainte,Ahuntsic - Cartierville,Ahuntsic-Cartierville,2021-05-17T11:32:42,-73.71581663115444,45.52630198246179
21-115350,Plainte,Rosemont - La Petite-Patrie,Rosemont-La Petite-Patrie,2021-05-17T11:41:16,-73.5814967208909,45.54445174204635
21-115478,Plainte,Côte-des-Neiges - Notre-Dame-de-Grâce,Côte-des-Neiges-Notre-Dame-de-Grâce,2021-05-17T12:22:11,-73.62521563495324,45.49868240157882
21-115383,Plainte,Ahuntsic - Cartierville,Ahuntsic-Cartierville,2021-05-17T11:49:40,-73.71581663115444,45.52630198246179
21-115582,Plainte,Montréal-Nord,Montréal-Nord,2021-05-17T13:03:18,-73.63706307173894,45.5825111058181
21-115587,Plainte,Villeray-Saint-Michel - Parc-Extension,Villeray-Saint-Michel-Parc-Extension,2021-05-17T13:05:31,-73.61801828296335,45.54991888776639
21-115764,Plainte,Rosemont - La Petite-Patrie,Rosemont-La Petite-Patrie,2021-05-17T13:59:53,-73.604329268,45.534757343
21-1157,Plainte,Le Plateau-Mont-Royal,Le Plateau-Mont-Royal,2021-01-04T10:47:25,-73.56700566373999,45.53526113327785
21-115654,Plainte,Le Plateau-Mont-Royal,Le Plateau-Mont-Royal,2021-05-17T13:23:39,-73.56457638869337,45.53057511865115
21-115886,Plainte,Côte-des-Neiges - Notre-Dame-de-Grâce,Côte-des-Neiges-Notre-Dame-de-Grâce,2021-05-17T14:33:32,-73.62932909305957,45.50415451376308
21-11578,Plainte,Le Plateau-Mont-Royal,Le Plateau-Mont-Royal,2021-01-17T17:06:31,-73.59202254706439,45.52764109785506
21-115808,Plainte,Le Plateau-Mont-Royal,Le Plateau-Mont-Royal,2021-05-17T14:13:33,-73.58317108810513,45.52366348822329
21-116139,Plainte,Saint-Léonard,Saint-Léonard,2021-05-17T15:43:17,-73.59773083870645,45.58428894016698
21-115999,Plainte,Rivière-des-Prairies - Pointe-aux-Trembles,Rivière-des-Prairies-Pointe-aux-Trembles,2021-05-17T15:04:55,-73.4983685103899,45.661852076920425
21-115898,Plainte,Saint-Léonard,Saint-Léonard,2021-05-17T14:37:25,-73.577088073,45.586390146
21-115940,Plainte,Rosemont - La Petite-Patrie,Rosemont-La Petite-Patrie,2021-05-17T14:48:05,-73.57629488456755,45.56377255929111
21-115993,Plainte,Ahuntsic - Cartierville,Ahuntsic-Cartierville,2021-05-17T15:02:58,-73.721142411,45.531800731
21-116065,Plainte,Ville-Marie,Ville-Marie,2021-05-17T15:23:12,-73.5674694870392,45.49023500255121
21-116657,Plainte,Villeray-Saint-Michel - Parc-Extension,Villeray-Saint-Michel-Parc-Extension,2021-05-18T09:14:34,-73.5944559310978,45.56316028433518
21-116368,Plainte,Rosemont - La Petite-Patrie,Rosemont-La Petite-Patrie,2021-05-17T17:31:59,-73.581921495,45.544243329
21-116288,Plainte,Ahuntsic - Cartierville,Ahuntsic-Cartierville,2021-05-17T16:31:05,-73.66642505529276,45.53753251106108
21-116383,Plainte,Pierrefonds - Roxboro,Pierrefonds-Roxboro,2021-05-17T17:46:57,-73.81025550707535,45.498986084851616
21-116470,Plainte,Verdun,Verdun,2021-05-17T20:32:41,-73.58250304935194,45.45221585584319
21-116613,Plainte,Ahuntsic - Cartierville,Ahuntsic-Cartierville,2021-05-18T08:56:12,-73.66219386221388,45.54508114885972
21-116764,Plainte,Verdun,Verdun,2021-05-18T09:43:19,-73.55082589835853,45.46393884989343
21-116742,Plainte,Ahuntsic - Cartierville,Ahuntsic-Cartierville,2021-05-18T09:38:07,-73.64868490540418,45.54845043817347
21-117166,Plainte,Ahuntsic - Cartierville,Ahuntsic-Cartierville,2021-05-18T11:41:01,-73.71872955539553,45.53549503695045
21-116993,Plainte,Ahuntsic - Cartierville,Ahuntsic-Cartierville,2021-05-18T10:44:57,-73.7139499880277,45.52675826168105
21-117015,Plainte,Le Plateau-Mont-Royal,Le Plateau-Mont-Royal,2021-05-18T10:52:21,-73.59824238426728,45.52802586920264
21-117079,Plainte,Villeray-Saint-Michel - Parc-Extension,Villeray-Saint-Michel-Parc-Extension,2021-05-18T11:10:01,-73.637037615231,45.54158754135163
21-117127,Plainte,Rosemont - La Petite-Patrie,Rosemont-La Petite-Patrie,2021-05-18T11:26:34,-73.61156547098271,45.53996713862055
21-117131,Plainte,Le Plateau-Mont-Royal,Le Plateau-Mont-Royal,2021-05-18T11:28:32,-73.569440604173,45.538319199074586
21-116881,Plainte,Mercier - Hochelaga-Maisonneuve,Mercier-Hochelaga-Maisonneuve,2021-05-18T10:13:40,-73.53710359683936,45.5810955058536
21-116929,Plainte,Montréal-Nord,Montréal-Nord,2021-05-18T10:25:59,-73.60899456839364,45.61286333751124
21-116930,Plainte,Villeray-Saint-Michel - Parc-Extension,Villeray-Saint-Michel-Parc-Extension,2021-05-18T10:26:05,-73.613142443,45.540681709
21-116972,Plainte,Rosemont - La Petite-Patrie,Rosemont-La Petite-Patrie,2021-05-18T10:39:10,-73.59345836612184,45.54135382120418
21-117158,Plainte,Ahuntsic - Cartierville,Ahuntsic-Cartierville,2021-05-18T11:38:26,-73.72024111561271,45.5328745117861
21-117250,Plainte,Le Plateau-Mont-Royal,Le Plateau-Mont-Royal,2021-05-18T12:12:39,-73.564224626,45.527021836
21-117231,Plainte,Anjou,Anjou,2021-05-18T12:03:51,-73.54871687216495,45.59173234564423
21-117549,Plainte,Rosemont - La Petite-Patrie,Rosemont-La Petite-Patrie,2021-05-18T14:00:55,-73.59214163287427,45.55385590784087
21-117379,Plainte,Rivière-des-Prairies - Pointe-aux-Trembles,Rivière-des-Prairies-Pointe-aux-Trembles,2021-05-18T13:11:23,-73.58107576492951,45.65042999743343
21-117465,Plainte,Verdun,Verdun,2021-05-18T13:36:40,-73.59237338299558,45.43674707096567
21-117495,Plainte,Villeray-Saint-Michel - Parc-Extension,Villeray-Saint-Michel-Parc-Extension,2021-05-18T13:45:07,-73.61516864778275,45.5399387135296
21-117476,Plainte,Villeray-Saint-Michel - Parc-Extension,Villeray-Saint-Michel-Parc-Extension,2021-05-18T13:40:17,-73.61516864778275,45.5399387135296
21-117507,Plainte,LaSalle,LaSalle,2021-05-18T13:49:44,-73.60417330916943,45.42201640997735
21-117743,Plainte,Lachine,Lachine,2021-05-18T15:17:19,-73.65002682893292,45.44929632589318
21-11775,Plainte,Le Plateau-Mont-Royal,Le Plateau-Mont-Royal,2021-01-18T08:36:17,-73.57603742749777,45.53205141862207
21-117750,Plainte,Côte-des-Neiges - Notre-Dame-de-Grâce,Côte-des-Neiges-Notre-Dame-de-Grâce,2021-05-18T15:20:09,-73.62997328746869,45.492354954845545
21-117843,Plainte,Outremont,Outremont,2021-05-18T15:49:45,-73.59906780310891,45.517314297112186
21-117746,Plainte,Lachine,Lachine,2021-05-18T15:19:10,-73.65002682893292,45.44929632589318
21-11782,Plainte,Saint-Léonard,Saint-Léonard,2021-01-18T08:38:40,-73.60584644013962,45.58627671636911
21-117760,Plainte,Verdun,Verdun,2021-05-18T15:22:57,-73.58886679824191,45.44726318507067
21-117764,Plainte,Ville-Marie,Ville-Marie,2021-05-18T15:24:48,-73.554830363,45.519935679
21-117822,Plainte,Rosemont - La Petite-Patrie,Rosemont-La Petite-Patrie,2021-05-18T15:43:07,-73.60896425280811,45.53042589868535
21-117847,Plainte,Outremont,Outremont,2021-05-18T15:51:40,-73.59906780310891,45.517314297112186
21-118201,Plainte,Le Plateau-Mont-Royal,Le Plateau-Mont-Royal,2021-05-19T00:47:32,-73.58046541586626,45.53410640689912
21-117886,Plainte,Ville-Marie,Ville-Marie,2021-05-18T16:11:13,-73.54862105092322,45.52666060332298
21-118061,Plainte,Verdun,Verdun,2021-05-18T18:19:57,-73.567108662,45.461906358
21-118012,Plainte,Montréal-Nord,Montréal-Nord,2021-05-18T17:22:39,-73.62520061946091,45.62432517533646
21-117858,Plainte,Ahuntsic - Cartierville,Ahuntsic-Cartierville,2021-05-18T15:55:19,-73.67533427068913,45.55166813771045
21-11802,Plainte,Villeray-Saint-Michel - Parc-Extension,Villeray-Saint-Michel-Parc-Extension,2021-01-18T08:44:09,-73.59459183845696,45.5576156896548
21-118202,Plainte,Le Plateau-Mont-Royal,Le Plateau-Mont-Royal,2021-05-19T00:47:59,-73.58046541586626,45.53410640689912
21-118204,Plainte,Le Plateau-Mont-Royal,Le Plateau-Mont-Royal,2021-05-19T00:56:16,-73.58046541586626,45.53410640689912
21-118205,Plainte,Le Plateau-Mont-Royal,Le Plateau-Mont-Royal,2021-05-19T01:07:13,-73.58046541586626,45.53410640689912
21-11835,Plainte,Ahuntsic - Cartierville,Ahuntsic-Cartierville,2021-01-18T08:53:03,-73.65761786,45.551302786
21-118398,Plainte,L'Île-Bizard - Sainte-Geneviève,L'Île-Bizard-Sainte-Geneviève,2021-05-19T09:06:11,-73.871140906,45.490262223
21-11840,Plainte,Ville-Marie,Ville-Marie,2021-01-18T08:54:04,-73.59678306266927,45.49576430459253
21-118637,Plainte,L'Île-Bizard - Sainte-Geneviève,L'Île-Bizard-Sainte-Geneviève,2021-05-19T10:09:49,-73.90544360427195,45.50436964189381
21-118476,Plainte,Outremont,Outremont,2021-05-19T09:28:35,-73.61710219426558,45.51801447320909
21-118640,Plainte,Saint-Léonard,Saint-Léonard,2021-05-19T10:10:04,-73.59238776842439,45.58974680348289
21-118483,Plainte,Rosemont - La Petite-Patrie,Rosemont-La Petite-Patrie,2021-05-19T09:30:21,-73.57260536332953,45.55506504993576
21-118530,Plainte,Le Plateau-Mont-Royal,Le Plateau-Mont-Royal,2021-05-19T09:42:39,-73.572319693,45.524621868
21-118601,Plainte,L'Île-Bizard - Sainte-Geneviève,L'Île-Bizard-Sainte-Geneviève,2021-05-19T10:00:48,-73.87475039980288,45.49850396649936
21-118775,Plainte,L'Île-Bizard - Sainte-Geneviève,L'Île-Bizard-Sainte-Geneviève,2021-05-19T10:43:44,-73.86833193132529,45.49776660481967
21-118680,Plainte,Verdun,Verdun,2021-05-19T10:21:14,-73.58677738761077,45.446504918330014
21-120942,Plainte,Outremont,Outremont,2021-05-20T12:10:46,-73.60924156494323,45.52095347875864
21-118828,Plainte,Rosemont - La Petite-Patrie,Rosemont-La Petite-Patrie,2021-05-19T10:56:42,-73.61156547098271,45.53996713862055
21-11904,Plainte,Saint-Léonard,Saint-Léonard,2021-01-18T09:14:49,-73.6080379033344,45.58291157236483
21-119083,Plainte,L'Île-Bizard - Sainte-Geneviève,L'Île-Bizard-Sainte-Geneviève,2021-05-19T12:12:38,-73.8725880679707,45.489999112143686
21-119358,Plainte,Le Plateau-Mont-Royal,Le Plateau-Mont-Royal,2021-05-19T13:44:27,-73.580776669,45.533777794
21-119361,Plainte,Le Plateau-Mont-Royal,Le Plateau-Mont-Royal,2021-05-19T13:45:39,-73.57374256243453,45.53098509798624
21-119418,Plainte,Rosemont - La Petite-Patrie,Rosemont-La Petite-Patrie,2021-05-19T14:06:28,-73.604329268,45.534757343
21-119538,Plainte,Le Sud-Ouest,Le Sud-Ouest,2021-05-19T14:46:17,-73.57889803172745,45.48678065629318
21-119609,Plainte,Villeray-Saint-Michel - Parc-Extension,Villeray-Saint-Michel-Parc-Extension,2021-05-19T15:12:39,-73.62044889341672,45.539649857802026
21-119754,Plainte,Côte-des-Neiges - Notre-Dame-de-Grâce,Côte-des-Neiges-Notre-Dame-de-Grâce,2021-05-19T16:08:15,-73.62844884077539,45.46605709934451
21-119860,Plainte,LaSalle,LaSalle,2021-05-19T17:09:27,-73.614718386,45.443938745
21-119899,Plainte,Rosemont - La Petite-Patrie,Rosemont-La Petite-Patrie,2021-05-19T17:42:50,-73.57287243612859,45.56342646154348
21-1201,Plainte,Le Plateau-Mont-Royal,Le Plateau-Mont-Royal,2021-01-04T11:18:31,-73.58008923944213,45.53873725046815
21-120183,Plainte,Villeray-Saint-Michel - Parc-Extension,Villeray-Saint-Michel-Parc-Extension,2021-05-20T08:52:59,-73.624781285,45.537747483
21-120227,Plainte,Montréal-Nord,Montréal-Nord,2021-05-20T09:02:24,-73.64409214123425,45.5810248149981
21-120256,Plainte,Le Plateau-Mont-Royal,Le Plateau-Mont-Royal,2021-05-20T09:10:30,-73.569440604173,45.538319199074586
21-120273,Plainte,Saint-Laurent,Saint-Laurent,2021-05-20T09:15:35,-73.6905267894281,45.50194498481406
21-120526,Plainte,L'Île-Bizard - Sainte-Geneviève,L'Île-Bizard-Sainte-Geneviève,2021-05-20T10:11:48,-73.86761123936965,45.50364826868723
21-120653,Plainte,Côte-des-Neiges - Notre-Dame-de-Grâce,Côte-des-Neiges-Notre-Dame-de-Grâce,2021-05-20T10:43:29,-73.63876734693473,45.45979093659821
21-118834,Plainte,Montréal-Nord,Montréal-Nord,2021-05-19T10:57:52,-73.62617405465906,45.60075238760412
21-118867,Plainte,Rosemont - La Petite-Patrie,Rosemont-La Petite-Patrie,2021-05-19T11:08:36,-73.563347213,45.576122076
21-119029,Plainte,Le Plateau-Mont-Royal,Le Plateau-Mont-Royal,2021-05-19T11:52:28,-73.57397329037033,45.52423739162014
21-118993,Plainte,Pierrefonds - Roxboro,Pierrefonds-Roxboro,2021-05-19T11:42:49,-73.85161130943924,45.48490364464508
21-119186,Plainte,Saint-Léonard,Saint-Léonard,2021-05-19T12:49:58,-73.5992355358002,45.580821356167824
21-119233,Plainte,Ville-Marie,Ville-Marie,2021-05-19T13:07:57,-73.562611095,45.514713187
21-119460,Plainte,Ville-Marie,Ville-Marie,2021-05-19T14:17:41,-73.56076496716022,45.49928704231794
21-119463,Plainte,Ahuntsic - Cartierville,Ahuntsic-Cartierville,2021-05-19T14:19:20,-73.647312829,45.54771906
21-11958,Plainte,Villeray-Saint-Michel - Parc-Extension,Villeray-Saint-Michel-Parc-Extension,2021-01-18T09:29:48,-73.61034020595586,45.55337262248813
21-119888,Plainte,Mercier - Hochelaga-Maisonneuve,Mercier-Hochelaga-Maisonneuve,2021-05-19T17:36:00,-73.54645120790205,45.56189860312233
21-120001,Plainte,Villeray-Saint-Michel - Parc-Extension,Villeray-Saint-Michel-Parc-Extension,2021-05-19T19:41:31,-73.5911701654077,45.56241011453592
21-120006,Plainte,Verdun,Verdun,2021-05-19T19:54:16,-73.56520588385919,45.4600396436062
21-120017,Plainte,L'Île-Bizard - Sainte-Geneviève,L'Île-Bizard-Sainte-Geneviève,2021-05-19T20:12:34,-73.86472855850572,45.50260782386472
21-120380,Plainte,L'Île-Bizard - Sainte-Geneviève,L'Île-Bizard-Sainte-Geneviève,2021-05-20T09:38:06,-73.87098840096299,45.499133216327785
21-120401,Plainte,Le Sud-Ouest,Le Sud-Ouest,2021-05-20T09:43:40,-73.59448043805568,45.47321410174577
21-120412,Plainte,Le Sud-Ouest,Le Sud-Ouest,2021-05-20T09:45:32,-73.5955921981304,45.473250670873135
21-120552,Plainte,Côte-des-Neiges - Notre-Dame-de-Grâce,Côte-des-Neiges-Notre-Dame-de-Grâce,2021-05-20T10:17:48,-73.64678739451361,45.45984539930033
21-120599,Plainte,Le Plateau-Mont-Royal,Le Plateau-Mont-Royal,2021-05-20T10:28:35,-73.571438721,45.528493819
21-120690,Plainte,Le Sud-Ouest,Le Sud-Ouest,2021-05-20T10:53:07,-73.58351260686807,45.4822605249263
21-120738,Plainte,Le Plateau-Mont-Royal,Le Plateau-Mont-Royal,2021-05-20T11:07:43,-73.57157902062531,45.51441079051603
21-12080,Plainte,Ville-Marie,Ville-Marie,2021-01-18T10:10:31,-73.57883235613231,45.51057758158121
21-120839,Plainte,Le Plateau-Mont-Royal,Le Plateau-Mont-Royal,2021-05-20T11:38:00,-73.59079570565522,45.525330312167895
21-120920,Plainte,Rivière-des-Prairies - Pointe-aux-Trembles,Rivière-des-Prairies-Pointe-aux-Trembles,2021-05-20T12:03:51,-73.5001563057614,45.63833534997412
21-121069,Plainte,Rivière-des-Prairies - Pointe-aux-Trembles,Rivière-des-Prairies-Pointe-aux-Trembles,2021-05-20T13:02:14,-73.49638259635593,45.652385162808514
21-121038,Plainte,Saint-Léonard,Saint-Léonard,2021-05-20T12:50:39,-73.608721091,45.589927071
21-121047,Plainte,Côte-des-Neiges - Notre-Dame-de-Grâce,Côte-des-Neiges-Notre-Dame-de-Grâce,2021-05-20T12:55:15,-73.63890440578132,45.467028384090746
21-120819,Plainte,Saint-Laurent,Saint-Laurent,2021-05-20T11:31:18,-73.71272368079423,45.49386301698134
21-121071,Plainte,Côte-des-Neiges - Notre-Dame-de-Grâce,Côte-des-Neiges-Notre-Dame-de-Grâce,2021-05-20T13:02:26,-73.63076637384768,45.48651009188836
21-121339,Plainte,Villeray-Saint-Michel - Parc-Extension,Villeray-Saint-Michel-Parc-Extension,2021-05-20T14:39:44,-73.6263526648466,45.53820333297013
21-121253,Plainte,Côte-des-Neiges - Notre-Dame-de-Grâce,Côte-des-Neiges-Notre-Dame-de-Grâce,2021-05-20T14:09:24,-73.64417978520112,45.48731549093906
21-121299,Plainte,Mercier - Hochelaga-Maisonneuve,Mercier-Hochelaga-Maisonneuve,2021-05-20T14:26:17,-73.55754703769878,45.57973287282816
21-121096,Plainte,L'Île-Bizard - Sainte-Geneviève,L'Île-Bizard-Sainte-Geneviève,2021-05-20T13:11:31,-73.86585372588812,45.49591926857172
21-1211,Plainte,Rivière-des-Prairies - Pointe-aux-Trembles,Rivière-des-Prairies-Pointe-aux-Trembles,2021-01-04T11:22:13,-73.50298944239269,45.63879228781651
21-121100,Plainte,Montréal-Nord,Montréal-Nord,2021-05-20T13:14:10,-73.62376856658376,45.61597763778522
21-121245,Plainte,Le Plateau-Mont-Royal,Le Plateau-Mont-Royal,2021-05-20T14:05:43,-73.57603742749777,45.53205141862207
21-121275,Plainte,Ville-Marie,Ville-Marie,2021-05-20T14:17:24,-73.555413733,45.521519134
21-121320,Plainte,Anjou,Anjou,2021-05-20T14:32:40,-73.55147283542273,45.61609043261764
21-12151,Plainte,Le Plateau-Mont-Royal,Le Plateau-Mont-Royal,2021-01-18T10:32:37,-73.60579119825088,45.5272762930736
21-121439,Plainte,Ahuntsic - Cartierville,Ahuntsic-Cartierville,2021-05-20T15:12:05,-73.71719894182998,45.53504231273576
21-121501,Plainte,Rosemont - La Petite-Patrie,Rosemont-La Petite-Patrie,2021-05-20T15:32:48,-73.58899537338468,45.54489550825423
21-121513,Plainte,Le Plateau-Mont-Royal,Le Plateau-Mont-Royal,2021-05-20T15:36:42,-73.574755019,45.52919727
21-121514,Plainte,Saint-Léonard,Saint-Léonard,2021-05-20T15:37:15,-73.57192141183599,45.58187539600584
21-121565,Plainte,Le Sud-Ouest,Le Sud-Ouest,2021-05-20T15:55:50,-73.55796001175064,45.494281428875
21-121570,Plainte,Verdun,Verdun,2021-05-20T15:58:55,-73.58069372297159,45.44653487620761
21-121592,Plainte,Rosemont - La Petite-Patrie,Rosemont-La Petite-Patrie,2021-05-20T16:06:32,-73.586278518,45.555064388
21-121584,Plainte,Rivière-des-Prairies - Pointe-aux-Trembles,Rivière-des-Prairies-Pointe-aux-Trembles,2021-05-20T16:04:12,-73.561250132,45.656959923
21-121718,Plainte,L'Île-Bizard - Sainte-Geneviève,L'Île-Bizard-Sainte-Geneviève,2021-05-20T17:24:37,-73.86965810426199,45.50314002862928
21-121635,Plainte,Mercier - Hochelaga-Maisonneuve,Mercier-Hochelaga-Maisonneuve,2021-05-20T16:26:00,-73.56571323421268,45.58839304700471
21-121642,Plainte,Villeray-Saint-Michel - Parc-Extension,Villeray-Saint-Michel-Parc-Extension,2021-05-20T16:29:22,-73.60850568366946,45.55898981070364
21-121959,Plainte,LaSalle,LaSalle,2021-05-21T08:39:02,-73.62478104404995,45.43370015605525
21-121830,Plainte,Ahuntsic - Cartierville,Ahuntsic-Cartierville,2021-05-20T19:26:53,-73.6472462670307,45.5781741207665
21-1219,Plainte,Le Plateau-Mont-Royal,Le Plateau-Mont-Royal,2021-01-04T11:26:19,-73.58354786406453,45.53370069102332
21-121983,Plainte,L'Île-Bizard - Sainte-Geneviève,L'Île-Bizard-Sainte-Geneviève,2021-05-21T08:49:20,-73.86585372588812,45.49591926857172
21-121976,Plainte,Rosemont - La Petite-Patrie,Rosemont-La Petite-Patrie,2021-05-21T08:46:40,-73.596451229,45.538489216
21-12212,Plainte,Mercier - Hochelaga-Maisonneuve,Mercier-Hochelaga-Maisonneuve,2021-01-18T10:51:38,-73.54084708271496,45.57907053921719
21-122023,Plainte,Rosemont - La Petite-Patrie,Rosemont-La Petite-Patrie,2021-05-21T09:00:18,-73.55259990228689,45.56829137866037
21-122046,Plainte,LaSalle,LaSalle,2021-05-21T09:07:38,-73.60727846347193,45.42659469532103
21-122068,Plainte,Pierrefonds - Roxboro,Pierrefonds-Roxboro,2021-05-21T09:15:15,-73.7857784457202,45.50159083218647
21-122113,Plainte,LaSalle,LaSalle,2021-05-21T09:29:41,-73.6209761680585,45.442299231380034
21-122137,Plainte,L'Île-Bizard - Sainte-Geneviève,L'Île-Bizard-Sainte-Geneviève,2021-05-21T09:37:51,-73.89365972236203,45.47685551958311
21-122163,Plainte,Mercier - Hochelaga-Maisonneuve,Mercier-Hochelaga-Maisonneuve,2021-05-21T09:46:26,-73.50980568021886,45.58645223300266
21-122157,Plainte,Mercier - Hochelaga-Maisonneuve,Mercier-Hochelaga-Maisonneuve,2021-05-21T09:44:52,-73.50980568021886,45.58645223300266
21-122205,Plainte,Mercier - Hochelaga-Maisonneuve,Mercier-Hochelaga-Maisonneuve,2021-05-21T10:02:26,-73.52583712339325,45.59432632227892
21-122207,Plainte,Mercier - Hochelaga-Maisonneuve,Mercier-Hochelaga-Maisonneuve,2021-05-21T10:03:37,-73.52583712339325,45.59432632227892
21-122479,Plainte,Ahuntsic - Cartierville,Ahuntsic-Cartierville,2021-05-21T11:27:31,-73.6888819111506,45.53970393677281
21-12227,Plainte,Ahuntsic - Cartierville,Ahuntsic-Cartierville,2021-01-18T10:56:55,-73.64549459235255,45.57790763557862
21-122274,Plainte,Ahuntsic - Cartierville,Ahuntsic-Cartierville,2021-05-21T10:23:39,-73.70018741028508,45.54320807260005
21-122222,Plainte,Villeray-Saint-Michel - Parc-Extension,Villeray-Saint-Michel-Parc-Extension,2021-05-21T10:08:28,-73.610755928,45.575026317
21-122409,Plainte,Villeray-Saint-Michel - Parc-Extension,Villeray-Saint-Michel-Parc-Extension,2021-05-21T11:00:23,-73.60181647687338,45.563440582733946
21-122483,Plainte,Ahuntsic - Cartierville,Ahuntsic-Cartierville,2021-05-21T11:29:46,-73.64896650843271,45.57613362615206
21-122509,Plainte,Mercier - Hochelaga-Maisonneuve,Mercier-Hochelaga-Maisonneuve,2021-05-21T11:42:59,-73.54151285473911,45.585683232018006
21-122697,Plainte,Pierrefonds - Roxboro,Pierrefonds-Roxboro,2021-05-21T13:21:00,-73.81552659873404,45.51259303693781
21-12262,Plainte,Montréal-Nord,Montréal-Nord,2021-01-18T11:06:39,-73.61046666561725,45.61537618825312
21-122604,Plainte,Mercier - Hochelaga-Maisonneuve,Mercier-Hochelaga-Maisonneuve,2021-05-21T12:34:48,-73.54717551970232,45.54135732535743
21-122608,Plainte,Mercier - Hochelaga-Maisonneuve,Mercier-Hochelaga-Maisonneuve,2021-05-21T12:37:01,-73.54717551970232,45.54135732535743
21-122719,Plainte,Côte-des-Neiges - Notre-Dame-de-Grâce,Côte-des-Neiges-Notre-Dame-de-Grâce,2021-05-21T13:36:16,-73.62400655145714,45.50711155277353
21-12388,Plainte,Lachine,Lachine,2021-01-18T12:00:14,-73.68581199972839,45.43448879661317
21-1228,Plainte,Montréal-Nord,Montréal-Nord,2021-01-04T11:29:15,-73.63736246301657,45.59375802460729
21-12285,Plainte,Le Sud-Ouest,Le Sud-Ouest,2021-01-18T11:15:45,-73.58811762403744,45.46082026189447
21-122894,Plainte,Le Plateau-Mont-Royal,Le Plateau-Mont-Royal,2021-05-21T14:45:32,-73.56615615125008,45.5251795611674
21-123142,Plainte,Le Plateau-Mont-Royal,Le Plateau-Mont-Royal,2021-05-21T16:35:49,-73.57515232396662,45.52153036611047
21-123227,Plainte,Rivière-des-Prairies - Pointe-aux-Trembles,Rivière-des-Prairies-Pointe-aux-Trembles,2021-05-21T17:55:35,-73.534136328073,45.67343200395023
21-123253,Plainte,Pierrefonds - Roxboro,Pierrefonds-Roxboro,2021-05-21T18:29:54,-73.86094172407293,45.4738713651178
21-123510,Plainte,Mercier - Hochelaga-Maisonneuve,Mercier-Hochelaga-Maisonneuve,2021-05-22T11:29:23,-73.55544756001325,45.58355023870328
21-122966,Plainte,Côte-des-Neiges - Notre-Dame-de-Grâce,Côte-des-Neiges-Notre-Dame-de-Grâce,2021-05-21T15:16:23,-73.64014930767433,45.489517564729375
21-12297,Plainte,Ahuntsic - Cartierville,Ahuntsic-Cartierville,2021-01-18T11:21:08,-73.66835648852991,45.53969992420864
21-123406,Plainte,Ahuntsic - Cartierville,Ahuntsic-Cartierville,2021-05-22T09:49:36,-73.66941434201641,45.560675633099386
21-123947,Plainte,Villeray-Saint-Michel - Parc-Extension,Villeray-Saint-Michel-Parc-Extension,2021-05-23T12:36:51,-73.61505111827192,45.54979007381748
21-123999,Plainte,Villeray-Saint-Michel - Parc-Extension,Villeray-Saint-Michel-Parc-Extension,2021-05-23T14:01:24,-73.61392201087597,45.54440018568533
21-124023,Plainte,Saint-Laurent,Saint-Laurent,2021-05-23T15:06:49,-73.68392689645971,45.52259156068564
21-124104,Plainte,Villeray-Saint-Michel - Parc-Extension,Villeray-Saint-Michel-Parc-Extension,2021-05-23T17:36:39,-73.62129992585389,45.535933557929454
21-124208,Plainte,Côte-des-Neiges - Notre-Dame-de-Grâce,Côte-des-Neiges-Notre-Dame-de-Grâce,2021-05-24T09:06:32,-73.63090143820527,45.484212202818775
21-124230,Plainte,Rosemont - La Petite-Patrie,Rosemont-La Petite-Patrie,2021-05-24T09:25:20,-73.58652667126995,45.56587773816264
21-124282,Plainte,Mercier - Hochelaga-Maisonneuve,Mercier-Hochelaga-Maisonneuve,2021-05-24T10:10:07,-73.537438022,45.613240337
21-12429,Plainte,Lachine,Lachine,2021-01-18T12:24:24,-73.65219399471289,45.44951318203056
21-124358,Plainte,Villeray-Saint-Michel - Parc-Extension,Villeray-Saint-Michel-Parc-Extension,2021-05-24T11:15:59,-73.63070209365443,45.57653778509273
21-12452,Plainte,Ville-Marie,Ville-Marie,2021-01-18T12:36:47,-73.55345493765613,45.511278205252985
21-124839,Plainte,Lachine,Lachine,2021-05-25T08:59:45,-73.6947908596203,45.43469395550917
21-124847,Plainte,Villeray-Saint-Michel - Parc-Extension,Villeray-Saint-Michel-Parc-Extension,2021-05-25T09:01:46,-73.6212016726425,45.54516956430592
21-125060,Plainte,Outremont,Outremont,2021-05-25T09:58:18,-73.60751912578128,45.52144122740548
21-12508,Plainte,Lachine,Lachine,2021-01-18T12:55:47,-73.65219399471289,45.44951318203056
21-125094,Plainte,LaSalle,LaSalle,2021-05-25T10:07:29,-73.6592293216263,45.43369925692231
21-125105,Plainte,L'Île-Bizard - Sainte-Geneviève,L'Île-Bizard-Sainte-Geneviève,2021-05-25T10:10:00,-73.87821484589111,45.49063486581954
21-131577,Plainte,Lachine,Lachine,2021-05-28T15:27:56,-73.69601394936679,45.43910703383474
21-12525,Plainte,Mercier - Hochelaga-Maisonneuve,Mercier-Hochelaga-Maisonneuve,2021-01-18T13:02:54,-73.53587405462527,45.54953926615311
21-125305,Plainte,Rosemont - La Petite-Patrie,Rosemont-La Petite-Patrie,2021-05-25T11:02:27,-73.59214163287427,45.55385590784087
21-125319,Plainte,Ahuntsic - Cartierville,Ahuntsic-Cartierville,2021-05-25T11:06:43,-73.6588533113899,45.54332814166951
21-125336,Plainte,Le Plateau-Mont-Royal,Le Plateau-Mont-Royal,2021-05-25T11:10:21,-73.59808079125231,45.52682557939596
21-125416,Plainte,Côte-des-Neiges - Notre-Dame-de-Grâce,Côte-des-Neiges-Notre-Dame-de-Grâce,2021-05-25T11:30:59,-73.62874454524498,45.50570114964477
21-125461,Plainte,Ahuntsic - Cartierville,Ahuntsic-Cartierville,2021-05-25T11:42:23,-73.70245612130323,45.539023630996375
21-125573,Plainte,Villeray-Saint-Michel - Parc-Extension,Villeray-Saint-Michel-Parc-Extension,2021-05-25T12:18:40,-73.59224205325957,45.56027501323718
21-125592,Plainte,Villeray-Saint-Michel - Parc-Extension,Villeray-Saint-Michel-Parc-Extension,2021-05-25T12:26:26,-73.59224205325957,45.56027501323718
21-125668,Plainte,Montréal-Nord,Montréal-Nord,2021-05-25T12:58:10,-73.63134747536257,45.58720065234508
21-125938,Plainte,Mercier - Hochelaga-Maisonneuve,Mercier-Hochelaga-Maisonneuve,2021-05-25T14:21:08,-73.543045468,45.540506388
21-125982,Plainte,Villeray-Saint-Michel - Parc-Extension,Villeray-Saint-Michel-Parc-Extension,2021-05-25T14:38:54,-73.6169709630812,45.548708903792615
21-125986,Plainte,Pierrefonds - Roxboro,Pierrefonds-Roxboro,2021-05-25T14:40:13,-73.82998544853915,45.50474092949381
21-126062,Plainte,Rosemont - La Petite-Patrie,Rosemont-La Petite-Patrie,2021-05-25T14:58:28,-73.5943009899477,45.55696435775061
21-126165,Plainte,Verdun,Verdun,2021-05-25T15:28:27,-73.56537429070877,45.45833665749019
21-126215,Plainte,Le Plateau-Mont-Royal,Le Plateau-Mont-Royal,2021-05-25T15:44:07,-73.59079570565522,45.525330312167895
21-126250,Plainte,Rosemont - La Petite-Patrie,Rosemont-La Petite-Patrie,2021-05-25T15:54:09,-73.56636266521235,45.55713093872805
21-126280,Plainte,Mercier - Hochelaga-Maisonneuve,Mercier-Hochelaga-Maisonneuve,2021-05-25T16:04:14,-73.54045368526825,45.5505557788577
21-126328,Plainte,Villeray-Saint-Michel - Parc-Extension,Villeray-Saint-Michel-Parc-Extension,2021-05-25T16:18:15,-73.616584029,45.54271421
21-126499,Plainte,Mercier - Hochelaga-Maisonneuve,Mercier-Hochelaga-Maisonneuve,2021-05-25T18:22:13,-73.5332402643997,45.580627118655855
21-126517,Plainte,Le Plateau-Mont-Royal,Le Plateau-Mont-Royal,2021-05-25T18:43:29,-73.573586036,45.536569027
21-126521,Plainte,Ahuntsic - Cartierville,Ahuntsic-Cartierville,2021-05-25T18:52:22,-73.65691704246976,45.555776570063706
21-126551,Plainte,L'Île-Bizard - Sainte-Geneviève,L'Île-Bizard-Sainte-Geneviève,2021-05-25T19:29:24,-73.87291313762643,45.49461470212115
21-126576,Plainte,L'Île-Bizard - Sainte-Geneviève,L'Île-Bizard-Sainte-Geneviève,2021-05-25T20:08:37,-73.87475039980288,45.49850396649936
21-126578,Plainte,Villeray-Saint-Michel - Parc-Extension,Villeray-Saint-Michel-Parc-Extension,2021-05-25T20:14:15,-73.630289733,45.540706909
21-126868,Plainte,Le Plateau-Mont-Royal,Le Plateau-Mont-Royal,2021-05-26T09:27:30,-73.58354786406453,45.53370069102332
21-126946,Plainte,Le Plateau-Mont-Royal,Le Plateau-Mont-Royal,2021-05-26T09:50:58,-73.58447396573976,45.52505707875402
21-126979,Plainte,Pierrefonds - Roxboro,Pierrefonds-Roxboro,2021-05-26T10:00:46,-73.77309157651824,45.50508451207455
21-126982,Plainte,Mercier - Hochelaga-Maisonneuve,Mercier-Hochelaga-Maisonneuve,2021-05-26T10:01:44,-73.54976242892442,45.58234309697427
21-127081,Plainte,Lachine,Lachine,2021-05-26T10:32:39,-73.70334697404839,45.44589841796513
21-127106,Plainte,L'Île-Bizard - Sainte-Geneviève,L'Île-Bizard-Sainte-Geneviève,2021-05-26T10:39:28,-73.87232080786498,45.49398902228989
21-12727,Plainte,Mercier - Hochelaga-Maisonneuve,Mercier-Hochelaga-Maisonneuve,2021-01-18T14:17:18,-73.5152989929639,45.6103189525924
21-12730,Plainte,Rivière-des-Prairies - Pointe-aux-Trembles,Rivière-des-Prairies-Pointe-aux-Trembles,2021-01-18T14:17:38,-73.50941035056616,45.64927921713511
21-127432,Plainte,Montréal-Nord,Montréal-Nord,2021-05-26T12:09:57,-73.6265531866196,45.622636222268135
21-127561,Plainte,Villeray-Saint-Michel - Parc-Extension,Villeray-Saint-Michel-Parc-Extension,2021-05-26T12:50:13,-73.6158711691409,45.53873799133791
21-12778,Plainte,Côte-des-Neiges - Notre-Dame-de-Grâce,Côte-des-Neiges-Notre-Dame-de-Grâce,2021-01-18T14:35:47,-73.61936545791883,45.486188765492415
21-128026,Plainte,Le Sud-Ouest,Le Sud-Ouest,2021-05-26T14:54:20,-73.58497663370835,45.48060941995201
21-128282,Plainte,Rivière-des-Prairies - Pointe-aux-Trembles,Rivière-des-Prairies-Pointe-aux-Trembles,2021-05-26T16:02:34,-73.48159713540325,45.69831977210497
21-12831,Plainte,Ahuntsic - Cartierville,Ahuntsic-Cartierville,2021-01-18T14:57:17,-73.65824355425381,45.548507371002
21-128353,Plainte,Villeray-Saint-Michel - Parc-Extension,Villeray-Saint-Michel-Parc-Extension,2021-05-26T16:21:47,-73.62763260053761,45.52505414153182
21-128615,Plainte,Mercier - Hochelaga-Maisonneuve,Mercier-Hochelaga-Maisonneuve,2021-05-26T19:16:06,-73.53941350483586,45.57724680904038
21-128759,Plainte,Rosemont - La Petite-Patrie,Rosemont-La Petite-Patrie,2021-05-27T08:05:27,-73.597692102,45.53717628
21-128912,Plainte,Le Plateau-Mont-Royal,Le Plateau-Mont-Royal,2021-05-27T09:14:00,-73.58651797710029,45.53718506600191
21-129073,Plainte,Rosemont - La Petite-Patrie,Rosemont-La Petite-Patrie,2021-05-27T10:04:33,-73.6178972121717,45.53285307384656
21-129074,Plainte,Le Plateau-Mont-Royal,Le Plateau-Mont-Royal,2021-05-27T10:04:46,-73.57933569657702,45.52051581627282
21-129140,Plainte,Anjou,Anjou,2021-05-27T10:26:25,-73.54526953085082,45.6022269685173
21-129154,Plainte,Ahuntsic - Cartierville,Ahuntsic-Cartierville,2021-05-27T10:31:05,-73.69758881830948,45.53102414612572
21-129184,Plainte,Le Plateau-Mont-Royal,Le Plateau-Mont-Royal,2021-05-27T10:37:05,-73.59969143001909,45.52495719475372
21-129201,Plainte,Le Sud-Ouest,Le Sud-Ouest,2021-05-27T10:40:07,-73.59448043805568,45.47321410174577
21-12924,Plainte,Rosemont - La Petite-Patrie,Rosemont-La Petite-Patrie,2021-01-18T15:30:23,-73.591710748,45.540219971
21-12929,Plainte,Le Plateau-Mont-Royal,Le Plateau-Mont-Royal,2021-01-18T15:32:16,-73.58077282191518,45.52082454753532
21-129521,Plainte,Le Sud-Ouest,Le Sud-Ouest,2021-05-27T12:05:42,-73.58351260686807,45.4822605249263
21-129585,Plainte,Montréal-Nord,Montréal-Nord,2021-05-27T12:29:36,-73.63736246301657,45.59375802460729
21-129790,Plainte,Côte-des-Neiges - Notre-Dame-de-Grâce,Côte-des-Neiges-Notre-Dame-de-Grâce,2021-05-27T13:47:53,-73.6212387889378,45.490734306028585
21-129806,Plainte,Outremont,Outremont,2021-05-27T13:54:08,-73.60079683801787,45.51881776832722
21-130007,Plainte,Mercier - Hochelaga-Maisonneuve,Mercier-Hochelaga-Maisonneuve,2021-05-27T14:50:04,-73.5193716081266,45.61102774700675
21-130008,Plainte,Ahuntsic - Cartierville,Ahuntsic-Cartierville,2021-05-27T14:50:11,-73.67787931277793,45.54990903492576
21-130024,Plainte,Le Sud-Ouest,Le Sud-Ouest,2021-05-27T14:55:47,-73.58497663370835,45.48060941995201
21-130056,Plainte,Mercier - Hochelaga-Maisonneuve,Mercier-Hochelaga-Maisonneuve,2021-05-27T15:08:02,-73.54266239258368,45.57216262686976
21-130169,Plainte,Pierrefonds - Roxboro,Pierrefonds-Roxboro,2021-05-27T15:45:07,-73.81101905956797,45.50629330305616
21-13031,Plainte,L'Île-Bizard - Sainte-Geneviève,L'Île-Bizard-Sainte-Geneviève,2021-01-18T16:20:07,-73.864535363044,45.4954990012131
21-130380,Plainte,Saint-Laurent,Saint-Laurent,2021-05-27T18:28:36,-73.68437279983455,45.50459534951632
21-130392,Plainte,Saint-Laurent,Saint-Laurent,2021-05-27T18:52:38,-73.69927610449011,45.510536471753774
21-130538,Plainte,Pierrefonds - Roxboro,Pierrefonds-Roxboro,2021-05-28T08:52:24,-73.86440778361445,45.46884771666663
21-130692,Plainte,Rivière-des-Prairies - Pointe-aux-Trembles,Rivière-des-Prairies-Pointe-aux-Trembles,2021-05-28T09:42:46,-73.49850901468541,45.654792355968034
21-130719,Plainte,Saint-Léonard,Saint-Léonard,2021-05-28T09:53:27,-73.60924273279997,45.58920842776156
21-130824,Plainte,Saint-Léonard,Saint-Léonard,2021-05-28T10:28:06,-73.59477689282856,45.59600897147664
21-130913,Plainte,Pierrefonds - Roxboro,Pierrefonds-Roxboro,2021-05-28T10:56:16,-73.852484593,45.482918329
21-131107,Plainte,Ahuntsic - Cartierville,Ahuntsic-Cartierville,2021-05-28T11:58:57,-73.65422847180257,45.55243996706695
21-131376,Plainte,LaSalle,LaSalle,2021-05-28T14:08:28,-73.61408485336511,45.42903685473209
21-1314,Plainte,Rosemont - La Petite-Patrie,Rosemont-La Petite-Patrie,2021-01-04T12:19:33,-73.5995118220809,45.53254675736071
21-125398,Plainte,Rivière-des-Prairies - Pointe-aux-Trembles,Rivière-des-Prairies-Pointe-aux-Trembles,2021-05-25T11:27:01,-73.57748254376187,45.63441146435077
21-125401,Plainte,Côte-des-Neiges - Notre-Dame-de-Grâce,Côte-des-Neiges-Notre-Dame-de-Grâce,2021-05-25T11:27:21,-73.63336903655632,45.46451743991436
21-125426,Plainte,Le Plateau-Mont-Royal,Le Plateau-Mont-Royal,2021-05-25T11:33:59,-73.57549376306515,45.52633753124878
21-125564,Plainte,Côte-des-Neiges - Notre-Dame-de-Grâce,Côte-des-Neiges-Notre-Dame-de-Grâce,2021-05-25T12:11:07,-73.62023204318206,45.46857740642958
21-125788,Plainte,Ville-Marie,Ville-Marie,2021-05-25T13:40:28,-73.55503290181257,45.5381518898287
21-125790,Plainte,Villeray-Saint-Michel - Parc-Extension,Villeray-Saint-Michel-Parc-Extension,2021-05-25T13:40:50,-73.6194811912099,45.54358039628357
21-125977,Plainte,Montréal-Nord,Montréal-Nord,2021-05-25T14:37:16,-73.64463205935111,45.59583105215483
21-126119,Plainte,Montréal-Nord,Montréal-Nord,2021-05-25T15:15:09,-73.63391901492484,45.591379864821214
21-126158,Plainte,L'Île-Bizard - Sainte-Geneviève,L'Île-Bizard-Sainte-Geneviève,2021-05-25T15:26:51,-73.87129714812856,45.493165018663085
21-126179,Plainte,Villeray-Saint-Michel - Parc-Extension,Villeray-Saint-Michel-Parc-Extension,2021-05-25T15:31:52,-73.62594993354321,45.54863649112375
21-126196,Plainte,Montréal-Nord,Montréal-Nord,2021-05-25T15:38:02,-73.61510631825757,45.61803894370971
21-126208,Plainte,Montréal-Nord,Montréal-Nord,2021-05-25T15:41:06,-73.61510631825757,45.61803894370971
21-126238,Plainte,L'Île-Bizard - Sainte-Geneviève,L'Île-Bizard-Sainte-Geneviève,2021-05-25T15:50:25,-73.87560603225623,45.49636005492248
21-126290,Plainte,Rosemont - La Petite-Patrie,Rosemont-La Petite-Patrie,2021-05-25T16:07:56,-73.57472435839891,45.5483626707271
21-126529,Plainte,Ahuntsic - Cartierville,Ahuntsic-Cartierville,2021-05-25T19:03:29,-73.71581663115444,45.52630198246179
21-126732,Plainte,Rivière-des-Prairies - Pointe-aux-Trembles,Rivière-des-Prairies-Pointe-aux-Trembles,2021-05-26T08:46:55,-73.4918464611311,45.67722464245857
21-126767,Plainte,L'Île-Bizard - Sainte-Geneviève,L'Île-Bizard-Sainte-Geneviève,2021-05-26T08:56:27,-73.87380494377321,45.497786822782274
21-12679,Plainte,Le Sud-Ouest,Le Sud-Ouest,2021-01-18T13:58:20,-73.58351260686807,45.4822605249263
21-126809,Plainte,Lachine,Lachine,2021-05-26T09:08:28,-73.69513723468587,45.43724986135471
21-12689,Plainte,Montréal-Nord,Montréal-Nord,2021-01-18T14:02:28,-73.62654838754571,45.61409942206423
21-126903,Plainte,L'Île-Bizard - Sainte-Geneviève,L'Île-Bizard-Sainte-Geneviève,2021-05-26T09:38:07,-73.86573414554604,45.499880298744536
21-127093,Plainte,Montréal-Nord,Montréal-Nord,2021-05-26T10:35:50,-73.64072866514189,45.581297596645214
21-12722,Plainte,Outremont,Outremont,2021-01-18T14:14:23,-73.61108958313424,45.514095792113366
21-127517,Plainte,LaSalle,LaSalle,2021-05-26T12:37:07,-73.655583863,45.423025414
21-127698,Plainte,L'Île-Bizard - Sainte-Geneviève,L'Île-Bizard-Sainte-Geneviève,2021-05-26T13:27:05,-73.86890000977759,45.51649190948592
21-127713,Plainte,Montréal-Nord,Montréal-Nord,2021-05-26T13:30:08,-73.62585804726716,45.6096685774154
21-127742,Plainte,Mercier - Hochelaga-Maisonneuve,Mercier-Hochelaga-Maisonneuve,2021-05-26T13:36:09,-73.55045089995092,45.552309308465816
21-12777,Plainte,Verdun,Verdun,2021-01-18T14:35:39,-73.53557926449237,45.46606741878147
21-127772,Plainte,Rosemont - La Petite-Patrie,Rosemont-La Petite-Patrie,2021-05-26T13:44:05,-73.577188081,45.565484635
21-12788,Plainte,Le Plateau-Mont-Royal,Le Plateau-Mont-Royal,2021-01-18T14:41:33,-73.59451705289453,45.520023210560666
21-127896,Plainte,Villeray-Saint-Michel - Parc-Extension,Villeray-Saint-Michel-Parc-Extension,2021-05-26T14:15:56,-73.62475354113015,45.52992252243281
21-127938,Plainte,Le Sud-Ouest,Le Sud-Ouest,2021-05-26T14:29:46,-73.57889803172745,45.48678065629318
21-128034,Plainte,Ville-Marie,Ville-Marie,2021-05-26T14:56:27,-73.55992483858348,45.52229662893797
21-12827,Plainte,Saint-Léonard,Saint-Léonard,2021-01-18T14:56:10,-73.57460157314217,45.58478135741528
21-12844,Plainte,Saint-Léonard,Saint-Léonard,2021-01-18T15:01:28,-73.596706129,45.598536006
21-128553,Plainte,Mercier - Hochelaga-Maisonneuve,Mercier-Hochelaga-Maisonneuve,2021-05-26T18:01:00,-73.51246845907266,45.60473868769432
21-128602,Plainte,Outremont,Outremont,2021-05-26T19:04:54,-73.60059657674013,45.52048250397191
21-128928,Plainte,Rosemont - La Petite-Patrie,Rosemont-La Petite-Patrie,2021-05-27T09:20:42,-73.59737355497299,45.53488668267025
21-128987,Plainte,L'Île-Bizard - Sainte-Geneviève,L'Île-Bizard-Sainte-Geneviève,2021-05-27T09:40:11,-73.88111817365932,45.49868657898983
21-129068,Plainte,L'Île-Bizard - Sainte-Geneviève,L'Île-Bizard-Sainte-Geneviève,2021-05-27T10:03:08,-73.87572021162838,45.47253949286291
21-129107,Plainte,Le Plateau-Mont-Royal,Le Plateau-Mont-Royal,2021-05-27T10:16:17,-73.56457638869337,45.53057511865115
21-129173,Plainte,Le Plateau-Mont-Royal,Le Plateau-Mont-Royal,2021-05-27T10:34:34,-73.56457638869337,45.53057511865115
21-12918,Plainte,Anjou,Anjou,2021-01-18T15:28:47,-73.54315872915093,45.61542377711329
21-129402,Plainte,Ahuntsic - Cartierville,Ahuntsic-Cartierville,2021-05-27T11:32:10,-73.65972734379773,45.56018683740095
21-129628,Plainte,Ahuntsic - Cartierville,Ahuntsic-Cartierville,2021-05-27T12:50:46,-73.71501425782013,45.52520544439688
21-130676,Plainte,Outremont,Outremont,2021-05-28T09:38:03,-73.59644220977357,45.51771173821059
21-130755,Plainte,Rosemont - La Petite-Patrie,Rosemont-La Petite-Patrie,2021-05-28T10:05:32,-73.60478360784128,45.54229847237887
21-130890,Plainte,Le Sud-Ouest,Le Sud-Ouest,2021-05-28T10:51:48,-73.58670363355768,45.47504736611268
21-130919,Plainte,Villeray-Saint-Michel - Parc-Extension,Villeray-Saint-Michel-Parc-Extension,2021-05-28T10:57:53,-73.624781285,45.537747483
21-130992,Plainte,Rosemont - La Petite-Patrie,Rosemont-La Petite-Patrie,2021-05-28T11:19:43,-73.58780663782503,45.546261291489614
21-131006,Plainte,Rosemont - La Petite-Patrie,Rosemont-La Petite-Patrie,2021-05-28T11:23:39,-73.61396209966216,45.534012010432825
21-131135,Plainte,Mercier - Hochelaga-Maisonneuve,Mercier-Hochelaga-Maisonneuve,2021-05-28T12:10:52,-73.536955933,45.605122424
21-131213,Plainte,Pierrefonds - Roxboro,Pierrefonds-Roxboro,2021-05-28T12:56:26,-73.90780931280393,45.457751162153365
21-131451,Plainte,Villeray-Saint-Michel - Parc-Extension,Villeray-Saint-Michel-Parc-Extension,2021-05-28T14:40:33,-73.61680274205304,45.56501309690432
21-131489,Plainte,Pierrefonds - Roxboro,Pierrefonds-Roxboro,2021-05-28T14:56:57,-73.76776959016316,45.5046589972328
21-13151,Plainte,Saint-Laurent,Saint-Laurent,2021-01-18T17:34:30,-73.74167115242945,45.50971650723879
21-131626,Plainte,LaSalle,LaSalle,2021-05-28T15:47:00,-73.62013632129438,45.43322979417495
21-13167,Plainte,Ahuntsic - Cartierville,Ahuntsic-Cartierville,2021-01-18T17:46:47,-73.680760488,45.534322874
21-131710,Plainte,Mercier - Hochelaga-Maisonneuve,Mercier-Hochelaga-Maisonneuve,2021-05-28T16:35:55,-73.55410257420482,45.586288785185566
21-131713,Plainte,Mercier - Hochelaga-Maisonneuve,Mercier-Hochelaga-Maisonneuve,2021-05-28T16:38:55,-73.55410257420482,45.586288785185566
21-13195,Plainte,Pierrefonds - Roxboro,Pierrefonds-Roxboro,2021-01-18T18:11:26,-73.79775654805756,45.50089211211118
21-13175,Plainte,Rivière-des-Prairies - Pointe-aux-Trembles,Rivière-des-Prairies-Pointe-aux-Trembles,2021-01-18T17:52:01,-73.573991803,45.646926062
21-131766,Plainte,Villeray-Saint-Michel - Parc-Extension,Villeray-Saint-Michel-Parc-Extension,2021-05-28T17:57:05,-73.62867812697374,45.54347488673358
21-131797,Plainte,Le Plateau-Mont-Royal,Le Plateau-Mont-Royal,2021-05-28T18:59:34,-73.582919065,45.523963497
21-13183,Plainte,Rosemont - La Petite-Patrie,Rosemont-La Petite-Patrie,2021-01-18T18:00:53,-73.57112541889549,45.55242531124632
21-13193,Plainte,Ahuntsic - Cartierville,Ahuntsic-Cartierville,2021-01-18T18:10:49,-73.670212706,45.53677295
21-132116,Plainte,Villeray-Saint-Michel - Parc-Extension,Villeray-Saint-Michel-Parc-Extension,2021-05-29T13:32:58,-73.624781285,45.537747483
21-132026,Plainte,Côte-des-Neiges - Notre-Dame-de-Grâce,Côte-des-Neiges-Notre-Dame-de-Grâce,2021-05-29T11:37:08,-73.63704883774076,45.48777693062895
21-132075,Plainte,Montréal-Nord,Montréal-Nord,2021-05-29T12:46:51,-73.63800695286047,45.59524251160615
21-132090,Plainte,Villeray-Saint-Michel - Parc-Extension,Villeray-Saint-Michel-Parc-Extension,2021-05-29T13:00:31,-73.60153687740552,45.57021310568495
21-132171,Plainte,Mercier - Hochelaga-Maisonneuve,Mercier-Hochelaga-Maisonneuve,2021-05-29T14:48:58,-73.53829685633545,45.57553516889805
21-132378,Plainte,Rosemont - La Petite-Patrie,Rosemont-La Petite-Patrie,2021-05-30T11:00:02,-73.57623628852332,45.54379429686177
21-13233,Plainte,Mercier - Hochelaga-Maisonneuve,Mercier-Hochelaga-Maisonneuve,2021-01-18T18:51:23,-73.5398601399859,45.58281900375133
21-132394,Plainte,Le Plateau-Mont-Royal,Le Plateau-Mont-Royal,2021-05-30T11:19:02,-73.57760116219156,45.538854849586194
21-136436,Plainte,LaSalle,LaSalle,2021-06-02T08:48:22,-73.63987967818893,45.42032767883085
21-13253,Plainte,Rosemont - La Petite-Patrie,Rosemont-La Petite-Patrie,2021-01-18T19:19:11,-73.56879361552868,45.55425794945512
21-132732,Plainte,LaSalle,LaSalle,2021-05-31T08:53:46,-73.66283406240117,45.42865308961678
21-1327,Plainte,Saint-Laurent,Saint-Laurent,2021-01-04T12:28:38,-73.69333220592009,45.52161679106505
21-13274,Plainte,Le Sud-Ouest,Le Sud-Ouest,2021-01-18T20:02:01,-73.58451379278097,45.48117217392733
21-133651,Plainte,Villeray-Saint-Michel - Parc-Extension,Villeray-Saint-Michel-Parc-Extension,2021-05-31T13:08:18,-73.61264233099125,45.55439072272884
21-132765,Plainte,Côte-des-Neiges - Notre-Dame-de-Grâce,Côte-des-Neiges-Notre-Dame-de-Grâce,2021-05-31T09:03:21,-73.63179156336939,45.48076013605614
21-132791,Plainte,Rosemont - La Petite-Patrie,Rosemont-La Petite-Patrie,2021-05-31T09:09:36,-73.58388072774467,45.56612381609193
21-13282,Plainte,Rivière-des-Prairies - Pointe-aux-Trembles,Rivière-des-Prairies-Pointe-aux-Trembles,2021-01-18T20:13:51,-73.56529317025547,45.66138680839951
21-132944,Plainte,Anjou,Anjou,2021-05-31T09:49:54,-73.57814696620085,45.60813348414039
21-133097,Plainte,Ahuntsic - Cartierville,Ahuntsic-Cartierville,2021-05-31T10:26:55,-73.65502918627324,45.537893874954776
21-133587,Plainte,Côte-des-Neiges - Notre-Dame-de-Grâce,Côte-des-Neiges-Notre-Dame-de-Grâce,2021-05-31T12:48:06,-73.621756863,45.465923774
21-133632,Plainte,Ville-Marie,Ville-Marie,2021-05-31T13:01:29,-73.55768025478851,45.53067589318749
21-133477,Plainte,Ahuntsic - Cartierville,Ahuntsic-Cartierville,2021-05-31T12:07:11,-73.67266046016005,45.55438487896988
21-133551,Plainte,Le Plateau-Mont-Royal,Le Plateau-Mont-Royal,2021-05-31T12:36:54,-73.58123085951682,45.53113098303127
21-133623,Plainte,Rivière-des-Prairies - Pointe-aux-Trembles,Rivière-des-Prairies-Pointe-aux-Trembles,2021-05-31T13:00:00,-73.54075638320617,45.6695346054625
21-134068,Plainte,LaSalle,LaSalle,2021-05-31T15:15:49,-73.6604937934585,45.42887352016884
21-133800,Plainte,Verdun,Verdun,2021-05-31T13:54:21,-73.55407349739033,45.462767386127695
21-133699,Plainte,Anjou,Anjou,2021-05-31T13:22:33,-73.55690124347545,45.606576502203744
21-134118,Plainte,Côte-des-Neiges - Notre-Dame-de-Grâce,Côte-des-Neiges-Notre-Dame-de-Grâce,2021-05-31T15:31:33,-73.63888021219552,45.50402192098941
21-134286,Plainte,Le Plateau-Mont-Royal,Le Plateau-Mont-Royal,2021-05-31T16:31:50,-73.59216861108655,45.52524329874004
21-134156,Plainte,Côte-des-Neiges - Notre-Dame-de-Grâce,Côte-des-Neiges-Notre-Dame-de-Grâce,2021-05-31T15:44:23,-73.63090143820527,45.484212202818775
21-134183,Plainte,Ville-Marie,Ville-Marie,2021-05-31T15:52:25,-73.55562457607157,45.49659575981918
21-134336,Plainte,Villeray-Saint-Michel - Parc-Extension,Villeray-Saint-Michel-Parc-Extension,2021-05-31T16:51:26,-73.61758165364108,45.56646265655922
21-13430,Plainte,Mercier - Hochelaga-Maisonneuve,Mercier-Hochelaga-Maisonneuve,2021-01-19T08:41:53,-73.51371499001897,45.61121533586036
21-1347,Plainte,LaSalle,LaSalle,2021-01-04T12:43:42,-73.64200048163806,45.428762762394
21-13448,Plainte,Rivière-des-Prairies - Pointe-aux-Trembles,Rivière-des-Prairies-Pointe-aux-Trembles,2021-01-19T08:47:08,-73.54034477,45.671742035
21-13451,Plainte,Rivière-des-Prairies - Pointe-aux-Trembles,Rivière-des-Prairies-Pointe-aux-Trembles,2021-01-19T08:48:35,-73.591326845,45.643127273
21-134663,Plainte,Outremont,Outremont,2021-06-01T08:53:17,-73.60700926406571,45.52199552516814
21-134715,Plainte,Montréal-Nord,Montréal-Nord,2021-06-01T09:12:11,-73.6244135221237,45.62550962004662
21-134657,Plainte,Le Plateau-Mont-Royal,Le Plateau-Mont-Royal,2021-06-01T08:50:02,-73.56631461045019,45.53228451435516
21-13472,Plainte,Le Plateau-Mont-Royal,Le Plateau-Mont-Royal,2021-01-19T08:53:23,-73.60410028021805,45.525246936563065
21-13494,Plainte,Pierrefonds - Roxboro,Pierrefonds-Roxboro,2021-01-19T09:00:28,-73.8574726608625,45.472881174083454
21-134815,Plainte,Lachine,Lachine,2021-06-01T09:42:00,-73.70024886644467,45.436866273285126
21-13493,Plainte,Verdun,Verdun,2021-01-19T09:00:11,-73.57383056408524,45.45952538755293
21-134871,Plainte,Montréal-Nord,Montréal-Nord,2021-06-01T09:58:11,-73.62381120377893,45.61679522516407
21-134924,Plainte,Côte-des-Neiges - Notre-Dame-de-Grâce,Côte-des-Neiges-Notre-Dame-de-Grâce,2021-06-01T10:12:27,-73.64295718971799,45.49242989075097
21-135209,Plainte,Rosemont - La Petite-Patrie,Rosemont-La Petite-Patrie,2021-06-01T11:26:31,-73.582842514,45.570119591
21-135042,Plainte,Rosemont - La Petite-Patrie,Rosemont-La Petite-Patrie,2021-06-01T10:41:56,-73.575735156,45.552786716
21-1351,Plainte,Côte-des-Neiges - Notre-Dame-de-Grâce,Côte-des-Neiges-Notre-Dame-de-Grâce,2021-01-04T12:47:41,-73.61980368470596,45.472283177012
21-135108,Plainte,Pierrefonds - Roxboro,Pierrefonds-Roxboro,2021-06-01T10:58:52,-73.8106498870902,45.50016452043878
21-135148,Plainte,Le Plateau-Mont-Royal,Le Plateau-Mont-Royal,2021-06-01T11:10:35,-73.574571573,45.532917619
21-135461,Plainte,Côte-des-Neiges - Notre-Dame-de-Grâce,Côte-des-Neiges-Notre-Dame-de-Grâce,2021-06-01T13:05:42,-73.6252886567919,45.4828661296736
21-135370,Plainte,Le Plateau-Mont-Royal,Le Plateau-Mont-Royal,2021-06-01T12:26:59,-73.56994535996955,45.53779071437549
21-1354,Plainte,Montréal-Nord,Montréal-Nord,2021-01-04T12:48:50,-73.650391143,45.584032134
21-135453,Plainte,Ville-Marie,Ville-Marie,2021-06-01T13:01:47,-73.56671364176489,45.51855370224173
21-135463,Plainte,Ville-Marie,Ville-Marie,2021-06-01T13:07:00,-73.55001713203056,45.52658821414924
21-135531,Plainte,Villeray-Saint-Michel - Parc-Extension,Villeray-Saint-Michel-Parc-Extension,2021-06-01T13:30:27,-73.61900724814947,45.53813789659752
21-135605,Plainte,Ahuntsic - Cartierville,Ahuntsic-Cartierville,2021-06-01T13:55:44,-73.71113372489927,45.53685789584037
21-13559,Plainte,Anjou,Anjou,2021-01-19T09:18:13,-73.55434663130883,45.608677664578096
21-136358,Plainte,L'Île-Bizard - Sainte-Geneviève,L'Île-Bizard-Sainte-Geneviève,2021-06-02T07:51:39,-73.89365972236203,45.47685551958311
21-135731,Plainte,Lachine,Lachine,2021-06-01T14:34:40,-73.65002682893292,45.44929632589318
21-135752,Plainte,L'Île-Bizard - Sainte-Geneviève,L'Île-Bizard-Sainte-Geneviève,2021-06-01T14:44:35,-73.86918361330876,45.481191648532366
21-135981,Plainte,Montréal-Nord,Montréal-Nord,2021-06-01T16:05:21,-73.63712843702174,45.60154669196299
21-136108,Plainte,Villeray-Saint-Michel - Parc-Extension,Villeray-Saint-Michel-Parc-Extension,2021-06-01T17:05:13,-73.62922938871971,45.57626269491106
21-135824,Plainte,Le Plateau-Mont-Royal,Le Plateau-Mont-Royal,2021-06-01T15:06:31,-73.577666497,45.51546565
21-136071,Plainte,Ahuntsic - Cartierville,Ahuntsic-Cartierville,2021-06-01T16:38:39,-73.71252840400852,45.52631640446989
21-13614,Plainte,Saint-Léonard,Saint-Léonard,2021-01-19T09:41:12,-73.60127827276294,45.58827309829993
21-136232,Plainte,Ville-Marie,Ville-Marie,2021-06-01T18:59:09,-73.55882857370764,45.51669669617837
21-13657,Plainte,LaSalle,LaSalle,2021-01-19T09:54:31,-73.63380153356904,45.42239860480506
21-136411,Plainte,Rivière-des-Prairies - Pointe-aux-Trembles,Rivière-des-Prairies-Pointe-aux-Trembles,2021-06-02T08:40:48,-73.49396600477517,45.63526739610344
21-136442,Plainte,Villeray-Saint-Michel - Parc-Extension,Villeray-Saint-Michel-Parc-Extension,2021-06-02T08:49:43,-73.59597120643944,45.55504536423029
21-136373,Plainte,L'Île-Bizard - Sainte-Geneviève,L'Île-Bizard-Sainte-Geneviève,2021-06-02T08:14:50,-73.8603677595169,45.50690582552328
21-137044,Plainte,Saint-Laurent,Saint-Laurent,2021-06-02T11:33:31,-73.67833486209412,45.51763979841362
21-136910,Plainte,Ville-Marie,Ville-Marie,2021-06-02T10:56:54,-73.55986369124447,45.51751795408205
21-136930,Plainte,Ville-Marie,Ville-Marie,2021-06-02T11:02:06,-73.57999190622682,45.50295678849003
21-136566,Plainte,Le Plateau-Mont-Royal,Le Plateau-Mont-Royal,2021-06-02T09:25:33,-73.57561951075368,45.5210295814632
21-136632,Plainte,Le Plateau-Mont-Royal,Le Plateau-Mont-Royal,2021-06-02T09:41:35,-73.573310723,45.520989374
21-136825,Plainte,Villeray-Saint-Michel - Parc-Extension,Villeray-Saint-Michel-Parc-Extension,2021-06-02T10:31:07,-73.62400340782919,45.54573408032065
21-137031,Plainte,Ahuntsic - Cartierville,Ahuntsic-Cartierville,2021-06-02T11:30:58,-73.651587005,45.549618268
21-137232,Plainte,Côte-des-Neiges - Notre-Dame-de-Grâce,Côte-des-Neiges-Notre-Dame-de-Grâce,2021-06-02T12:35:47,-73.62393193258256,45.46366095690718
21-13711,Plainte,Rosemont - La Petite-Patrie,Rosemont-La Petite-Patrie,2021-01-19T10:20:17,-73.5788889954265,45.54993835154322
21-137224,Plainte,LaSalle,LaSalle,2021-06-02T12:29:43,-73.61601462634117,45.41839012443003
21-137149,Plainte,Saint-Laurent,Saint-Laurent,2021-06-02T11:59:02,-73.726564035,45.511968769
21-137191,Plainte,Mercier - Hochelaga-Maisonneuve,Mercier-Hochelaga-Maisonneuve,2021-06-02T12:12:49,-73.53898387590486,45.54272266430229
21-137339,Plainte,Rosemont - La Petite-Patrie,Rosemont-La Petite-Patrie,2021-06-02T13:17:59,-73.57334315586262,45.55064429129431
21-137480,Plainte,Ville-Marie,Ville-Marie,2021-06-02T14:05:29,-73.55882857370764,45.51669669617837
21-13767,Plainte,Mercier - Hochelaga-Maisonneuve,Mercier-Hochelaga-Maisonneuve,2021-01-19T10:39:18,-73.518698477,45.580801511
21-13753,Plainte,Lachine,Lachine,2021-01-19T10:35:18,-73.65479860861913,45.44895112726
21-137607,Plainte,Pierrefonds - Roxboro,Pierrefonds-Roxboro,2021-06-02T14:50:54,-73.78181994432758,45.50696273935378
21-137614,Plainte,Ville-Marie,Ville-Marie,2021-06-02T14:53:30,-73.58113830370718,45.49407980755218
21-13764,Plainte,L'Île-Bizard - Sainte-Geneviève,L'Île-Bizard-Sainte-Geneviève,2021-01-19T10:38:36,-73.87728748878547,45.50375775929247
21-137785,Plainte,Le Plateau-Mont-Royal,Le Plateau-Mont-Royal,2021-06-02T16:08:49,-73.56608703949502,45.53094933290968
21-137862,Plainte,Mercier - Hochelaga-Maisonneuve,Mercier-Hochelaga-Maisonneuve,2021-06-02T16:50:54,-73.51645364204491,45.60250096029555
21-1378,Plainte,Montréal-Nord,Montréal-Nord,2021-01-04T13:00:22,-73.619291987,45.606828599
21-138049,Plainte,Rivière-des-Prairies - Pointe-aux-Trembles,Rivière-des-Prairies-Pointe-aux-Trembles,2021-06-02T20:09:18,-73.51003964792164,45.64941165547
21-138272,Plainte,Ville-Marie,Ville-Marie,2021-06-03T09:12:52,-73.56378077232084,45.522294126440045
21-13811,Plainte,Rivière-des-Prairies - Pointe-aux-Trembles,Rivière-des-Prairies-Pointe-aux-Trembles,2021-01-19T11:01:29,-73.51477631952032,45.65935848854701
21-13814,Plainte,LaSalle,LaSalle,2021-01-19T11:03:12,-73.60524404199859,45.42972696288554
21-138258,Plainte,Rivière-des-Prairies - Pointe-aux-Trembles,Rivière-des-Prairies-Pointe-aux-Trembles,2021-06-03T09:08:54,-73.59372599262731,45.63298569557175
21-138293,Plainte,Rosemont - La Petite-Patrie,Rosemont-La Petite-Patrie,2021-06-03T09:17:48,-73.58147552,45.566094336
21-138359,Plainte,L'Île-Bizard - Sainte-Geneviève,L'Île-Bizard-Sainte-Geneviève,2021-06-03T09:37:21,-73.8807846133333,45.49282123605615
21-138348,Plainte,Villeray-Saint-Michel - Parc-Extension,Villeray-Saint-Michel-Parc-Extension,2021-06-03T09:35:18,-73.602579617,45.571567187
21-138361,Plainte,Verdun,Verdun,2021-06-03T09:38:04,-73.56671605634477,45.46601823123845
21-138459,Plainte,Le Sud-Ouest,Le Sud-Ouest,2021-06-03T10:00:16,-73.57063816658315,45.47917099795676
21-138417,Plainte,Outremont,Outremont,2021-06-03T09:49:26,-73.60998217639164,45.51945415114223
21-138390,Plainte,Rosemont - La Petite-Patrie,Rosemont-La Petite-Patrie,2021-06-03T09:45:17,-73.55892151787324,45.57066178742125
21-138419,Plainte,Rosemont - La Petite-Patrie,Rosemont-La Petite-Patrie,2021-06-03T09:49:35,-73.587147238,45.559575553
21-138460,Plainte,Pierrefonds - Roxboro,Pierrefonds-Roxboro,2021-06-03T10:01:05,-73.90288885519797,45.4586244890063
21-138675,Plainte,Le Plateau-Mont-Royal,Le Plateau-Mont-Royal,2021-06-03T11:11:03,-73.566305928,45.530709761
21-138590,Plainte,Le Plateau-Mont-Royal,Le Plateau-Mont-Royal,2021-06-03T10:43:47,-73.59290526468374,45.532371182453154
21-138594,Plainte,Ville-Marie,Ville-Marie,2021-06-03T10:44:51,-73.55251716,45.511685151
21-138616,Plainte,Rosemont - La Petite-Patrie,Rosemont-La Petite-Patrie,2021-06-03T10:53:50,-73.58920457907924,45.557219662332365
21-138619,Plainte,Montréal-Nord,Montréal-Nord,2021-06-03T10:54:30,-73.63736246301657,45.59375802460729
21-138636,Plainte,Pierrefonds - Roxboro,Pierrefonds-Roxboro,2021-06-03T10:59:10,-73.85395757633218,45.50279260431665
21-138466,Plainte,Villeray-Saint-Michel - Parc-Extension,Villeray-Saint-Michel-Parc-Extension,2021-06-03T10:01:52,-73.63497340048747,45.54205286448734
21-138536,Plainte,Rosemont - La Petite-Patrie,Rosemont-La Petite-Patrie,2021-06-03T10:24:57,-73.61319073543292,45.53771799721213
21-13856,Plainte,Saint-Léonard,Saint-Léonard,2021-01-19T11:20:19,-73.59773083870645,45.58428894016698
21-138631,Plainte,Villeray-Saint-Michel - Parc-Extension,Villeray-Saint-Michel-Parc-Extension,2021-06-03T10:58:00,-73.60235474317561,45.56986249301861
21-138632,Plainte,Ahuntsic - Cartierville,Ahuntsic-Cartierville,2021-06-03T10:58:37,-73.65264447704327,45.57899981684345
21-138634,Plainte,Saint-Léonard,Saint-Léonard,2021-06-03T10:58:40,-73.59493494233848,45.58932977682904
21-138655,Plainte,Rosemont - La Petite-Patrie,Rosemont-La Petite-Patrie,2021-06-03T11:02:39,-73.60467424135814,45.53438133786083
21-138733,Plainte,Montréal-Nord,Montréal-Nord,2021-06-03T11:27:23,-73.6189895078242,45.61065195484881
21-138720,Plainte,Lachine,Lachine,2021-06-03T11:23:56,-73.650609204,45.442201442
21-1387,Plainte,Ville-Marie,Ville-Marie,2021-01-04T13:04:19,-73.58338611778369,45.49216538907537
21-138826,Plainte,Mercier - Hochelaga-Maisonneuve,Mercier-Hochelaga-Maisonneuve,2021-06-03T11:59:24,-73.53619644839574,45.6025534625698
21-138794,Plainte,Montréal-Nord,Montréal-Nord,2021-06-03T11:48:55,-73.63226614902196,45.60019758482303
21-138798,Plainte,Ahuntsic - Cartierville,Ahuntsic-Cartierville,2021-06-03T11:49:41,-73.66602170307513,45.546642137046966
21-138737,Plainte,Rosemont - La Petite-Patrie,Rosemont-La Petite-Patrie,2021-06-03T11:28:51,-73.579740309,45.562540715
21-138850,Plainte,Verdun,Verdun,2021-06-03T12:04:27,-73.57043006441485,45.45002637111181
21-138841,Plainte,Ahuntsic - Cartierville,Ahuntsic-Cartierville,2021-06-03T12:02:41,-73.63407562232706,45.5555995355359
21-138846,Plainte,Pierrefonds - Roxboro,Pierrefonds-Roxboro,2021-06-03T12:03:44,-73.84818620969796,45.49442058130631
21-138851,Plainte,Villeray-Saint-Michel - Parc-Extension,Villeray-Saint-Michel-Parc-Extension,2021-06-03T12:04:36,-73.6357556990057,45.57341712351317
21-138954,Plainte,Le Sud-Ouest,Le Sud-Ouest,2021-06-03T13:00:13,-73.59371512725002,45.47381979281032
21-139022,Plainte,Ahuntsic - Cartierville,Ahuntsic-Cartierville,2021-06-03T13:29:00,-73.6507686673743,45.57356050605534
21-138961,Plainte,Ahuntsic - Cartierville,Ahuntsic-Cartierville,2021-06-03T13:05:39,-73.63182611882492,45.55601750840189
21-139010,Plainte,Rivière-des-Prairies - Pointe-aux-Trembles,Rivière-des-Prairies-Pointe-aux-Trembles,2021-06-03T13:26:32,-73.56087175301036,45.6391920054552
21-139029,Plainte,LaSalle,LaSalle,2021-06-03T13:31:45,-73.61445920021553,45.41966748904716
21-13903,Plainte,Ahuntsic - Cartierville,Ahuntsic-Cartierville,2021-01-19T11:41:20,-73.644316735,45.574609336
21-139228,Plainte,LaSalle,LaSalle,2021-06-03T14:43:33,-73.60814651174819,45.42548091507441
21-139060,Plainte,Rosemont - La Petite-Patrie,Rosemont-La Petite-Patrie,2021-06-03T13:45:00,-73.6067356988926,45.54013231458534
21-139103,Plainte,Pierrefonds - Roxboro,Pierrefonds-Roxboro,2021-06-03T14:01:40,-73.83823514974168,45.51006726981771
21-139198,Plainte,Montréal-Nord,Montréal-Nord,2021-06-03T14:34:15,-73.6163783954435,45.60979045043624
21-139362,Plainte,Rosemont - La Petite-Patrie,Rosemont-La Petite-Patrie,2021-06-03T15:37:19,-73.5723805,45.542637535
21-139249,Plainte,Saint-Léonard,Saint-Léonard,2021-06-03T14:50:58,-73.57460157314217,45.58478135741528
21-139354,Plainte,Villeray-Saint-Michel - Parc-Extension,Villeray-Saint-Michel-Parc-Extension,2021-06-03T15:36:09,-73.611764903,45.577893106
21-139496,Plainte,L'Île-Bizard - Sainte-Geneviève,L'Île-Bizard-Sainte-Geneviève,2021-06-03T16:50:39,-73.88111817365932,45.49868657898983
21-139401,Plainte,Rosemont - La Petite-Patrie,Rosemont-La Petite-Patrie,2021-06-03T15:58:51,-73.5910609466194,45.54681748123511
21-139502,Plainte,Le Plateau-Mont-Royal,Le Plateau-Mont-Royal,2021-06-03T16:53:21,-73.588178232,45.534793681
21-139523,Plainte,Rivière-des-Prairies - Pointe-aux-Trembles,Rivière-des-Prairies-Pointe-aux-Trembles,2021-06-03T17:09:41,-73.56087175301036,45.6391920054552
21-139799,Plainte,LaSalle,LaSalle,2021-06-04T08:37:03,-73.65546747830152,45.426878179917246
21-139541,Plainte,Rivière-des-Prairies - Pointe-aux-Trembles,Rivière-des-Prairies-Pointe-aux-Trembles,2021-06-03T17:30:24,-73.4917296464244,45.65398897162136
21-139804,Plainte,Mercier - Hochelaga-Maisonneuve,Mercier-Hochelaga-Maisonneuve,2021-06-04T08:38:42,-73.53544374504602,45.61083973665924
21-139951,Plainte,LaSalle,LaSalle,2021-06-04T09:22:56,-73.60540161042486,45.43425626612275
21-139894,Plainte,LaSalle,LaSalle,2021-06-04T09:05:58,-73.63987967818893,45.42032767883085
21-13994,Plainte,Villeray-Saint-Michel - Parc-Extension,Villeray-Saint-Michel-Parc-Extension,2021-01-19T12:27:06,-73.62675741275564,45.53087421587196
21-139940,Plainte,Ahuntsic - Cartierville,Ahuntsic-Cartierville,2021-06-04T09:20:35,-73.709150127,45.539682322
21-140066,Plainte,LaSalle,LaSalle,2021-06-04T10:06:43,-73.62705536819229,45.43487482824555
21-140049,Plainte,Outremont,Outremont,2021-06-04T10:02:02,-73.6145066237579,45.520167408451854
21-140185,Plainte,Pierrefonds - Roxboro,Pierrefonds-Roxboro,2021-06-04T10:52:54,-73.86334410842224,45.46905488128923
21-140072,Plainte,Outremont,Outremont,2021-06-04T10:09:57,-73.6145066237579,45.520167408451854
21-140134,Plainte,Villeray-Saint-Michel - Parc-Extension,Villeray-Saint-Michel-Parc-Extension,2021-06-04T10:33:18,-73.6134081731088,45.54032952921889
21-140083,Plainte,Ville-Marie,Ville-Marie,2021-06-04T10:12:03,-73.567102572,45.492875085
21-1405,Plainte,Le Sud-Ouest,Le Sud-Ouest,2021-01-04T13:15:48,-73.559928612,45.476424671
21-140289,Plainte,Villeray-Saint-Michel - Parc-Extension,Villeray-Saint-Michel-Parc-Extension,2021-06-04T11:27:28,-73.63523463058198,45.574020079529696
21-140470,Plainte,LaSalle,LaSalle,2021-06-04T12:50:34,-73.614643475,45.436780679
21-140501,Plainte,Verdun,Verdun,2021-06-04T13:05:36,-73.57094693211324,45.45465085424515
21-140659,Plainte,Ahuntsic - Cartierville,Ahuntsic-Cartierville,2021-06-04T14:05:22,-73.64042366695966,45.55023496907258
21-140537,Plainte,Saint-Léonard,Saint-Léonard,2021-06-04T13:20:45,-73.598265362,45.600920695
21-140563,Plainte,Verdun,Verdun,2021-06-04T13:28:58,-73.57579208928243,45.46183684284159
21-140879,Plainte,Rivière-des-Prairies - Pointe-aux-Trembles,Rivière-des-Prairies-Pointe-aux-Trembles,2021-06-04T15:38:12,-73.48862521093994,45.63965247705476
21-140762,Plainte,Côte-des-Neiges - Notre-Dame-de-Grâce,Côte-des-Neiges-Notre-Dame-de-Grâce,2021-06-04T14:48:34,-73.62926453798286,45.46682425188772
21-140771,Plainte,Rosemont - La Petite-Patrie,Rosemont-La Petite-Patrie,2021-06-04T14:53:48,-73.57034260525784,45.566251251112696
21-140872,Plainte,Lachine,Lachine,2021-06-04T15:35:47,-73.70312274153652,45.44745834359862
21-141312,Plainte,Le Plateau-Mont-Royal,Le Plateau-Mont-Royal,2021-06-05T10:54:54,-73.57332900325468,45.51844625563657
21-140927,Plainte,Ville-Marie,Ville-Marie,2021-06-04T15:57:39,-73.55409233536774,45.49786885659831
21-141033,Plainte,Saint-Laurent,Saint-Laurent,2021-06-04T17:21:45,-73.75203809094299,45.49178950045153
21-141042,Plainte,Côte-des-Neiges - Notre-Dame-de-Grâce,Côte-des-Neiges-Notre-Dame-de-Grâce,2021-06-04T17:31:37,-73.64757438182998,45.49110286056431
21-141686,Plainte,Le Sud-Ouest,Le Sud-Ouest,2021-06-06T09:15:32,-73.59658811865167,45.4618949934313
21-141354,Plainte,Ville-Marie,Ville-Marie,2021-06-05T11:41:11,-73.555884274,45.534368733
21-141410,Plainte,Mercier - Hochelaga-Maisonneuve,Mercier-Hochelaga-Maisonneuve,2021-06-05T12:45:24,-73.51926805921285,45.579893717028405
21-141815,Plainte,Le Sud-Ouest,Le Sud-Ouest,2021-06-06T12:44:59,-73.59449054499201,45.46151542164664
21-14178,Plainte,Ahuntsic - Cartierville,Ahuntsic-Cartierville,2021-01-19T13:51:02,-73.6688453143736,45.5486462432939
21-142291,Plainte,LaSalle,LaSalle,2021-06-07T09:14:00,-73.64541328990614,45.42202847570682
21-142177,Plainte,Lachine,Lachine,2021-06-07T08:46:20,-73.67167330488597,45.43424621987658
21-142060,Plainte,Villeray-Saint-Michel - Parc-Extension,Villeray-Saint-Michel-Parc-Extension,2021-06-07T07:06:40,-73.64135411681718,45.53397816555791
21-142061,Plainte,Villeray-Saint-Michel - Parc-Extension,Villeray-Saint-Michel-Parc-Extension,2021-06-07T07:07:19,-73.64135411681718,45.53397816555791
21-142203,Plainte,Ville-Marie,Ville-Marie,2021-06-07T08:52:53,-73.569129318,45.495067616
21-142486,Plainte,Villeray-Saint-Michel - Parc-Extension,Villeray-Saint-Michel-Parc-Extension,2021-06-07T09:59:55,-73.63957364811625,45.53089445269504
21-142510,Plainte,Villeray-Saint-Michel - Parc-Extension,Villeray-Saint-Michel-Parc-Extension,2021-06-07T10:05:20,-73.61637374724928,45.53806206830308
21-142887,Plainte,Rosemont - La Petite-Patrie,Rosemont-La Petite-Patrie,2021-06-07T11:40:04,-73.5814967208909,45.54445174204635
21-142593,Plainte,Saint-Laurent,Saint-Laurent,2021-06-07T10:26:16,-73.73282919207112,45.51089266583352
21-14274,Plainte,Ahuntsic - Cartierville,Ahuntsic-Cartierville,2021-01-19T14:33:08,-73.704584816,45.53529167
21-14283,Plainte,Côte-des-Neiges - Notre-Dame-de-Grâce,Côte-des-Neiges-Notre-Dame-de-Grâce,2021-01-19T14:38:14,-73.628798489,45.482160101
21-142577,Plainte,Ville-Marie,Ville-Marie,2021-06-07T10:22:59,-73.55393998881324,45.49563405956561
21-142635,Plainte,Montréal-Nord,Montréal-Nord,2021-06-07T10:38:49,-73.636784438,45.581169869
21-142867,Plainte,Rosemont - La Petite-Patrie,Rosemont-La Petite-Patrie,2021-06-07T11:35:44,-73.56209817782425,45.56780557504276
21-142990,Plainte,Saint-Léonard,Saint-Léonard,2021-06-07T12:10:02,-73.5676922544289,45.58861947591697
21-142908,Plainte,Rosemont - La Petite-Patrie,Rosemont-La Petite-Patrie,2021-06-07T11:45:14,-73.5890073417362,45.53800873459038
21-142976,Plainte,Le Sud-Ouest,Le Sud-Ouest,2021-06-07T12:06:38,-73.568253815,45.479138735
21-143309,Plainte,Rosemont - La Petite-Patrie,Rosemont-La Petite-Patrie,2021-06-07T14:07:26,-73.58214955113272,45.5456543684117
21-143146,Plainte,Villeray-Saint-Michel - Parc-Extension,Villeray-Saint-Michel-Parc-Extension,2021-06-07T13:20:30,-73.59681995864523,45.560525348269366
21-143296,Plainte,Villeray-Saint-Michel - Parc-Extension,Villeray-Saint-Michel-Parc-Extension,2021-06-07T14:04:43,-73.60697546962207,45.56466078818941
21-143419,Plainte,Mercier - Hochelaga-Maisonneuve,Mercier-Hochelaga-Maisonneuve,2021-06-07T14:50:35,-73.54155772828209,45.58980634841648
21-143453,Plainte,Villeray-Saint-Michel - Parc-Extension,Villeray-Saint-Michel-Parc-Extension,2021-06-07T14:59:40,-73.614381508,45.542452893
21-143001,Plainte,Verdun,Verdun,2021-06-07T12:11:54,-73.58247504157049,45.44648596601755
21-143049,Plainte,Montréal-Nord,Montréal-Nord,2021-06-07T12:34:40,-73.61762870349628,45.609873210879634
21-143137,Plainte,Verdun,Verdun,2021-06-07T13:15:53,-73.57868007806641,45.4476695452944
21-14329,Plainte,L'Île-Bizard - Sainte-Geneviève,L'Île-Bizard-Sainte-Geneviève,2021-01-19T14:52:50,-73.86120725957976,45.51058562986604
21-143371,Plainte,Rivière-des-Prairies - Pointe-aux-Trembles,Rivière-des-Prairies-Pointe-aux-Trembles,2021-06-07T14:30:34,-73.49458298877393,45.67578945570187
21-143475,Plainte,Mercier - Hochelaga-Maisonneuve,Mercier-Hochelaga-Maisonneuve,2021-06-07T15:09:02,-73.55232587450466,45.58360567130928
21-143478,Plainte,Mercier - Hochelaga-Maisonneuve,Mercier-Hochelaga-Maisonneuve,2021-06-07T15:09:21,-73.55232587450466,45.58360567130928
21-14351,Plainte,Rivière-des-Prairies - Pointe-aux-Trembles,Rivière-des-Prairies-Pointe-aux-Trembles,2021-01-19T15:02:07,-73.501515891,45.666308722
21-143638,Plainte,Ahuntsic - Cartierville,Ahuntsic-Cartierville,2021-06-07T16:03:56,-73.72590551808432,45.52372020230001
21-143552,Plainte,Rivière-des-Prairies - Pointe-aux-Trembles,Rivière-des-Prairies-Pointe-aux-Trembles,2021-06-07T15:33:47,-73.49721470535361,45.644245391861936
21-14364,Plainte,Ville-Marie,Ville-Marie,2021-01-19T15:08:05,-73.55897616488843,45.53736189162912
21-14378,Plainte,Ahuntsic - Cartierville,Ahuntsic-Cartierville,2021-01-19T15:13:10,-73.64101271267887,45.57797582627612
21-143710,Plainte,Le Plateau-Mont-Royal,Le Plateau-Mont-Royal,2021-06-07T16:39:08,-73.57559920364629,45.52456222668554
21-144058,Plainte,Rosemont - La Petite-Patrie,Rosemont-La Petite-Patrie,2021-06-08T08:43:32,-73.58388072774467,45.56612381609193
21-143884,Plainte,Rosemont - La Petite-Patrie,Rosemont-La Petite-Patrie,2021-06-07T19:26:49,-73.59208961616503,45.551138545698834
21-144044,Plainte,Saint-Léonard,Saint-Léonard,2021-06-08T08:39:12,-73.59706100312408,45.58026485025889
21-144062,Plainte,Ville-Marie,Ville-Marie,2021-06-08T08:45:06,-73.580741421,45.487519316
21-144124,Plainte,Ahuntsic - Cartierville,Villeray-Saint-Michel-Parc-Extension,2021-06-08T09:02:38,-73.637640642,45.546344287
21-144099,Plainte,Côte-des-Neiges - Notre-Dame-de-Grâce,Côte-des-Neiges-Notre-Dame-de-Grâce,2021-06-08T08:55:28,-73.612096197,45.470874785
21-144095,Plainte,Le Sud-Ouest,Le Sud-Ouest,2021-06-08T08:54:14,-73.582706471,45.481487458
21-144273,Plainte,Villeray-Saint-Michel - Parc-Extension,Villeray-Saint-Michel-Parc-Extension,2021-06-08T09:41:36,-73.6194811912099,45.54358039628357
21-144163,Plainte,Ahuntsic - Cartierville,Ahuntsic-Cartierville,2021-06-08T09:11:08,-73.65287570438906,45.56264262808826
21-144138,Plainte,Ahuntsic - Cartierville,Ahuntsic-Cartierville,2021-06-08T09:05:56,-73.65287570438906,45.56264262808826
21-144249,Plainte,Verdun,Verdun,2021-06-08T09:34:53,-73.57383056408524,45.45952538755293
21-144276,Plainte,Rivière-des-Prairies - Pointe-aux-Trembles,Rivière-des-Prairies-Pointe-aux-Trembles,2021-06-08T09:42:52,-73.49946381987077,45.66236532612051
21-144837,Plainte,L'Île-Bizard - Sainte-Geneviève,L'Île-Bizard-Sainte-Geneviève,2021-06-08T12:33:27,-73.87380494377321,45.497786822782274
21-14439,Plainte,Rivière-des-Prairies - Pointe-aux-Trembles,Rivière-des-Prairies-Pointe-aux-Trembles,2021-01-19T15:46:41,-73.56006681699687,45.655239902835774
21-144474,Plainte,Mercier - Hochelaga-Maisonneuve,Mercier-Hochelaga-Maisonneuve,2021-06-08T10:41:23,-73.54747334981347,45.59397201292866
21-14452,Plainte,Villeray-Saint-Michel - Parc-Extension,Villeray-Saint-Michel-Parc-Extension,2021-01-19T15:55:28,-73.626796193,45.545912284
21-14454,Plainte,Le Plateau-Mont-Royal,Le Plateau-Mont-Royal,2021-01-19T15:57:09,-73.584542553,45.518537369
21-145126,Plainte,Ahuntsic - Cartierville,Ahuntsic-Cartierville,2021-06-08T14:36:00,-73.6606251829322,45.56831354147974
21-144949,Plainte,Côte-des-Neiges - Notre-Dame-de-Grâce,Côte-des-Neiges-Notre-Dame-de-Grâce,2021-06-08T13:29:59,-73.62547769683059,45.51511045803203
21-145283,Plainte,Ahuntsic - Cartierville,Ahuntsic-Cartierville,2021-06-08T15:36:32,-73.66145219224029,45.56029921211829
21-145281,Plainte,Saint-Léonard,Saint-Léonard,2021-06-08T15:35:41,-73.60394065234762,45.58970526549208
21-145294,Plainte,Verdun,Verdun,2021-06-08T15:40:47,-73.56311275585233,45.46038372171044
21-145321,Plainte,Montréal-Nord,Montréal-Nord,2021-06-08T15:49:21,-73.6278847589882,45.59721225293646
21-145322,Plainte,L'Île-Bizard - Sainte-Geneviève,L'Île-Bizard-Sainte-Geneviève,2021-06-08T15:49:28,-73.87830946487753,45.49857147480291
21-145532,Plainte,Rosemont - La Petite-Patrie,Rosemont-La Petite-Patrie,2021-06-08T17:53:24,-73.59234836458646,45.53432339457105
21-145374,Plainte,Mercier - Hochelaga-Maisonneuve,Mercier-Hochelaga-Maisonneuve,2021-06-08T16:08:59,-73.53332252233243,45.560676038454325
21-145468,Plainte,Pierrefonds - Roxboro,Pierrefonds-Roxboro,2021-06-08T17:04:21,-73.88618280763116,45.46559123649463
21-145605,Plainte,Rosemont - La Petite-Patrie,Rosemont-La Petite-Patrie,2021-06-08T19:38:06,-73.56841465119328,45.55679017204882
21-145574,Plainte,Ville-Marie,Ville-Marie,2021-06-08T18:53:31,-73.59065425482302,45.49504967751331
21-145589,Plainte,Rivière-des-Prairies - Pointe-aux-Trembles,Rivière-des-Prairies-Pointe-aux-Trembles,2021-06-08T19:16:30,-73.59808345071225,45.63940445937637
21-145760,Plainte,Le Plateau-Mont-Royal,Le Plateau-Mont-Royal,2021-06-09T08:43:00,-73.58292494908672,45.52538295368193
21-14564,Plainte,LaSalle,LaSalle,2021-01-19T17:10:34,-73.633650999,45.429963999
21-145910,Plainte,Côte-des-Neiges - Notre-Dame-de-Grâce,Côte-des-Neiges-Notre-Dame-de-Grâce,2021-06-09T09:22:18,-73.63150412437199,45.47715980452275
21-145821,Plainte,Le Plateau-Mont-Royal,Le Plateau-Mont-Royal,2021-06-09T08:58:27,-73.60941956167645,45.52439218137378
21-145841,Plainte,L'Île-Bizard - Sainte-Geneviève,L'Île-Bizard-Sainte-Geneviève,2021-06-09T09:02:33,-73.86714007935163,45.517883953312015
21-145880,Plainte,L'Île-Bizard - Sainte-Geneviève,L'Île-Bizard-Sainte-Geneviève,2021-06-09T09:12:48,-73.91150364812384,45.50311504079485
21-145883,Plainte,Outremont,Outremont,2021-06-09T09:13:25,-73.60828967208565,45.52343897404444
21-145906,Plainte,Villeray-Saint-Michel - Parc-Extension,Villeray-Saint-Michel-Parc-Extension,2021-06-09T09:21:44,-73.61502874289168,45.555450709318784
21-145916,Plainte,Pierrefonds - Roxboro,Pierrefonds-Roxboro,2021-06-09T09:22:57,-73.77309157651824,45.50508451207455
21-146073,Plainte,Le Plateau-Mont-Royal,Le Plateau-Mont-Royal,2021-06-09T10:12:07,-73.58354786406453,45.53370069102332
21-145993,Plainte,Rosemont - La Petite-Patrie,Rosemont-La Petite-Patrie,2021-06-09T09:45:05,-73.61400017924745,45.53186199409603
21-146051,Plainte,Ville-Marie,Ville-Marie,2021-06-09T10:05:17,-73.55210302452255,45.53420365011045
21-146103,Plainte,Saint-Laurent,Saint-Laurent,2021-06-09T10:18:39,-73.66341382825334,45.511609689849
21-146088,Plainte,Ville-Marie,Ville-Marie,2021-06-09T10:15:46,-73.553656324,45.521173768
21-146215,Plainte,Rivière-des-Prairies - Pointe-aux-Trembles,Rivière-des-Prairies-Pointe-aux-Trembles,2021-06-09T10:53:44,-73.49070589257731,45.69496939111659
21-146144,Plainte,Rivière-des-Prairies - Pointe-aux-Trembles,Rivière-des-Prairies-Pointe-aux-Trembles,2021-06-09T10:32:58,-73.5754490731842,45.65376168458373
21-146198,Plainte,Côte-des-Neiges - Notre-Dame-de-Grâce,Côte-des-Neiges-Notre-Dame-de-Grâce,2021-06-09T10:47:48,-73.62952649041904,45.475348250059824
21-1462,Plainte,Ville-Marie,Ville-Marie,2021-01-04T13:47:51,-73.56076496716022,45.49928704231794
21-146212,Plainte,Ahuntsic - Cartierville,Ahuntsic-Cartierville,2021-06-09T10:52:47,-73.66469488187016,45.56253885219967
21-146389,Plainte,Rosemont - La Petite-Patrie,Rosemont-La Petite-Patrie,2021-06-09T11:47:52,-73.58702370234393,45.5653066776616
21-146244,Plainte,Villeray-Saint-Michel - Parc-Extension,Villeray-Saint-Michel-Parc-Extension,2021-06-09T11:01:46,-73.59070806420819,45.56107709223965
21-146285,Plainte,Pierrefonds - Roxboro,Pierrefonds-Roxboro,2021-06-09T11:12:52,-73.76484502098072,45.50505166592676
21-146358,Plainte,Le Plateau-Mont-Royal,Le Plateau-Mont-Royal,2021-06-09T11:36:25,-73.59884651643715,45.52413858186654
21-14649,Plainte,Rosemont - La Petite-Patrie,Rosemont-La Petite-Patrie,2021-01-19T18:57:19,-73.61319073543292,45.53771799721213
21-146453,Plainte,Le Sud-Ouest,Le Sud-Ouest,2021-06-09T12:18:31,-73.57241807797332,45.48881800024056
21-146673,Plainte,Rosemont - La Petite-Patrie,Rosemont-La Petite-Patrie,2021-06-09T13:47:33,-73.61929881640347,45.53193170471584
21-146589,Plainte,Villeray-Saint-Michel - Parc-Extension,Villeray-Saint-Michel-Parc-Extension,2021-06-09T13:20:15,-73.626516539,45.57040253
21-146645,Plainte,Outremont,Outremont,2021-06-09T13:39:09,-73.60998217639164,45.51945415114223
21-146665,Plainte,Le Plateau-Mont-Royal,Le Plateau-Mont-Royal,2021-06-09T13:44:52,-73.57092883988928,45.53532753191472
21-1467,Plainte,Ville-Marie,Ville-Marie,2021-01-04T13:51:14,-73.55001713203056,45.52658821414924
21-146681,Plainte,Le Plateau-Mont-Royal,Le Plateau-Mont-Royal,2021-06-09T13:49:23,-73.5907954584612,45.52138081624904
21-146819,Plainte,Rosemont - La Petite-Patrie,Rosemont-La Petite-Patrie,2021-06-09T14:37:46,-73.58978435509847,45.55655831885177
21-146740,Plainte,Le Sud-Ouest,Le Sud-Ouest,2021-06-09T14:06:25,-73.560264054,45.483549705
21-147135,Plainte,Ville-Marie,Ville-Marie,2021-06-09T16:44:12,-73.56959994215906,45.4918094024235
21-146865,Plainte,Villeray-Saint-Michel - Parc-Extension,Villeray-Saint-Michel-Parc-Extension,2021-06-09T14:57:59,-73.63874790493446,45.538573418736576
21-146893,Plainte,L'Île-Bizard - Sainte-Geneviève,L'Île-Bizard-Sainte-Geneviève,2021-06-09T15:10:22,-73.89474905607544,45.47772688042605
21-146996,Plainte,Ahuntsic - Cartierville,Ahuntsic-Cartierville,2021-06-09T15:46:24,-73.69836518814617,45.542141160198085
21-147420,Plainte,Ahuntsic - Cartierville,Ahuntsic-Cartierville,2021-06-10T08:18:47,-73.69741418306322,45.53866363324243
21-147296,Plainte,Rivière-des-Prairies - Pointe-aux-Trembles,Rivière-des-Prairies-Pointe-aux-Trembles,2021-06-09T19:37:28,-73.579429553,45.644037964
21-147150,Plainte,Ville-Marie,Ville-Marie,2021-06-09T16:54:10,-73.56291976343547,45.50568639526803
21-147178,Plainte,Saint-Laurent,Saint-Laurent,2021-06-09T17:17:23,-73.74167115242945,45.50971650723879
21-147487,Plainte,Ahuntsic - Cartierville,Ahuntsic-Cartierville,2021-06-10T08:53:26,-73.66791347280324,45.55241539441988
21-147432,Plainte,Ahuntsic - Cartierville,Ahuntsic-Cartierville,2021-06-10T08:36:27,-73.65650148368728,45.556475044372895
21-147433,Plainte,Le Sud-Ouest,Le Sud-Ouest,2021-06-10T08:36:30,-73.57307573607719,45.48812247913047
21-147640,Plainte,Rivière-des-Prairies - Pointe-aux-Trembles,Rivière-des-Prairies-Pointe-aux-Trembles,2021-06-10T09:46:21,-73.49854763316347,45.69625085031162
21-147577,Plainte,Ahuntsic - Cartierville,Ahuntsic-Cartierville,2021-06-10T09:25:43,-73.65472296518887,45.55131067883367
21-147726,Plainte,L'Île-Bizard - Sainte-Geneviève,L'Île-Bizard-Sainte-Geneviève,2021-06-10T10:10:14,-73.88600592636777,45.48834215035454
21-147707,Plainte,Côte-des-Neiges - Notre-Dame-de-Grâce,Côte-des-Neiges-Notre-Dame-de-Grâce,2021-06-10T10:05:48,-73.64210683791647,45.46901574949377
21-147735,Plainte,Côte-des-Neiges - Notre-Dame-de-Grâce,Côte-des-Neiges-Notre-Dame-de-Grâce,2021-06-10T10:13:12,-73.63224045304474,45.482712395033765
21-147844,Plainte,Saint-Léonard,Saint-Léonard,2021-06-10T10:52:03,-73.6017970400559,45.5781159119628
21-147739,Plainte,Côte-des-Neiges - Notre-Dame-de-Grâce,Côte-des-Neiges-Notre-Dame-de-Grâce,2021-06-10T10:13:59,-73.64210683791647,45.46901574949377
21-147791,Plainte,Côte-des-Neiges - Notre-Dame-de-Grâce,Côte-des-Neiges-Notre-Dame-de-Grâce,2021-06-10T10:30:04,-73.6209440074788,45.49574338117296
21-147835,Plainte,Le Plateau-Mont-Royal,Le Plateau-Mont-Royal,2021-06-10T10:48:42,-73.59915082607088,45.525541908950565
21-148036,Plainte,LaSalle,LaSalle,2021-06-10T12:01:22,-73.59540376658937,45.42782193615
21-148041,Plainte,Villeray-Saint-Michel - Parc-Extension,Villeray-Saint-Michel-Parc-Extension,2021-06-10T12:02:45,-73.6232180022744,45.581571058422114
21-148468,Plainte,Ahuntsic - Cartierville,Ahuntsic-Cartierville,2021-06-10T15:00:29,-73.65266287834898,45.549929203110565
21-148345,Plainte,Ahuntsic - Cartierville,Ahuntsic-Cartierville,2021-06-10T14:09:05,-73.673332445,45.54345566
21-148349,Plainte,Rivière-des-Prairies - Pointe-aux-Trembles,Rivière-des-Prairies-Pointe-aux-Trembles,2021-06-10T14:10:34,-73.49769261105654,45.6638450346957
21-148373,Plainte,Villeray-Saint-Michel - Parc-Extension,Villeray-Saint-Michel-Parc-Extension,2021-06-10T14:21:44,-73.623358096,45.546452899
21-148075,Plainte,Rivière-des-Prairies - Pointe-aux-Trembles,Rivière-des-Prairies-Pointe-aux-Trembles,2021-06-10T12:21:16,-73.5516935048575,45.66176657706399
21-14852,Plainte,Le Plateau-Mont-Royal,Le Plateau-Mont-Royal,2021-01-20T09:16:47,-73.57621319621227,45.53118576397708
21-14871,Plainte,Villeray-Saint-Michel - Parc-Extension,Villeray-Saint-Michel-Parc-Extension,2021-01-20T09:24:47,-73.59838072296037,45.563727245373
21-148552,Plainte,Le Sud-Ouest,Le Sud-Ouest,2021-06-10T15:30:42,-73.56113771320382,45.49508709083577
21-148743,Plainte,Ahuntsic - Cartierville,Ahuntsic-Cartierville,2021-06-10T16:55:16,-73.67332676459876,45.54345428826228
21-148563,Plainte,Villeray-Saint-Michel - Parc-Extension,Villeray-Saint-Michel-Parc-Extension,2021-06-10T15:34:42,-73.6236856283433,45.54306128377154
21-148736,Plainte,Montréal-Nord,Montréal-Nord,2021-06-10T16:52:32,-73.61747749753012,45.6031422438364
21-148714,Plainte,Le Plateau-Mont-Royal,Le Plateau-Mont-Royal,2021-06-10T16:40:09,-73.57776006726313,45.52954205018391
21-148771,Plainte,Pierrefonds - Roxboro,Pierrefonds-Roxboro,2021-06-10T17:14:06,-73.86094172407293,45.4738713651178
21-149093,Plainte,Mercier - Hochelaga-Maisonneuve,Mercier-Hochelaga-Maisonneuve,2021-06-11T09:19:47,-73.51535619731023,45.59478457849816
21-148872,Plainte,Outremont,Outremont,2021-06-10T19:15:53,-73.61215831110566,45.521338811208444
21-149053,Plainte,LaSalle,LaSalle,2021-06-11T09:05:44,-73.61323781393949,45.43191800509522
21-148877,Plainte,L'Île-Bizard - Sainte-Geneviève,L'Île-Bizard-Sainte-Geneviève,2021-06-10T19:25:03,-73.88020887848295,45.4862146067007
21-148901,Plainte,Saint-Léonard,Saint-Léonard,2021-06-10T20:03:27,-73.594217765,45.582895932
21-14897,Plainte,Ahuntsic - Cartierville,Ahuntsic-Cartierville,2021-01-20T09:38:46,-73.66835648852991,45.53969992420864
21-149012,Plainte,Ahuntsic - Cartierville,Ahuntsic-Cartierville,2021-06-11T08:49:41,-73.67028082277662,45.53876214885877
21-149148,Plainte,Le Sud-Ouest,Le Sud-Ouest,2021-06-11T09:40:31,-73.56054755212689,45.48272353810497
21-14912,Plainte,Le Plateau-Mont-Royal,Le Plateau-Mont-Royal,2021-01-20T09:43:25,-73.570973901293,45.52735020091507
21-14920,Plainte,Le Plateau-Mont-Royal,Le Plateau-Mont-Royal,2021-01-20T09:45:44,-73.580671907,45.538136367
21-14919,Plainte,Mercier - Hochelaga-Maisonneuve,Mercier-Hochelaga-Maisonneuve,2021-01-20T09:45:29,-73.519462528,45.590938057
21-149287,Plainte,Mercier - Hochelaga-Maisonneuve,Mercier-Hochelaga-Maisonneuve,2021-06-11T10:27:53,-73.54126861737281,45.53831563961997
21-14922,Plainte,Rivière-des-Prairies - Pointe-aux-Trembles,Rivière-des-Prairies-Pointe-aux-Trembles,2021-01-20T09:45:51,-73.582703854,45.637805494
21-149243,Plainte,Côte-des-Neiges - Notre-Dame-de-Grâce,Côte-des-Neiges-Notre-Dame-de-Grâce,2021-06-11T10:11:48,-73.60855023837401,45.47455080681586
21-149270,Plainte,Côte-des-Neiges - Notre-Dame-de-Grâce,Côte-des-Neiges-Notre-Dame-de-Grâce,2021-06-11T10:22:07,-73.63782591422112,45.498680539348285
21-149324,Plainte,Le Plateau-Mont-Royal,Le Plateau-Mont-Royal,2021-06-11T10:41:28,-73.59079570565522,45.525330312167895
21-149435,Plainte,Ville-Marie,Ville-Marie,2021-06-11T11:11:14,-73.553121375,45.530983878
21-149342,Plainte,Montréal-Nord,Montréal-Nord,2021-06-11T10:46:04,-73.61747749753012,45.6031422438364
21-149422,Plainte,Rivière-des-Prairies - Pointe-aux-Trembles,Rivière-des-Prairies-Pointe-aux-Trembles,2021-06-11T11:06:52,-73.49044864333436,45.65021522175994
21-149597,Plainte,Ville-Marie,Ville-Marie,2021-06-11T12:17:35,-73.548734597,45.524050765
21-149445,Plainte,Montréal-Nord,Montréal-Nord,2021-06-11T11:15:49,-73.61616376024378,45.61748782509517
21-149529,Plainte,Ville-Marie,Ville-Marie,2021-06-11T11:48:47,-73.547099149,45.520195609
21-149557,Plainte,Lachine,Lachine,2021-06-11T11:57:14,-73.64933193746307,45.44407303415198
21-149452,Plainte,Montréal-Nord,Montréal-Nord,2021-06-11T11:17:51,-73.62362522414912,45.61835412104603
21-149453,Plainte,Rosemont - La Petite-Patrie,Rosemont-La Petite-Patrie,2021-06-11T11:19:42,-73.566829867,45.570280785
21-149547,Plainte,Montréal-Nord,Montréal-Nord,2021-06-11T11:54:19,-73.636685198,45.60794096
21-149568,Plainte,Outremont,Outremont,2021-06-11T12:02:16,-73.60884983273439,45.52281569929799
21-149591,Plainte,Ville-Marie,Ville-Marie,2021-06-11T12:14:59,-73.54935153552823,45.52270148136991
21-149599,Plainte,Côte-des-Neiges - Notre-Dame-de-Grâce,Côte-des-Neiges-Notre-Dame-de-Grâce,2021-06-11T12:17:51,-73.62229789093965,45.504361115193376
21-149732,Plainte,Le Plateau-Mont-Royal,Le Plateau-Mont-Royal,2021-06-11T13:38:03,-73.59996331929938,45.52293578590578
21-149669,Plainte,Le Sud-Ouest,Le Sud-Ouest,2021-06-11T12:59:28,-73.5608224067507,45.48196472390335
21-149690,Plainte,Lachine,Lachine,2021-06-11T13:14:57,-73.68110688473027,45.432960569267664
21-149726,Plainte,Rosemont - La Petite-Patrie,Rosemont-La Petite-Patrie,2021-06-11T13:36:03,-73.6173253521527,45.53181216590124
21-149773,Plainte,Rosemont - La Petite-Patrie,Rosemont-La Petite-Patrie,2021-06-11T13:56:41,-73.57472435839891,45.5483626707271
21-149918,Plainte,Rivière-des-Prairies - Pointe-aux-Trembles,Rivière-des-Prairies-Pointe-aux-Trembles,2021-06-11T14:58:15,-73.60093507731752,45.62443436001196
21-149781,Plainte,Villeray-Saint-Michel - Parc-Extension,Villeray-Saint-Michel-Parc-Extension,2021-06-11T14:01:07,-73.5923493633639,45.56330563463799
21-149947,Plainte,Mercier - Hochelaga-Maisonneuve,Mercier-Hochelaga-Maisonneuve,2021-06-11T15:15:18,-73.51779487556512,45.59119979198937
21-150029,Plainte,Montréal-Nord,Montréal-Nord,2021-06-11T15:54:57,-73.63977509675762,45.58554919685019
21-149951,Plainte,Mercier - Hochelaga-Maisonneuve,Mercier-Hochelaga-Maisonneuve,2021-06-11T15:15:49,-73.51779487556512,45.59119979198937
21-149954,Plainte,Mercier - Hochelaga-Maisonneuve,Mercier-Hochelaga-Maisonneuve,2021-06-11T15:18:58,-73.51779487556512,45.59119979198937
21-150089,Plainte,Rosemont - La Petite-Patrie,Rosemont-La Petite-Patrie,2021-06-11T16:32:38,-73.60594412481555,45.538328860785725
21-150051,Plainte,Mercier - Hochelaga-Maisonneuve,Mercier-Hochelaga-Maisonneuve,2021-06-11T16:05:53,-73.541818479,45.575238093
21-15005,Plainte,Mercier - Hochelaga-Maisonneuve,Mercier-Hochelaga-Maisonneuve,2021-01-20T10:17:11,-73.52016254626982,45.60719939799979
21-150071,Plainte,Villeray-Saint-Michel - Parc-Extension,Villeray-Saint-Michel-Parc-Extension,2021-06-11T16:19:59,-73.5999154641738,45.56374689839644
21-150108,Plainte,Rosemont - La Petite-Patrie,Rosemont-La Petite-Patrie,2021-06-11T16:46:13,-73.57335595171264,45.55376609314846
21-150103,Plainte,Le Plateau-Mont-Royal,Le Plateau-Mont-Royal,2021-06-11T16:43:14,-73.580127659,45.527024979
21-150575,Plainte,Villeray-Saint-Michel - Parc-Extension,Villeray-Saint-Michel-Parc-Extension,2021-06-12T17:25:09,-73.611273297,45.553053277
21-150533,Plainte,Rosemont - La Petite-Patrie,Rosemont-La Petite-Patrie,2021-06-12T15:23:09,-73.59737355497299,45.53488668267025
21-15065,Plainte,Villeray-Saint-Michel - Parc-Extension,Villeray-Saint-Michel-Parc-Extension,2021-01-20T10:43:10,-73.60344627724751,45.56102477624352
21-150652,Plainte,Le Sud-Ouest,Le Sud-Ouest,2021-06-13T09:13:36,-73.582038686,45.470057961
21-150750,Plainte,Le Plateau-Mont-Royal,Le Plateau-Mont-Royal,2021-06-13T12:02:15,-73.575488514,45.515874531
21-150701,Plainte,Verdun,Verdun,2021-06-13T10:59:16,-73.58281793826522,45.43766999463482
21-150775,Plainte,Ville-Marie,Ville-Marie,2021-06-13T12:42:24,-73.55825184698904,45.53856862425115
21-150779,Plainte,Ahuntsic - Cartierville,Ahuntsic-Cartierville,2021-06-13T12:48:00,-73.71506653598848,45.53622220853999
21-150796,Plainte,Montréal-Nord,Montréal-Nord,2021-06-13T13:13:20,-73.61510631825757,45.61803894370971
21-15080,Plainte,Mercier - Hochelaga-Maisonneuve,Mercier-Hochelaga-Maisonneuve,2021-01-20T10:51:57,-73.50870759762029,45.586978805623446
21-151110,Plainte,Ahuntsic - Cartierville,Ahuntsic-Cartierville,2021-06-14T09:06:36,-73.65768371278413,45.56365944867492
21-151452,Plainte,Saint-Léonard,Saint-Léonard,2021-06-14T10:43:06,-73.61779955856619,45.596214881687416
21-151140,Plainte,Ville-Marie,Ville-Marie,2021-06-14T09:17:01,-73.547099149,45.520195609
21-151234,Plainte,Saint-Léonard,Saint-Léonard,2021-06-14T09:44:17,-73.56916004150416,45.58557982229885
21-151362,Plainte,Le Sud-Ouest,Le Sud-Ouest,2021-06-14T10:19:35,-73.55796001175064,45.494281428875
21-151121,Plainte,Rosemont - La Petite-Patrie,Rosemont-La Petite-Patrie,2021-06-14T09:11:43,-73.606916783,45.531916266
21-151207,Plainte,Villeray-Saint-Michel - Parc-Extension,Villeray-Saint-Michel-Parc-Extension,2021-06-14T09:35:11,-73.626261382,45.527371359
21-151253,Plainte,Rivière-des-Prairies - Pointe-aux-Trembles,Rivière-des-Prairies-Pointe-aux-Trembles,2021-06-14T09:49:51,-73.49008389808289,45.69784018513016
21-151316,Plainte,Côte-des-Neiges - Notre-Dame-de-Grâce,Côte-des-Neiges-Notre-Dame-de-Grâce,2021-06-14T10:08:01,-73.64678443174698,45.46606143155846
21-151645,Plainte,Le Plateau-Mont-Royal,Le Plateau-Mont-Royal,2021-06-14T11:38:46,-73.60674575,45.527795893
21-151526,Plainte,Rosemont - La Petite-Patrie,Rosemont-La Petite-Patrie,2021-06-14T11:01:46,-73.601310018,45.540761932
21-151968,Plainte,LaSalle,LaSalle,2021-06-14T13:37:46,-73.62599101396191,45.41868812109293
21-151722,Plainte,Le Plateau-Mont-Royal,Le Plateau-Mont-Royal,2021-06-14T12:00:22,-73.605900808,45.526493524
21-151930,Plainte,Rosemont - La Petite-Patrie,Rosemont-La Petite-Patrie,2021-06-14T13:26:36,-73.55749421408592,45.55045518965581
21-151663,Plainte,LaSalle,LaSalle,2021-06-14T11:42:21,-73.64343709008617,45.43252738212224
21-151889,Plainte,Le Plateau-Mont-Royal,Le Plateau-Mont-Royal,2021-06-14T13:10:33,-73.58564631637599,45.537514376358494
21-15197,Plainte,Ahuntsic - Cartierville,Ahuntsic-Cartierville,2021-01-20T11:57:10,-73.65213278557016,45.56394029484347
21-15223,Plainte,Ahuntsic - Cartierville,Ahuntsic-Cartierville,2021-01-20T12:18:42,-73.714282942,45.526452419
21-151988,Plainte,Villeray-Saint-Michel - Parc-Extension,Villeray-Saint-Michel-Parc-Extension,2021-06-14T13:46:24,-73.62336864448312,45.53442293366918
21-152086,Plainte,Ahuntsic - Cartierville,Ahuntsic-Cartierville,2021-06-14T14:17:00,-73.72844072691855,45.52742854817728
21-152117,Plainte,Côte-des-Neiges - Notre-Dame-de-Grâce,Côte-des-Neiges-Notre-Dame-de-Grâce,2021-06-14T14:25:26,-73.61975560189303,45.46696997334436
21-151973,Plainte,Villeray-Saint-Michel - Parc-Extension,Villeray-Saint-Michel-Parc-Extension,2021-06-14T13:39:50,-73.61779037147743,45.52829342195336
21-152124,Plainte,Lachine,Lachine,2021-06-14T14:26:52,-73.693916626,45.433240666
21-15219,Plainte,Ahuntsic - Cartierville,Ahuntsic-Cartierville,2021-01-20T12:16:14,-73.65193099692071,45.561193261077335
21-152246,Plainte,LaSalle,LaSalle,2021-06-14T15:12:13,-73.59640041266154,45.43594437074299
21-152380,Plainte,Rosemont - La Petite-Patrie,Rosemont-La Petite-Patrie,2021-06-14T16:12:09,-73.56812357000453,45.55081769237992
21-152342,Plainte,Le Plateau-Mont-Royal,Le Plateau-Mont-Royal,2021-06-14T15:56:12,-73.58039582425683,45.52673776811415
21-152293,Plainte,Côte-des-Neiges - Notre-Dame-de-Grâce,Côte-des-Neiges-Notre-Dame-de-Grâce,2021-06-14T15:34:29,-73.62072761238738,45.50889679235514
21-152334,Plainte,Ahuntsic - Cartierville,Ahuntsic-Cartierville,2021-06-14T15:53:21,-73.64907256603901,45.56624035031312
21-152362,Plainte,Lachine,Lachine,2021-06-14T16:05:00,-73.69352236450523,45.43915865390545
21-152519,Plainte,L'Île-Bizard - Sainte-Geneviève,L'Île-Bizard-Sainte-Geneviève,2021-06-14T17:51:13,-73.87069052101475,45.477589859190005
21-152436,Plainte,L'Île-Bizard - Sainte-Geneviève,L'Île-Bizard-Sainte-Geneviève,2021-06-14T16:39:27,-73.87069052101475,45.477589859190005
21-152414,Plainte,Rivière-des-Prairies - Pointe-aux-Trembles,Rivière-des-Prairies-Pointe-aux-Trembles,2021-06-14T16:28:32,-73.56087175301036,45.6391920054552
21-152486,Plainte,LaSalle,LaSalle,2021-06-14T17:06:13,-73.60029590835758,45.43428565542113
21-152492,Plainte,Outremont,Outremont,2021-06-14T17:09:18,-73.60691293885482,45.51808442941142
21-152736,Plainte,Ville-Marie,Ville-Marie,2021-06-15T08:58:51,-73.5965237503507,45.49207940295516
21-152533,Plainte,Rivière-des-Prairies - Pointe-aux-Trembles,Rivière-des-Prairies-Pointe-aux-Trembles,2021-06-14T18:09:45,-73.56087175301036,45.6391920054552
21-152699,Plainte,Ahuntsic - Cartierville,Ahuntsic-Cartierville,2021-06-15T08:46:55,-73.72457477070645,45.52903695157823
21-152745,Plainte,Montréal-Nord,Montréal-Nord,2021-06-15T09:00:45,-73.641104944,45.589318938
21-152679,Plainte,Rosemont - La Petite-Patrie,Rosemont-La Petite-Patrie,2021-06-15T08:39:14,-73.60847395,45.535573513
21-152684,Plainte,Verdun,Verdun,2021-06-15T08:39:59,-73.56970996786318,45.46290104052758
21-15273,Plainte,Mercier - Hochelaga-Maisonneuve,Mercier-Hochelaga-Maisonneuve,2021-01-20T13:08:24,-73.55124219711917,45.583764200051526
21-152794,Plainte,Montréal-Nord,Montréal-Nord,2021-06-15T09:15:58,-73.62871562336785,45.59147289080201
21-152771,Plainte,Lachine,Lachine,2021-06-15T09:09:56,-73.6971771072872,45.439302159582375
21-152960,Plainte,Ahuntsic - Cartierville,Ahuntsic-Cartierville,2021-06-15T10:02:55,-73.70651926891009,45.53893562753112
21-1529,Plainte,Le Sud-Ouest,Le Sud-Ouest,2021-01-04T14:31:28,-73.5685145127144,45.48697845914258
21-152944,Plainte,Montréal-Nord,Montréal-Nord,2021-06-15T09:57:59,-73.62650230620882,45.6064745957118
21-152982,Plainte,Villeray-Saint-Michel - Parc-Extension,Villeray-Saint-Michel-Parc-Extension,2021-06-15T10:09:15,-73.59213897581351,45.56764951390447
21-153004,Plainte,Le Sud-Ouest,Le Sud-Ouest,2021-06-15T10:13:46,-73.575576236,45.486211947
21-153159,Plainte,Montréal-Nord,Montréal-Nord,2021-06-15T10:57:32,-73.62398687012572,45.60188361956685
21-153043,Plainte,Montréal-Nord,Montréal-Nord,2021-06-15T10:22:33,-73.648818976,45.584859644
21-153391,Plainte,Côte-des-Neiges - Notre-Dame-de-Grâce,Côte-des-Neiges-Notre-Dame-de-Grâce,2021-06-15T12:16:12,-73.65455203199632,45.460411634598834
21-153377,Plainte,Le Sud-Ouest,Le Sud-Ouest,2021-06-15T12:09:48,-73.5596405290376,45.48304413367544
21-153251,Plainte,Rosemont - La Petite-Patrie,Rosemont-La Petite-Patrie,2021-06-15T11:24:21,-73.58373556249416,45.56967050849097
21-1533,Plainte,LaSalle,LaSalle,2021-01-04T14:35:36,-73.59782355768075,45.43123037031207
21-153321,Plainte,Ville-Marie,Ville-Marie,2021-06-15T11:46:15,-73.580195501,45.498145751
21-153322,Plainte,Lachine,Lachine,2021-06-15T11:46:15,-73.69375492404794,45.43587335862727
21-15336,Plainte,Rosemont - La Petite-Patrie,Rosemont-La Petite-Patrie,2021-01-20T13:50:20,-73.594947507,45.553428154
21-153545,Plainte,Rivière-des-Prairies - Pointe-aux-Trembles,Rivière-des-Prairies-Pointe-aux-Trembles,2021-06-15T13:19:44,-73.53816809038726,45.67052812090559
21-15344,Plainte,Côte-des-Neiges - Notre-Dame-de-Grâce,Côte-des-Neiges-Notre-Dame-de-Grâce,2021-01-20T13:55:01,-73.63817901797054,45.47244953505757
21-153663,Plainte,Le Plateau-Mont-Royal,Le Plateau-Mont-Royal,2021-06-15T14:06:03,-73.58055495831259,45.5402439211224
21-153559,Plainte,Lachine,Lachine,2021-06-15T13:23:55,-73.68110688473027,45.432960569267664
21-153634,Plainte,Villeray-Saint-Michel - Parc-Extension,Villeray-Saint-Michel-Parc-Extension,2021-06-15T13:51:24,-73.62336864448312,45.53442293366918
21-154339,Plainte,Pierrefonds - Roxboro,Pierrefonds-Roxboro,2021-06-16T08:59:07,-73.85850630415462,45.48119686389703
21-153861,Plainte,Saint-Laurent,Saint-Laurent,2021-06-15T15:28:25,-73.7088632552485,45.52158829456425
21-153896,Plainte,Côte-des-Neiges - Notre-Dame-de-Grâce,Côte-des-Neiges-Notre-Dame-de-Grâce,2021-06-15T15:40:48,-73.62255868278136,45.49646187488279
21-15396,Plainte,Le Plateau-Mont-Royal,Le Plateau-Mont-Royal,2021-01-20T14:22:47,-73.57195093471262,45.509717516161984
21-154047,Plainte,Saint-Léonard,Saint-Léonard,2021-06-15T16:58:28,-73.58253966478262,45.58565467714356
21-154291,Plainte,Ahuntsic - Cartierville,Ahuntsic-Cartierville,2021-06-16T08:44:02,-73.65304971999515,45.56551444320797
21-154292,Plainte,Mercier - Hochelaga-Maisonneuve,Mercier-Hochelaga-Maisonneuve,2021-06-16T08:44:07,-73.55193083962608,45.54352636861612
21-154355,Plainte,Pierrefonds - Roxboro,Pierrefonds-Roxboro,2021-06-16T09:03:12,-73.85850630415462,45.48119686389703
21-15434,Plainte,Verdun,Verdun,2021-01-20T14:41:42,-73.54165767772528,45.461819525745206
21-15443,Plainte,Côte-des-Neiges - Notre-Dame-de-Grâce,Côte-des-Neiges-Notre-Dame-de-Grâce,2021-01-20T14:46:26,-73.6197841020836,45.50224187692076
21-154358,Plainte,Le Plateau-Mont-Royal,Le Plateau-Mont-Royal,2021-06-16T09:04:36,-73.57161765949667,45.53047217437378
21-154374,Plainte,Saint-Léonard,Saint-Léonard,2021-06-16T09:08:44,-73.58728186614712,45.59427935865681
21-154512,Plainte,Mercier - Hochelaga-Maisonneuve,Mercier-Hochelaga-Maisonneuve,2021-06-16T09:47:18,-73.53450416461797,45.596335793832914
21-154468,Plainte,Rivière-des-Prairies - Pointe-aux-Trembles,Rivière-des-Prairies-Pointe-aux-Trembles,2021-06-16T09:34:47,-73.50706663812771,45.63910331228468
21-154478,Plainte,Villeray-Saint-Michel - Parc-Extension,Villeray-Saint-Michel-Parc-Extension,2021-06-16T09:38:36,-73.62369154356195,45.53674806954128
21-1545,Plainte,Montréal-Nord,Montréal-Nord,2021-01-04T14:46:22,-73.62245608925767,45.62424810529633
21-154592,Plainte,Lachine,Lachine,2021-06-16T10:13:40,-73.7070704134756,45.44183558112376
21-15454,Plainte,Mercier - Hochelaga-Maisonneuve,Mercier-Hochelaga-Maisonneuve,2021-01-20T14:51:52,-73.520233385,45.595095582
21-154563,Plainte,Ahuntsic - Cartierville,Ahuntsic-Cartierville,2021-06-16T10:02:36,-73.63795242660039,45.54673569606701
21-154568,Plainte,Rivière-des-Prairies - Pointe-aux-Trembles,Rivière-des-Prairies-Pointe-aux-Trembles,2021-06-16T10:05:42,-73.50706663812771,45.63910331228468
21-15453,Plainte,Rivière-des-Prairies - Pointe-aux-Trembles,Rivière-des-Prairies-Pointe-aux-Trembles,2021-01-20T14:51:08,-73.55788701520308,45.660919714644834
21-154570,Plainte,Le Plateau-Mont-Royal,Le Plateau-Mont-Royal,2021-06-16T10:06:28,-73.56956296420009,45.536457692922966
21-1546,Plainte,LaSalle,LaSalle,2021-01-04T14:47:11,-73.59782355768075,45.43123037031207
21-154605,Plainte,Ahuntsic - Cartierville,Ahuntsic-Cartierville,2021-06-16T10:18:46,-73.6605499355405,45.54830918697905
21-154671,Plainte,Rivière-des-Prairies - Pointe-aux-Trembles,Rivière-des-Prairies-Pointe-aux-Trembles,2021-06-16T10:42:59,-73.50366368596792,45.63682322169216
21-154750,Plainte,L'Île-Bizard - Sainte-Geneviève,L'Île-Bizard-Sainte-Geneviève,2021-06-16T11:05:58,-73.91068592779071,45.50685574806284
21-154830,Plainte,Rosemont - La Petite-Patrie,Rosemont-La Petite-Patrie,2021-06-16T11:35:06,-73.58007192768095,45.57443770352275
21-15477,Plainte,Montréal-Nord,Montréal-Nord,2021-01-20T15:05:01,-73.64606740453607,45.58355229933932
21-154981,Plainte,Villeray-Saint-Michel - Parc-Extension,Villeray-Saint-Michel-Parc-Extension,2021-06-16T12:32:40,-73.5951412076273,45.56310461592772
21-154842,Plainte,Rosemont - La Petite-Patrie,Rosemont-La Petite-Patrie,2021-06-16T11:37:50,-73.58007192768095,45.57443770352275
21-154868,Plainte,Le Plateau-Mont-Royal,Le Plateau-Mont-Royal,2021-06-16T11:44:43,-73.59079570565522,45.525330312167895
21-154968,Plainte,Montréal-Nord,Montréal-Nord,2021-06-16T12:28:53,-73.615774266,45.60919402
21-155542,Plainte,Ville-Marie,Ville-Marie,2021-06-16T17:14:02,-73.55514072328623,45.50133549312259
21-15517,Plainte,Rivière-des-Prairies - Pointe-aux-Trembles,Rivière-des-Prairies-Pointe-aux-Trembles,2021-01-20T15:27:15,-73.50100068382066,45.67468456172352
21-155216,Plainte,Villeray-Saint-Michel - Parc-Extension,Villeray-Saint-Michel-Parc-Extension,2021-06-16T14:23:12,-73.60614448215345,45.57388424215363
21-155359,Plainte,Saint-Léonard,Saint-Léonard,2021-06-16T15:30:05,-73.59238776842439,45.58974680348289
21-155374,Plainte,Pierrefonds - Roxboro,Pierrefonds-Roxboro,2021-06-16T15:34:06,-73.838449002,45.500657724
21-155016,Plainte,Pierrefonds - Roxboro,Pierrefonds-Roxboro,2021-06-16T12:50:03,-73.8581155025681,45.4756506848142
21-155159,Plainte,Le Sud-Ouest,Le Sud-Ouest,2021-06-16T14:00:39,-73.59788990722332,45.448790179640135
21-155246,Plainte,Villeray-Saint-Michel - Parc-Extension,Villeray-Saint-Michel-Parc-Extension,2021-06-16T14:38:52,-73.62790374283074,45.57348470131021
21-155824,Plainte,Ahuntsic - Cartierville,Ahuntsic-Cartierville,2021-06-17T08:52:28,-73.667181993,45.56002052
21-15559,Plainte,Villeray-Saint-Michel - Parc-Extension,Villeray-Saint-Michel-Parc-Extension,2021-01-20T15:54:49,-73.61620738051198,45.54635621980882
21-155636,Plainte,Ville-Marie,Ville-Marie,2021-06-16T18:59:11,-73.55658544893826,45.49772170807224
21-1557,Plainte,LaSalle,LaSalle,2021-01-04T14:59:21,-73.66512241141801,45.43114089688341
21-155602,Plainte,Ahuntsic - Cartierville,Ahuntsic-Cartierville,2021-06-16T18:14:18,-73.65502918627324,45.537893874954776
21-155827,Plainte,Côte-des-Neiges - Notre-Dame-de-Grâce,Côte-des-Neiges-Notre-Dame-de-Grâce,2021-06-17T08:53:26,-73.64566604210424,45.46749754502688
21-155917,Plainte,Lachine,Lachine,2021-06-17T09:25:33,-73.65071259156163,45.44774211271782
21-156622,Plainte,Rosemont - La Petite-Patrie,Rosemont-La Petite-Patrie,2021-06-17T14:02:46,-73.577925959,45.564636554
21-155945,Plainte,Mercier - Hochelaga-Maisonneuve,Mercier-Hochelaga-Maisonneuve,2021-06-17T09:36:03,-73.56340384572673,45.57981166506416
21-155982,Plainte,Saint-Léonard,Saint-Léonard,2021-06-17T09:44:09,-73.59773083870645,45.58428894016698
21-155985,Plainte,Côte-des-Neiges - Notre-Dame-de-Grâce,Côte-des-Neiges-Notre-Dame-de-Grâce,2021-06-17T09:45:37,-73.63104888066218,45.46464259188229
21-155986,Plainte,Rosemont - La Petite-Patrie,Rosemont-La Petite-Patrie,2021-06-17T09:45:41,-73.58469543494839,45.54035601144262
21-156104,Plainte,Ahuntsic - Cartierville,Ahuntsic-Cartierville,2021-06-17T10:23:56,-73.69836518814617,45.542141160198085
21-156146,Plainte,Ahuntsic - Cartierville,Ahuntsic-Cartierville,2021-06-17T10:38:31,-73.69836518814617,45.542141160198085
21-15620,Plainte,Anjou,Anjou,2021-01-20T16:42:37,-73.5495215943696,45.61524585618872
21-156264,Plainte,Côte-des-Neiges - Notre-Dame-de-Grâce,Côte-des-Neiges-Notre-Dame-de-Grâce,2021-06-17T11:17:23,-73.6500638227616,45.45906440974972
21-156356,Plainte,Verdun,Le Sud-Ouest,2021-06-17T11:57:15,-73.560659204,45.47122385
21-15640,Plainte,Ville-Marie,Ville-Marie,2021-01-20T17:06:49,-73.57791600050156,45.49625468974609
21-156403,Plainte,Montréal-Nord,Montréal-Nord,2021-06-17T12:20:34,-73.62703393401932,45.60809327592936
21-156442,Plainte,Côte-des-Neiges - Notre-Dame-de-Grâce,Côte-des-Neiges-Notre-Dame-de-Grâce,2021-06-17T12:45:15,-73.64721423677672,45.470622472975045
21-156532,Plainte,Rosemont - La Petite-Patrie,Rosemont-La Petite-Patrie,2021-06-17T13:25:02,-73.58443777057033,45.56268700826633
21-156632,Plainte,Villeray-Saint-Michel - Parc-Extension,Villeray-Saint-Michel-Parc-Extension,2021-06-17T14:08:40,-73.62475354113015,45.52992252243281
21-155903,Plainte,Ville-Marie,Ville-Marie,2021-06-17T09:20:16,-73.557068239,45.528390916
21-155975,Plainte,Côte-des-Neiges - Notre-Dame-de-Grâce,Côte-des-Neiges-Notre-Dame-de-Grâce,2021-06-17T09:42:10,-73.63104888066218,45.46464259188229
21-156021,Plainte,Saint-Laurent,Saint-Laurent,2021-06-17T09:57:06,-73.68153878232972,45.51402104387094
21-15614,Plainte,Saint-Léonard,Saint-Léonard,2021-01-20T16:39:08,-73.60452097948112,45.60027815573903
21-156277,Plainte,Le Plateau-Mont-Royal,Le Plateau-Mont-Royal,2021-06-17T11:23:12,-73.57842477799389,45.52150188359448
21-15649,Plainte,Villeray-Saint-Michel - Parc-Extension,Villeray-Saint-Michel-Parc-Extension,2021-01-20T17:19:21,-73.61847777781631,45.56973519701247
21-156577,Plainte,Le Sud-Ouest,Le Sud-Ouest,2021-06-17T13:44:04,-73.58965224877983,45.455588420532266
21-15659,Plainte,Rosemont - La Petite-Patrie,Rosemont-La Petite-Patrie,2021-01-20T17:36:18,-73.58373556249416,45.56967050849097
21-156711,Plainte,Ahuntsic - Cartierville,Ahuntsic-Cartierville,2021-06-17T14:46:19,-73.65013165741625,45.56323007069751
21-156756,Plainte,Pierrefonds - Roxboro,Pierrefonds-Roxboro,2021-06-17T15:05:38,-73.77309157651824,45.50508451207455
21-156703,Plainte,Ahuntsic - Cartierville,Ahuntsic-Cartierville,2021-06-17T14:43:08,-73.65013165741625,45.56323007069751
21-156924,Plainte,Ahuntsic - Cartierville,Ahuntsic-Cartierville,2021-06-17T16:20:36,-73.68727825299383,45.530536316411336
21-156798,Plainte,Ville-Marie,Ville-Marie,2021-06-17T15:21:53,-73.55378874538229,45.53057078289309
21-156863,Plainte,Ville-Marie,Ville-Marie,2021-06-17T15:47:53,-73.58441248147301,45.49128701639786
21-156891,Plainte,Lachine,Lachine,2021-06-17T16:00:58,-73.64772937971237,45.4439061951336
21-156895,Plainte,Saint-Léonard,Saint-Léonard,2021-06-17T16:02:26,-73.60789509787614,45.59123739878853
21-15692,Plainte,Rosemont - La Petite-Patrie,Rosemont-La Petite-Patrie,2021-01-20T18:21:37,-73.607155128,45.531303838
21-156722,Plainte,Rivière-des-Prairies - Pointe-aux-Trembles,Rivière-des-Prairies-Pointe-aux-Trembles,2021-06-17T14:52:20,-73.50386578555863,45.68085742974887
21-156803,Plainte,Le Plateau-Mont-Royal,Le Plateau-Mont-Royal,2021-06-17T15:23:32,-73.571318116,45.520605927
21-15681,Plainte,Montréal-Nord,Montréal-Nord,2021-01-20T18:04:44,-73.64703124771101,45.58294729771171
21-156852,Plainte,Pierrefonds - Roxboro,Pierrefonds-Roxboro,2021-06-17T15:44:08,-73.77204402758989,45.50529915366474
21-156911,Plainte,LaSalle,LaSalle,2021-06-17T16:11:29,-73.587626069,45.435247854
21-156967,Plainte,Rosemont - La Petite-Patrie,Rosemont-La Petite-Patrie,2021-06-17T16:53:44,-73.575572701,45.546975901
21-15703,Plainte,Villeray-Saint-Michel - Parc-Extension,Villeray-Saint-Michel-Parc-Extension,2021-01-20T19:01:28,-73.62044889341672,45.539649857802026
21-156982,Plainte,Le Plateau-Mont-Royal,Le Plateau-Mont-Royal,2021-06-17T17:02:59,-73.56865455107645,45.535666073626565
21-156983,Plainte,Rosemont - La Petite-Patrie,Rosemont-La Petite-Patrie,2021-06-17T17:03:28,-73.60237506294756,45.54495301979379
21-157031,Plainte,LaSalle,LaSalle,2021-06-17T17:51:44,-73.64201473405436,45.43222741765516
21-157083,Plainte,Le Sud-Ouest,Le Sud-Ouest,2021-06-17T19:01:18,-73.58675651466395,45.47727043800985
21-15716,Plainte,Villeray-Saint-Michel - Parc-Extension,Villeray-Saint-Michel-Parc-Extension,2021-01-20T19:35:33,-73.62806775545509,45.54143323799532
21-157208,Plainte,Montréal-Nord,Montréal-Nord,2021-06-18T07:59:10,-73.64557216183529,45.59448982299765
21-15717,Plainte,Montréal-Nord,Montréal-Nord,2021-01-20T19:47:50,-73.619495749,45.606338971
21-157276,Plainte,Montréal-Nord,Montréal-Nord,2021-06-18T08:50:12,-73.64407370156992,45.59109285919541
21-157331,Plainte,Le Plateau-Mont-Royal,Le Plateau-Mont-Royal,2021-06-18T09:06:32,-73.58671849918599,45.53333213258199
21-157339,Plainte,Villeray-Saint-Michel - Parc-Extension,Villeray-Saint-Michel-Parc-Extension,2021-06-18T09:09:17,-73.59536039514906,45.56836921089709
21-157692,Plainte,Pierrefonds - Roxboro,Pierrefonds-Roxboro,2021-06-18T11:08:02,-73.81295427341769,45.500351521506566
21-157439,Plainte,Villeray-Saint-Michel - Parc-Extension,Villeray-Saint-Michel-Parc-Extension,2021-06-18T09:45:44,-73.62304008628007,45.55175163491561
21-158102,Plainte,Rivière-des-Prairies - Pointe-aux-Trembles,Rivière-des-Prairies-Pointe-aux-Trembles,2021-06-18T14:14:06,-73.61885287386139,45.62954289425778
21-157784,Plainte,Rosemont - La Petite-Patrie,Rosemont-La Petite-Patrie,2021-06-18T11:45:43,-73.58163842019634,45.56313152685522
21-157852,Plainte,Côte-des-Neiges - Notre-Dame-de-Grâce,Côte-des-Neiges-Notre-Dame-de-Grâce,2021-06-18T12:12:55,-73.61975560189303,45.46696997334436
21-157760,Plainte,Rosemont - La Petite-Patrie,Rosemont-La Petite-Patrie,2021-06-18T11:35:41,-73.57125843155002,45.54473251755971
21-157772,Plainte,Ahuntsic - Cartierville,Ahuntsic-Cartierville,2021-06-18T11:40:58,-73.66563027208504,45.54728921492627
21-157825,Plainte,Rivière-des-Prairies - Pointe-aux-Trembles,Rivière-des-Prairies-Pointe-aux-Trembles,2021-06-18T12:03:47,-73.50246919053414,45.63624634800345
21-157892,Plainte,Le Sud-Ouest,Le Sud-Ouest,2021-06-18T12:36:03,-73.579616213,45.483771295
21-157936,Plainte,Côte-des-Neiges - Notre-Dame-de-Grâce,Côte-des-Neiges-Notre-Dame-de-Grâce,2021-06-18T12:58:55,-73.61711694984531,45.510053707276725
21-158009,Plainte,LaSalle,LaSalle,2021-06-18T13:34:36,-73.60255551638743,45.42742188934977
21-158112,Plainte,Villeray-Saint-Michel - Parc-Extension,Villeray-Saint-Michel-Parc-Extension,2021-06-18T14:19:21,-73.62345393531969,45.525281230114615
21-158207,Plainte,Côte-des-Neiges - Notre-Dame-de-Grâce,Côte-des-Neiges-Notre-Dame-de-Grâce,2021-06-18T15:13:24,-73.64807580050585,45.50146591547518
21-158121,Plainte,Rosemont - La Petite-Patrie,Rosemont-La Petite-Patrie,2021-06-18T14:26:56,-73.5693261890474,45.54536558767132
21-158166,Plainte,Le Plateau-Mont-Royal,Le Plateau-Mont-Royal,2021-06-18T14:49:08,-73.60161204377738,45.52540118557432
21-158168,Plainte,Rivière-des-Prairies - Pointe-aux-Trembles,Rivière-des-Prairies-Pointe-aux-Trembles,2021-06-18T14:49:36,-73.51476896997355,45.66446956748261
21-158241,Plainte,Ville-Marie,Ville-Marie,2021-06-18T15:28:58,-73.55986369124447,45.51751795408205
21-158224,Plainte,Ahuntsic - Cartierville,Ahuntsic-Cartierville,2021-06-18T15:21:19,-73.66791347280324,45.55241539441988
21-158260,Plainte,Saint-Léonard,Saint-Léonard,2021-06-18T15:40:57,-73.593808044,45.57211665
21-158289,Plainte,Côte-des-Neiges - Notre-Dame-de-Grâce,Côte-des-Neiges-Notre-Dame-de-Grâce,2021-06-18T15:58:26,-73.62811232785273,45.491528973827705
21-158297,Plainte,Lachine,Lachine,2021-06-18T16:02:28,-73.64838131658571,45.44451284260217
21-158392,Plainte,Ahuntsic - Cartierville,Ahuntsic-Cartierville,2021-06-18T17:34:13,-73.65430551,45.560223726
21-158298,Plainte,Rosemont - La Petite-Patrie,Rosemont-La Petite-Patrie,2021-06-18T16:02:42,-73.58780663782503,45.546261291489614
21-158414,Plainte,Rosemont - La Petite-Patrie,Rosemont-La Petite-Patrie,2021-06-18T18:22:34,-73.56347068261802,45.579698575497545
21-15902,Plainte,Montréal-Nord,Montréal-Nord,2021-01-21T09:15:24,-73.64032864887729,45.59120485240465
21-158647,Plainte,Rosemont - La Petite-Patrie,Rosemont-La Petite-Patrie,2021-06-19T12:37:59,-73.60196041557107,45.54004137963701
21-158417,Plainte,Côte-des-Neiges - Notre-Dame-de-Grâce,Côte-des-Neiges-Notre-Dame-de-Grâce,2021-06-18T18:36:49,-73.6383471097241,45.489076673286974
21-158700,Plainte,Ville-Marie,Ville-Marie,2021-06-19T13:32:46,-73.552616149,45.533690907
21-15925,Plainte,Mercier - Hochelaga-Maisonneuve,Mercier-Hochelaga-Maisonneuve,2021-01-21T09:26:33,-73.51528357008483,45.588983554497446
21-159134,Plainte,Mercier - Hochelaga-Maisonneuve,Mercier-Hochelaga-Maisonneuve,2021-06-20T15:15:50,-73.53672570770284,45.55532612182576
21-159177,Plainte,Verdun,Verdun,2021-06-20T16:56:49,-73.57383056408524,45.45952538755293
21-159278,Plainte,Ville-Marie,Ville-Marie,2021-06-21T08:49:08,-73.55410205255166,45.51610753595371
21-159283,Plainte,Ville-Marie,Ville-Marie,2021-06-21T08:51:00,-73.55410205255166,45.51610753595371
21-159843,Plainte,Anjou,Anjou,2021-06-21T11:37:25,-73.54898257173184,45.59303561231504
21-159369,Plainte,Saint-Léonard,Saint-Léonard,2021-06-21T09:17:57,-73.6070650525624,45.58493407771667
21-159291,Plainte,Côte-des-Neiges - Notre-Dame-de-Grâce,Côte-des-Neiges-Notre-Dame-de-Grâce,2021-06-21T08:53:03,-73.63090143820527,45.484212202818775
21-159371,Plainte,Ville-Marie,Ville-Marie,2021-06-21T09:18:12,-73.55373053116755,45.49847166182545
21-159470,Plainte,Rosemont - La Petite-Patrie,Rosemont-La Petite-Patrie,2021-06-21T09:47:21,-73.59728149430208,45.5451049812276
21-159548,Plainte,Villeray-Saint-Michel - Parc-Extension,Villeray-Saint-Michel-Parc-Extension,2021-06-21T10:05:55,-73.61302549547506,45.55382790639536
21-159725,Plainte,Lachine,Lachine,2021-06-21T10:56:35,-73.70835571284391,45.43882850210651
21-159631,Plainte,Côte-des-Neiges - Notre-Dame-de-Grâce,Côte-des-Neiges-Notre-Dame-de-Grâce,2021-06-21T10:33:38,-73.64730957609947,45.46538641362175
21-160034,Plainte,Montréal-Nord,Montréal-Nord,2021-06-21T12:54:36,-73.64782268505574,45.59155163748714
21-159950,Plainte,Mercier - Hochelaga-Maisonneuve,Mercier-Hochelaga-Maisonneuve,2021-06-21T12:16:16,-73.53524912612444,45.60605307023103
21-159878,Plainte,Rivière-des-Prairies - Pointe-aux-Trembles,Rivière-des-Prairies-Pointe-aux-Trembles,2021-06-21T11:47:44,-73.4961105733124,45.63838339285712
21-159902,Plainte,Côte-des-Neiges - Notre-Dame-de-Grâce,Côte-des-Neiges-Notre-Dame-de-Grâce,2021-06-21T11:53:49,-73.62167422940195,45.47352884808063
21-160047,Plainte,Saint-Laurent,Saint-Laurent,2021-06-21T13:01:29,-73.67876629806277,45.5256552244116
21-160101,Plainte,Ville-Marie,Ville-Marie,2021-06-21T13:22:09,-73.553168853,45.5239228
21-160205,Plainte,Pierrefonds - Roxboro,Pierrefonds-Roxboro,2021-06-21T13:52:52,-73.84562400667245,45.51293340298878
21-160418,Plainte,Montréal-Nord,Montréal-Nord,2021-06-21T15:09:00,-73.60899456839364,45.61286333751124
21-160300,Plainte,LaSalle,LaSalle,2021-06-21T14:27:35,-73.59741209848514,45.43249675159751
21-160384,Plainte,Villeray-Saint-Michel - Parc-Extension,Villeray-Saint-Michel-Parc-Extension,2021-06-21T14:58:38,-73.63070209365443,45.57653778509273
21-160583,Plainte,Le Plateau-Mont-Royal,Le Plateau-Mont-Royal,2021-06-21T16:12:02,-73.60734782537654,45.527681032536265
21-160500,Plainte,Le Plateau-Mont-Royal,Le Plateau-Mont-Royal,2021-06-21T15:36:59,-73.60734782537654,45.527681032536265
21-160746,Plainte,Le Plateau-Mont-Royal,Le Plateau-Mont-Royal,2021-06-21T18:19:03,-73.57759424659216,45.511277990111815
21-160681,Plainte,Villeray-Saint-Michel - Parc-Extension,Villeray-Saint-Michel-Parc-Extension,2021-06-21T17:08:05,-73.63064542159245,45.57468997154571
21-161149,Plainte,Le Plateau-Mont-Royal,Le Plateau-Mont-Royal,2021-06-22T09:49:46,-73.5826718127324,45.524241072406
21-16085,Plainte,Rosemont - La Petite-Patrie,Rosemont-La Petite-Patrie,2021-01-21T11:04:42,-73.571159378,45.554614955
21-161094,Plainte,Rosemont - La Petite-Patrie,Rosemont-La Petite-Patrie,2021-06-22T09:33:49,-73.58407616030482,45.568698982446215
21-161098,Plainte,Rivière-des-Prairies - Pointe-aux-Trembles,Rivière-des-Prairies-Pointe-aux-Trembles,2021-06-22T09:34:25,-73.49850901468541,45.654792355968034
21-160816,Plainte,Pierrefonds - Roxboro,Pierrefonds-Roxboro,2021-06-21T20:09:34,-73.8585772648748,45.48816593977044
21-161125,Plainte,Ville-Marie,Ville-Marie,2021-06-22T09:41:36,-73.55629188472027,45.50329704658395
21-161314,Plainte,Ville-Marie,Ville-Marie,2021-06-22T10:38:07,-73.55790582738167,45.53916903140444
21-161428,Plainte,Le Plateau-Mont-Royal,Le Plateau-Mont-Royal,2021-06-22T11:13:55,-73.57375787202292,45.51796962029979
21-161395,Plainte,Rivière-des-Prairies - Pointe-aux-Trembles,Rivière-des-Prairies-Pointe-aux-Trembles,2021-06-22T11:03:15,-73.59476284304733,45.63508169443733
21-161398,Plainte,Montréal-Nord,Montréal-Nord,2021-06-22T11:04:05,-73.61707966331696,45.61314264582043
21-161424,Plainte,Côte-des-Neiges - Notre-Dame-de-Grâce,Côte-des-Neiges-Notre-Dame-de-Grâce,2021-06-22T11:12:12,-73.62242417383506,45.48660857279083
21-16153,Plainte,Villeray-Saint-Michel - Parc-Extension,Rosemont-La Petite-Patrie,2021-01-21T11:41:31,-73.59278382,45.558692201
21-161644,Plainte,Le Sud-Ouest,Le Sud-Ouest,2021-06-22T12:40:30,-73.5685145127144,45.48697845914258
21-161614,Plainte,Le Sud-Ouest,Le Sud-Ouest,2021-06-22T12:28:06,-73.57889803172745,45.48678065629318
21-161615,Plainte,Côte-des-Neiges - Notre-Dame-de-Grâce,Côte-des-Neiges-Notre-Dame-de-Grâce,2021-06-22T12:29:02,-73.6209440074788,45.49574338117296
21-161641,Plainte,Pierrefonds - Roxboro,Pierrefonds-Roxboro,2021-06-22T12:39:34,-73.85898363014314,45.48199567430456
21-161738,Plainte,Le Sud-Ouest,Le Sud-Ouest,2021-06-22T13:17:39,-73.5685145127144,45.48697845914258
21-161731,Plainte,Ville-Marie,Ville-Marie,2021-06-22T13:15:51,-73.57566425902719,45.501352778632096
21-16167,Plainte,Ville-Marie,Ville-Marie,2021-01-21T11:49:30,-73.56155233009586,45.50409013589902
21-16174,Plainte,Ahuntsic - Cartierville,Ahuntsic-Cartierville,2021-01-21T11:51:42,-73.714282942,45.526452419
21-161889,Plainte,Lachine,Lachine,2021-06-22T14:15:58,-73.66849047858243,45.44100651206511
21-161823,Plainte,Ville-Marie,Ville-Marie,2021-06-22T13:53:34,-73.55069856374865,45.52587229310252
21-161963,Plainte,Ahuntsic - Cartierville,Ahuntsic-Cartierville,2021-06-22T14:43:26,-73.66358608146642,45.55062616708482
21-161921,Plainte,Mercier - Hochelaga-Maisonneuve,Mercier-Hochelaga-Maisonneuve,2021-06-22T14:27:58,-73.56357651294421,45.58836196362993
21-161926,Plainte,Ahuntsic - Cartierville,Ahuntsic-Cartierville,2021-06-22T14:28:51,-73.667397892,45.544358193
21-162158,Plainte,Le Plateau-Mont-Royal,Le Plateau-Mont-Royal,2021-06-22T16:08:37,-73.5760918876011,45.522270505098646
21-162027,Plainte,L'Île-Bizard - Sainte-Geneviève,L'Île-Bizard-Sainte-Geneviève,2021-06-22T15:10:39,-73.87580336742843,45.4736762536436
21-162051,Plainte,Mercier - Hochelaga-Maisonneuve,Mercier-Hochelaga-Maisonneuve,2021-06-22T15:18:42,-73.55778333456243,45.58797540852821
21-162123,Plainte,Ahuntsic - Cartierville,Ahuntsic-Cartierville,2021-06-22T15:53:32,-73.66881969466796,45.535862652893385
21-162152,Plainte,Ahuntsic - Cartierville,Ahuntsic-Cartierville,2021-06-22T16:04:35,-73.66881969466796,45.535862652893385
21-162227,Plainte,LaSalle,LaSalle,2021-06-22T16:54:59,-73.62432188567819,45.41607792702344
21-162175,Plainte,Ville-Marie,Ville-Marie,2021-06-22T16:18:56,-73.557657952,45.502760627
21-162213,Plainte,Le Sud-Ouest,Le Sud-Ouest,2021-06-22T16:45:12,-73.57889803172745,45.48678065629318
21-162237,Plainte,Ville-Marie,Ville-Marie,2021-06-22T17:01:20,-73.564190814,45.502229898
21-16223,Plainte,Montréal-Nord,Montréal-Nord,2021-01-21T12:46:10,-73.64834218881659,45.58407963210771
21-162748,Plainte,Villeray-Saint-Michel - Parc-Extension,Villeray-Saint-Michel-Parc-Extension,2021-06-23T10:13:00,-73.63712863110784,45.52892899782796
21-1625,Plainte,Villeray-Saint-Michel - Parc-Extension,Villeray-Saint-Michel-Parc-Extension,2021-01-04T15:53:28,-73.59899402408418,45.56659400264019
21-16253,Plainte,Le Plateau-Mont-Royal,Le Plateau-Mont-Royal,2021-01-21T13:06:47,-73.60324060263302,45.52363580968125
21-162366,Plainte,Saint-Laurent,Saint-Laurent,2021-06-22T19:49:05,-73.74167115242945,45.50971650723879
21-162492,Plainte,Villeray-Saint-Michel - Parc-Extension,Villeray-Saint-Michel-Parc-Extension,2021-06-23T08:40:32,-73.6236856283433,45.54306128377154
21-16271,Plainte,Verdun,Verdun,2021-01-21T13:25:13,-73.58635290101971,45.44716099047638
21-16299,Plainte,Côte-des-Neiges - Notre-Dame-de-Grâce,Côte-des-Neiges-Notre-Dame-de-Grâce,2021-01-21T13:45:04,-73.6252886567919,45.4828661296736
21-162915,Plainte,Montréal-Nord,Montréal-Nord,2021-06-23T11:16:18,-73.62863679675331,45.61422300027044
21-162957,Plainte,Rosemont - La Petite-Patrie,Rosemont-La Petite-Patrie,2021-06-23T11:34:13,-73.58195168768522,45.5472456312672
21-16286,Plainte,Pierrefonds - Roxboro,Pierrefonds-Roxboro,2021-01-21T13:33:43,-73.84818620969796,45.49442058130631
21-162900,Plainte,Rosemont - La Petite-Patrie,Rosemont-La Petite-Patrie,2021-06-23T11:09:16,-73.61311901346231,45.53106937735761
21-162904,Plainte,Pierrefonds - Roxboro,Pierrefonds-Roxboro,2021-06-23T11:10:22,-73.85490920952827,45.5067945596235
21-162978,Plainte,Villeray-Saint-Michel - Parc-Extension,Villeray-Saint-Michel-Parc-Extension,2021-06-23T11:43:02,-73.61557015585151,45.54922426711909
21-163074,Plainte,Rosemont - La Petite-Patrie,Rosemont-La Petite-Patrie,2021-06-23T12:23:00,-73.57812225725925,45.57121700392367
21-163075,Plainte,Le Plateau-Mont-Royal,Le Plateau-Mont-Royal,2021-06-23T12:23:29,-73.58157745814093,45.52685776900928
21-1631,Plainte,Rosemont - La Petite-Patrie,Rosemont-La Petite-Patrie,2021-01-04T15:59:13,-73.616433618,45.528370965
21-163090,Plainte,LaSalle,LaSalle,2021-06-23T12:33:24,-73.62823015394973,45.44812266127244
21-163196,Plainte,Rosemont - La Petite-Patrie,Rosemont-La Petite-Patrie,2021-06-23T13:21:32,-73.57540155804398,45.54725302406393
21-163161,Plainte,Le Plateau-Mont-Royal,Le Plateau-Mont-Royal,2021-06-23T13:08:08,-73.58931352840223,45.53534366107212
21-163384,Plainte,Saint-Léonard,Saint-Léonard,2021-06-23T14:46:25,-73.59773083870645,45.58428894016698
21-163318,Plainte,Ahuntsic - Cartierville,Ahuntsic-Cartierville,2021-06-23T14:20:05,-73.65428705615591,45.55416223583176
21-163345,Plainte,Montréal-Nord,Montréal-Nord,2021-06-23T14:32:22,-73.643904515,45.584774832
21-163193,Plainte,Le Plateau-Mont-Royal,Le Plateau-Mont-Royal,2021-06-23T13:20:42,-73.57603742749777,45.53205141862207
21-163285,Plainte,Le Plateau-Mont-Royal,Le Plateau-Mont-Royal,2021-06-23T14:02:52,-73.58630761391541,45.5184041391246
21-163330,Plainte,L'Île-Bizard - Sainte-Geneviève,L'Île-Bizard-Sainte-Geneviève,2021-06-23T14:27:10,-73.86918361330876,45.481191648532366
21-163421,Plainte,Le Plateau-Mont-Royal,Le Plateau-Mont-Royal,2021-06-23T15:01:01,-73.56220795561197,45.53335225978429
21-163445,Plainte,Le Plateau-Mont-Royal,Le Plateau-Mont-Royal,2021-06-23T15:07:18,-73.59351735091077,45.52007247496883
21-16353,Plainte,Saint-Léonard,Saint-Léonard,2021-01-21T14:16:37,-73.58941514311843,45.594458888378576
21-163555,Plainte,Montréal-Nord,Montréal-Nord,2021-06-23T15:52:04,-73.62767148822854,45.62043216996215
21-163539,Plainte,Villeray-Saint-Michel - Parc-Extension,Villeray-Saint-Michel-Parc-Extension,2021-06-23T15:44:42,-73.63908341902116,45.52866467278035
21-163574,Plainte,Mercier - Hochelaga-Maisonneuve,Mercier-Hochelaga-Maisonneuve,2021-06-23T15:58:04,-73.52956254222379,45.57188133043339
21-163560,Plainte,Ahuntsic - Cartierville,Ahuntsic-Cartierville,2021-06-23T15:54:40,-73.65428705615591,45.55416223583176
21-163721,Plainte,Rivière-des-Prairies - Pointe-aux-Trembles,Rivière-des-Prairies-Pointe-aux-Trembles,2021-06-23T18:26:35,-73.50891631215218,45.64497406678433
21-163686,Plainte,Le Sud-Ouest,Le Sud-Ouest,2021-06-23T17:25:21,-73.588844851,45.477581167
21-163908,Plainte,Saint-Léonard,Saint-Léonard,2021-06-24T09:58:30,-73.60008771589385,45.57649673494439
21-163822,Plainte,Rivière-des-Prairies - Pointe-aux-Trembles,Rivière-des-Prairies-Pointe-aux-Trembles,2021-06-24T07:52:57,-73.56431298118068,45.65299189742208
21-163740,Plainte,Ahuntsic - Cartierville,Ahuntsic-Cartierville,2021-06-23T18:55:53,-73.68722683311992,45.54022501741921
21-163852,Plainte,Ahuntsic - Cartierville,Ahuntsic-Cartierville,2021-06-24T08:44:03,-73.67533427068913,45.55166813771045
21-163875,Plainte,Verdun,Verdun,2021-06-24T09:21:55,-73.552345694,45.466129871
21-164040,Plainte,Villeray-Saint-Michel - Parc-Extension,Villeray-Saint-Michel-Parc-Extension,2021-06-24T12:39:05,-73.60577912349487,45.561116860137176
21-164004,Plainte,Côte-des-Neiges - Notre-Dame-de-Grâce,Côte-des-Neiges-Notre-Dame-de-Grâce,2021-06-24T11:46:29,-73.6133285200352,45.46736511615998
21-163958,Plainte,Ville-Marie,Ville-Marie,2021-06-24T10:51:22,-73.56076496716022,45.49928704231794
21-164017,Plainte,Rosemont - La Petite-Patrie,Rosemont-La Petite-Patrie,2021-06-24T11:59:27,-73.59213594336703,45.5530787404654
21-164035,Plainte,Villeray-Saint-Michel - Parc-Extension,Villeray-Saint-Michel-Parc-Extension,2021-06-24T12:28:52,-73.61747899983311,45.57908476201583
21-164124,Plainte,Verdun,Verdun,2021-06-24T14:48:20,-73.58635290101971,45.44716099047638
21-164071,Plainte,Rivière-des-Prairies - Pointe-aux-Trembles,Rivière-des-Prairies-Pointe-aux-Trembles,2021-06-24T13:08:16,-73.49732135930344,45.65357298672721
21-164091,Plainte,Mercier - Hochelaga-Maisonneuve,Mercier-Hochelaga-Maisonneuve,2021-06-24T13:30:19,-73.5673380267788,45.596535605721904
21-164109,Plainte,Saint-Léonard,Saint-Léonard,2021-06-24T14:12:56,-73.58376156120909,45.59384272947076
21-164068,Plainte,Pierrefonds - Roxboro,Pierrefonds-Roxboro,2021-06-24T13:05:09,-73.80401723438831,45.51066517409959
21-164147,Plainte,Rosemont - La Petite-Patrie,Rosemont-La Petite-Patrie,2021-06-24T15:27:28,-73.60003144146681,45.54217804705089
21-164578,Plainte,Outremont,Outremont,2021-06-25T10:25:15,-73.61247744019367,45.51876404445304
21-164204,Plainte,Pierrefonds - Roxboro,Pierrefonds-Roxboro,2021-06-24T17:37:39,-73.86230928838903,45.47468459359732
21-164552,Plainte,Rivière-des-Prairies - Pointe-aux-Trembles,Rivière-des-Prairies-Pointe-aux-Trembles,2021-06-25T10:17:19,-73.57192289796,45.654593264583646
21-16425,Plainte,Anjou,Anjou,2021-01-21T15:04:12,-73.55827905445805,45.603315087018565
21-164324,Plainte,Ville-Marie,Ville-Marie,2021-06-25T08:47:40,-73.5588760546067,45.53525614172216
21-164411,Plainte,Pierrefonds - Roxboro,Pierrefonds-Roxboro,2021-06-25T09:21:40,-73.80401723438831,45.51066517409959
21-164341,Plainte,Villeray-Saint-Michel - Parc-Extension,Villeray-Saint-Michel-Parc-Extension,2021-06-25T08:56:16,-73.6044438481453,45.559060444386986
21-164344,Plainte,Rivière-des-Prairies - Pointe-aux-Trembles,Rivière-des-Prairies-Pointe-aux-Trembles,2021-06-25T08:57:29,-73.60156194404217,45.63213825787625
21-16445,Plainte,Verdun,Verdun,2021-01-21T15:15:10,-73.57383056408524,45.45952538755293
21-1647,Plainte,Mercier - Hochelaga-Maisonneuve,Mercier-Hochelaga-Maisonneuve,2021-01-04T16:12:04,-73.52493357894033,45.60936477186687
21-164598,Plainte,Rosemont - La Petite-Patrie,Rosemont-La Petite-Patrie,2021-06-25T10:32:54,-73.5814967208909,45.54445174204635
21-164929,Plainte,Le Sud-Ouest,Le Sud-Ouest,2021-06-25T13:11:07,-73.57889803172745,45.48678065629318
21-164737,Plainte,Mercier - Hochelaga-Maisonneuve,Mercier-Hochelaga-Maisonneuve,2021-06-25T11:29:41,-73.5265842088914,45.57088736026248
21-164899,Plainte,Ville-Marie,Ville-Marie,2021-06-25T12:57:12,-73.55503290181257,45.5381518898287
21-164922,Plainte,Saint-Léonard,Saint-Léonard,2021-06-25T13:08:14,-73.61889304943232,45.58564775368394
21-164936,Plainte,Villeray-Saint-Michel - Parc-Extension,Villeray-Saint-Michel-Parc-Extension,2021-06-25T13:13:54,-73.6121921688775,45.54504051018832
21-164937,Plainte,Côte-des-Neiges - Notre-Dame-de-Grâce,Côte-des-Neiges-Notre-Dame-de-Grâce,2021-06-25T13:14:08,-73.62072761238738,45.50889679235514
21-164938,Plainte,Mercier - Hochelaga-Maisonneuve,Mercier-Hochelaga-Maisonneuve,2021-06-25T13:14:12,-73.53336734336526,45.58660899992793
21-165063,Plainte,Saint-Léonard,Saint-Léonard,2021-06-25T14:12:51,-73.62040682022418,45.58591860941479
21-164960,Plainte,Saint-Léonard,Saint-Léonard,2021-06-25T13:23:10,-73.590861143,45.57106927
21-164962,Plainte,Côte-des-Neiges - Notre-Dame-de-Grâce,Côte-des-Neiges-Notre-Dame-de-Grâce,2021-06-25T13:24:38,-73.63491862884206,45.50345754629521
21-165102,Plainte,Ville-Marie,Ville-Marie,2021-06-25T14:28:54,-73.55882857370764,45.51669669617837
21-165144,Plainte,Villeray-Saint-Michel - Parc-Extension,Villeray-Saint-Michel-Parc-Extension,2021-06-25T14:45:07,-73.6137249532535,45.54324123849128
21-165194,Plainte,Le Plateau-Mont-Royal,Le Plateau-Mont-Royal,2021-06-25T15:09:56,-73.5925930678056,45.52220614847246
21-165156,Plainte,Rivière-des-Prairies - Pointe-aux-Trembles,Rivière-des-Prairies-Pointe-aux-Trembles,2021-06-25T14:49:05,-73.5110087175578,45.65187506209947
21-165249,Plainte,Le Plateau-Mont-Royal,Le Plateau-Mont-Royal,2021-06-25T15:35:48,-73.58267923040844,45.522380661866286
21-165287,Plainte,L'Île-Bizard - Sainte-Geneviève,L'Île-Bizard-Sainte-Geneviève,2021-06-25T15:56:19,-73.8807846133333,45.49282123605615
21-165243,Plainte,Mercier - Hochelaga-Maisonneuve,Mercier-Hochelaga-Maisonneuve,2021-06-25T15:31:32,-73.54151285473911,45.585683232018006
21-165471,Plainte,Côte-des-Neiges - Notre-Dame-de-Grâce,Côte-des-Neiges-Notre-Dame-de-Grâce,2021-06-25T20:07:56,-73.64757438182998,45.49110286056431
21-165348,Plainte,Mercier - Hochelaga-Maisonneuve,Mercier-Hochelaga-Maisonneuve,2021-06-25T16:35:53,-73.54571736673253,45.5469769613949
21-165445,Plainte,Mercier - Hochelaga-Maisonneuve,Mercier-Hochelaga-Maisonneuve,2021-06-25T19:20:37,-73.54631220709493,45.57970657437104
21-165298,Plainte,Mercier - Hochelaga-Maisonneuve,Mercier-Hochelaga-Maisonneuve,2021-06-25T16:04:45,-73.54151285473911,45.585683232018006
21-165336,Plainte,Le Plateau-Mont-Royal,Le Plateau-Mont-Royal,2021-06-25T16:26:50,-73.57402122177221,45.51067410791864
21-165426,Plainte,Mercier - Hochelaga-Maisonneuve,Mercier-Hochelaga-Maisonneuve,2021-06-25T18:21:09,-73.54151285473911,45.585683232018006
21-165959,Plainte,Mercier - Hochelaga-Maisonneuve,Mercier-Hochelaga-Maisonneuve,2021-06-27T12:00:43,-73.5263238421661,45.59670736589576
21-165610,Plainte,Ahuntsic - Cartierville,Ahuntsic-Cartierville,2021-06-26T12:09:28,-73.65780169141985,45.56565001642172
21-165711,Plainte,Mercier - Hochelaga-Maisonneuve,Mercier-Hochelaga-Maisonneuve,2021-06-26T14:54:46,-73.55544756001325,45.58355023870328
21-165946,Plainte,Ahuntsic - Cartierville,Ahuntsic-Cartierville,2021-06-27T11:43:47,-73.65881622256836,45.549838605282936
21-166022,Plainte,Saint-Laurent,Saint-Laurent,2021-06-27T13:59:33,-73.6894966156626,45.50342560730555
21-165987,Plainte,Mercier - Hochelaga-Maisonneuve,Mercier-Hochelaga-Maisonneuve,2021-06-27T12:44:33,-73.529396337,45.597638603
21-166010,Plainte,Mercier - Hochelaga-Maisonneuve,Mercier-Hochelaga-Maisonneuve,2021-06-27T13:22:45,-73.53399480017073,45.55958052696547
21-16631,Plainte,Rivière-des-Prairies - Pointe-aux-Trembles,Rivière-des-Prairies-Pointe-aux-Trembles,2021-01-21T18:12:03,-73.55798948746498,45.66549446504291
21-166341,Plainte,Ahuntsic - Cartierville,Ahuntsic-Cartierville,2021-06-28T08:51:36,-73.69931145731184,45.53799393638005
21-166332,Plainte,Villeray-Saint-Michel - Parc-Extension,Villeray-Saint-Michel-Parc-Extension,2021-06-28T08:49:13,-73.6010128707484,45.55661539891672
21-166365,Plainte,Rosemont - La Petite-Patrie,Rosemont-La Petite-Patrie,2021-06-28T08:57:39,-73.56323352216454,45.55291019854494
21-166446,Plainte,Le Plateau-Mont-Royal,Le Plateau-Mont-Royal,2021-06-28T09:21:57,-73.569769684,45.530680694
21-166472,Plainte,Rivière-des-Prairies - Pointe-aux-Trembles,Rivière-des-Prairies-Pointe-aux-Trembles,2021-06-28T09:28:46,-73.60721733511667,45.63475082651641
21-166581,Plainte,Mercier - Hochelaga-Maisonneuve,Mercier-Hochelaga-Maisonneuve,2021-06-28T09:57:04,-73.52705153563579,45.603640889032434
21-166486,Plainte,Le Plateau-Mont-Royal,Le Plateau-Mont-Royal,2021-06-28T09:31:48,-73.58131831321941,45.52208822040176
21-166599,Plainte,L'Île-Bizard - Sainte-Geneviève,L'Île-Bizard-Sainte-Geneviève,2021-06-28T10:03:02,-73.88020887848295,45.4862146067007
21-166826,Plainte,Rosemont - La Petite-Patrie,Rosemont-La Petite-Patrie,2021-06-28T11:03:53,-73.587437367,45.545127306
21-166640,Plainte,Mercier - Hochelaga-Maisonneuve,Mercier-Hochelaga-Maisonneuve,2021-06-28T10:12:20,-73.54258315726798,45.57769571660166
21-166771,Plainte,Lachine,Lachine,2021-06-28T10:50:06,-73.71114761594876,45.44766885469619
21-166914,Plainte,Mercier - Hochelaga-Maisonneuve,Mercier-Hochelaga-Maisonneuve,2021-06-28T11:28:15,-73.55353756415604,45.552725928687714
21-16684,Plainte,Saint-Laurent,Saint-Laurent,2021-01-21T20:13:52,-73.668712849,45.529052807
21-166873,Plainte,Verdun,Verdun,2021-06-28T11:14:35,-73.574486771,45.452104664
21-166975,Plainte,Rosemont - La Petite-Patrie,Rosemont-La Petite-Patrie,2021-06-28T11:44:36,-73.59948357541063,45.5427653273895
21-167270,Plainte,Villeray-Saint-Michel - Parc-Extension,Villeray-Saint-Michel-Parc-Extension,2021-06-28T13:42:17,-73.62696976940846,45.574519408700105
21-167137,Plainte,Côte-des-Neiges - Notre-Dame-de-Grâce,Côte-des-Neiges-Notre-Dame-de-Grâce,2021-06-28T12:56:58,-73.62060971553645,45.51408665719568
21-167160,Plainte,Villeray-Saint-Michel - Parc-Extension,Villeray-Saint-Michel-Parc-Extension,2021-06-28T13:06:18,-73.59213897581351,45.56764951390447
21-167180,Plainte,Villeray-Saint-Michel - Parc-Extension,Villeray-Saint-Michel-Parc-Extension,2021-06-28T13:12:10,-73.61723104139494,45.53692833207756
21-167255,Plainte,LaSalle,LaSalle,2021-06-28T13:36:36,-73.65216212465218,45.43303029810054
21-166989,Plainte,Le Plateau-Mont-Royal,Le Plateau-Mont-Royal,2021-06-28T11:49:52,-73.57408089630715,45.522711731596
21-167275,Plainte,Mercier - Hochelaga-Maisonneuve,Mercier-Hochelaga-Maisonneuve,2021-06-28T13:44:46,-73.53885779087594,45.557735748916016
21-1677,Plainte,Ahuntsic - Cartierville,Ahuntsic-Cartierville,2021-01-04T16:32:49,-73.64976955159605,45.55767096702494
21-167315,Plainte,Ahuntsic - Cartierville,Ahuntsic-Cartierville,2021-06-28T13:59:24,-73.64626052108699,45.56187587148588
21-167459,Plainte,Villeray-Saint-Michel - Parc-Extension,Villeray-Saint-Michel-Parc-Extension,2021-06-28T14:42:29,-73.62045057511176,45.54480659745639
21-167488,Plainte,Rivière-des-Prairies - Pointe-aux-Trembles,Rivière-des-Prairies-Pointe-aux-Trembles,2021-06-28T14:52:07,-73.48053716036465,45.698980043211
21-167533,Plainte,Verdun,Verdun,2021-06-28T15:07:56,-73.55021458499726,45.46183219048139
21-167579,Plainte,Ville-Marie,Ville-Marie,2021-06-28T15:29:12,-73.54595958952765,45.52779893537232
21-167623,Plainte,Le Plateau-Mont-Royal,Le Plateau-Mont-Royal,2021-06-28T15:45:46,-73.58671849918599,45.53333213258199
21-167747,Plainte,Ahuntsic - Cartierville,Ahuntsic-Cartierville,2021-06-28T16:46:25,-73.64655626528537,45.56519872804461
21-167720,Plainte,Villeray-Saint-Michel - Parc-Extension,Villeray-Saint-Michel-Parc-Extension,2021-06-28T16:27:30,-73.62414153332153,45.57027748523354
21-16781,Plainte,Côte-des-Neiges - Notre-Dame-de-Grâce,Côte-des-Neiges-Notre-Dame-de-Grâce,2021-01-22T08:51:17,-73.62629621455262,45.465125487090965
21-167770,Plainte,Le Plateau-Mont-Royal,Le Plateau-Mont-Royal,2021-06-28T16:57:37,-73.56858662581027,45.536748231280185
21-168022,Plainte,LaSalle,LaSalle,2021-06-29T08:45:23,-73.61354910265845,45.43694041702507
21-167874,Plainte,Le Plateau-Mont-Royal,Le Plateau-Mont-Royal,2021-06-28T19:14:24,-73.59799959976476,45.52331951132169
21-167846,Plainte,Saint-Léonard,Saint-Léonard,2021-06-28T18:17:00,-73.59229068856638,45.571675920280775
21-167892,Plainte,Saint-Léonard,Saint-Léonard,2021-06-28T19:37:50,-73.59229068856638,45.571675920280775
21-168038,Plainte,Rosemont - La Petite-Patrie,Rosemont-La Petite-Patrie,2021-06-29T08:51:32,-73.59234836458646,45.53432339457105
21-168078,Plainte,LaSalle,LaSalle,2021-06-29T09:06:09,-73.61354910265845,45.43694041702507
21-168294,Plainte,LaSalle,LaSalle,2021-06-29T10:23:46,-73.61548458190887,45.43760858236273
21-16819,Plainte,Le Plateau-Mont-Royal,Le Plateau-Mont-Royal,2021-01-22T09:14:16,-73.58282178087538,45.5400612951911
21-168344,Plainte,Saint-Léonard,Saint-Léonard,2021-06-29T10:35:51,-73.59890179,45.601585334
21-168476,Plainte,Rivière-des-Prairies - Pointe-aux-Trembles,Rivière-des-Prairies-Pointe-aux-Trembles,2021-06-29T11:29:33,-73.4922311417761,45.63603259779949
21-168396,Plainte,Ahuntsic - Cartierville,Ahuntsic-Cartierville,2021-06-29T10:53:37,-73.65143175644639,45.57086635521173
21-168397,Plainte,Le Sud-Ouest,Le Sud-Ouest,2021-06-29T10:54:29,-73.57758383868892,45.48499395979595
21-168417,Plainte,Saint-Léonard,Saint-Léonard,2021-06-29T11:04:43,-73.59135343549198,45.59682051343184
21-168477,Plainte,Rivière-des-Prairies - Pointe-aux-Trembles,Rivière-des-Prairies-Pointe-aux-Trembles,2021-06-29T11:29:47,-73.53456803469659,45.67403065368708
21-169205,Plainte,Le Plateau-Mont-Royal,Le Plateau-Mont-Royal,2021-06-29T16:21:28,-73.59115683762096,45.5267837568967
21-168489,Plainte,LaSalle,LaSalle,2021-06-29T11:33:53,-73.62719130218345,45.431255753257446
21-16868,Plainte,Verdun,Verdun,2021-01-22T09:45:26,-73.57383056408524,45.45952538755293
21-168808,Plainte,Outremont,Outremont,2021-06-29T13:47:00,-73.59212697794719,45.51539270666223
21-168919,Plainte,Ahuntsic - Cartierville,Ahuntsic-Cartierville,2021-06-29T14:31:45,-73.66821108322709,45.54898608152347
21-169134,Plainte,Ahuntsic - Cartierville,Ahuntsic-Cartierville,2021-06-29T15:49:31,-73.66538507130257,45.56066711443847
21-169182,Plainte,Saint-Léonard,Saint-Léonard,2021-06-29T16:10:24,-73.59773083870645,45.58428894016698
21-168673,Plainte,Le Plateau-Mont-Royal,Le Plateau-Mont-Royal,2021-06-29T12:51:04,-73.57559415077195,45.53184430196925
21-16871,Plainte,Côte-des-Neiges - Notre-Dame-de-Grâce,Côte-des-Neiges-Notre-Dame-de-Grâce,2021-01-22T09:46:39,-73.64412450801288,45.46642711758989
21-168755,Plainte,Le Plateau-Mont-Royal,Le Plateau-Mont-Royal,2021-06-29T13:22:14,-73.57933569657702,45.52051581627282
21-168789,Plainte,Côte-des-Neiges - Notre-Dame-de-Grâce,Côte-des-Neiges-Notre-Dame-de-Grâce,2021-06-29T13:35:08,-73.631207027173,45.48646863998607
21-169116,Plainte,Montréal-Nord,Montréal-Nord,2021-06-29T15:42:00,-73.65207158978963,45.586430101168695
21-169855,Plainte,Côte-des-Neiges - Notre-Dame-de-Grâce,Côte-des-Neiges-Notre-Dame-de-Grâce,2021-06-30T10:38:57,-73.62622149971297,45.4897696143406
21-169332,Plainte,LaSalle,LaSalle,2021-06-29T18:01:50,-73.61354910265845,45.43694041702507
21-16930,Plainte,Saint-Laurent,Saint-Laurent,2021-01-22T10:07:23,-73.70009623020464,45.52176965253554
21-170023,Plainte,Anjou,Anjou,2021-06-30T11:35:49,-73.55283541331761,45.61521956956776
21-169924,Plainte,Villeray-Saint-Michel - Parc-Extension,Villeray-Saint-Michel-Parc-Extension,2021-06-30T11:01:14,-73.64166733350567,45.533447593426125
21-170049,Plainte,Rivière-des-Prairies - Pointe-aux-Trembles,Rivière-des-Prairies-Pointe-aux-Trembles,2021-06-30T11:45:08,-73.4875181279581,45.6895400237042
21-170006,Plainte,Verdun,Verdun,2021-06-30T11:30:44,-73.563472294,45.462628316
21-170254,Plainte,Rosemont - La Petite-Patrie,Rosemont-La Petite-Patrie,2021-06-30T13:09:50,-73.60605460562958,45.53554116951644
21-170124,Plainte,Montréal-Nord,Montréal-Nord,2021-06-30T12:11:57,-73.63500969965273,45.58358628565647
21-170204,Plainte,Anjou,Anjou,2021-06-30T12:45:13,-73.5438110157089,45.60304841775342
21-170293,Plainte,Rosemont - La Petite-Patrie,Rosemont-La Petite-Patrie,2021-06-30T13:20:35,-73.58863419274483,45.55786954941083
21-170418,Plainte,Ville-Marie,Ville-Marie,2021-06-30T14:07:02,-73.55781231089149,45.5365891127471
21-170357,Plainte,Ville-Marie,Ville-Marie,2021-06-30T13:39:45,-73.57570875,45.497188967
21-170280,Plainte,Villeray-Saint-Michel - Parc-Extension,Villeray-Saint-Michel-Parc-Extension,2021-06-30T13:15:36,-73.61823997112981,45.53756910576816
21-170467,Plainte,LaSalle,LaSalle,2021-06-30T14:25:15,-73.59112051142591,45.43315316646584
21-170450,Plainte,Rosemont - La Petite-Patrie,Rosemont-La Petite-Patrie,2021-06-30T14:16:56,-73.58240399119218,45.567822359414045
21-170659,Plainte,Ahuntsic - Cartierville,Ahuntsic-Cartierville,2021-06-30T15:33:35,-73.66731610494178,45.54818239440108
21-180270,Plainte,Ville-Marie,Ville-Marie,2021-07-09T01:33:16,-73.55847533134765,45.52162629672684
21-170510,Plainte,Rivière-des-Prairies - Pointe-aux-Trembles,Rivière-des-Prairies-Pointe-aux-Trembles,2021-06-30T14:41:28,-73.51275322556674,45.66517094479317
21-170646,Plainte,Rosemont - La Petite-Patrie,Rosemont-La Petite-Patrie,2021-06-30T15:27:36,-73.567411221,45.571227634
21-17090,Plainte,Villeray-Saint-Michel - Parc-Extension,Villeray-Saint-Michel-Parc-Extension,2021-01-22T11:38:51,-73.64135411681718,45.53397816555791
21-170671,Plainte,LaSalle,LaSalle,2021-06-30T15:39:16,-73.62939131156315,45.42216115095881
21-170816,Plainte,Le Plateau-Mont-Royal,Le Plateau-Mont-Royal,2021-06-30T16:54:43,-73.58464090880868,45.53556689472209
21-170884,Plainte,Mercier - Hochelaga-Maisonneuve,Mercier-Hochelaga-Maisonneuve,2021-06-30T17:34:14,-73.55442065162644,45.580164007620056
21-170683,Plainte,Villeray-Saint-Michel - Parc-Extension,Villeray-Saint-Michel-Parc-Extension,2021-06-30T15:44:56,-73.61823997112981,45.53756910576816
21-170799,Plainte,Pierrefonds - Roxboro,Pierrefonds-Roxboro,2021-06-30T16:40:23,-73.786083827,45.504923082
21-171067,Plainte,Le Sud-Ouest,Le Sud-Ouest,2021-07-01T08:32:59,-73.55928579961575,45.48428060575799
21-170919,Plainte,Pierrefonds - Roxboro,Pierrefonds-Roxboro,2021-06-30T18:15:45,-73.7660341054662,45.50633037074815
21-170973,Plainte,Villeray-Saint-Michel - Parc-Extension,Villeray-Saint-Michel-Parc-Extension,2021-06-30T19:47:58,-73.61649610699581,45.556018664817486
21-171118,Plainte,Ahuntsic - Cartierville,Ahuntsic-Cartierville,2021-07-01T09:28:49,-73.65026488084774,45.56733555540793
21-171133,Plainte,Côte-des-Neiges - Notre-Dame-de-Grâce,Côte-des-Neiges-Notre-Dame-de-Grâce,2021-07-01T09:35:18,-73.61330288391454,45.47185123024622
21-171169,Plainte,Saint-Léonard,Saint-Léonard,2021-07-01T10:00:05,-73.61988755034251,45.58646922789072
21-171158,Plainte,Le Plateau-Mont-Royal,Le Plateau-Mont-Royal,2021-07-01T09:50:55,-73.56374549650728,45.53653895348283
21-172933,Plainte,Ville-Marie,Ville-Marie,2021-07-02T17:38:00,-73.55882857370764,45.51669669617837
21-171274,Plainte,Saint-Léonard,Saint-Léonard,2021-07-01T11:14:20,-73.60008771589385,45.57649673494439
21-171266,Plainte,Montréal-Nord,Montréal-Nord,2021-07-01T11:09:46,-73.645572229,45.59448977
21-171254,Plainte,Pierrefonds - Roxboro,Pierrefonds-Roxboro,2021-07-01T11:00:38,-73.84824255474523,45.48120006986437
21-171524,Plainte,Lachine,Lachine,2021-07-01T15:40:44,-73.67860243643507,45.4419544539734
21-171352,Plainte,Le Sud-Ouest,Le Sud-Ouest,2021-07-01T12:22:32,-73.58485688521112,45.46044213494884
21-171456,Plainte,Rivière-des-Prairies - Pointe-aux-Trembles,Rivière-des-Prairies-Pointe-aux-Trembles,2021-07-01T14:11:36,-73.49511114497975,45.69187656321954
21-171291,Plainte,Côte-des-Neiges - Notre-Dame-de-Grâce,Côte-des-Neiges-Notre-Dame-de-Grâce,2021-07-01T11:28:03,-73.6322336334093,45.50226029397837
21-171406,Plainte,Rosemont - La Petite-Patrie,Rosemont-La Petite-Patrie,2021-07-01T13:13:45,-73.57034260525784,45.566251251112696
21-171519,Plainte,Lachine,Lachine,2021-07-01T15:33:40,-73.67860243643507,45.4419544539734
21-171537,Plainte,Anjou,Anjou,2021-07-01T15:52:16,-73.55077043895828,45.60821551626795
21-171559,Plainte,Mercier - Hochelaga-Maisonneuve,Mercier-Hochelaga-Maisonneuve,2021-07-01T16:21:41,-73.5519109098515,45.54315996576913
21-17166,Plainte,Côte-des-Neiges - Notre-Dame-de-Grâce,Côte-des-Neiges-Notre-Dame-de-Grâce,2021-01-22T12:38:37,-73.6343506404889,45.51443653617317
21-171565,Plainte,Villeray-Saint-Michel - Parc-Extension,Villeray-Saint-Michel-Parc-Extension,2021-07-01T16:24:45,-73.63822462432486,45.53318207719405
21-171820,Plainte,Ahuntsic - Cartierville,Ahuntsic-Cartierville,2021-07-02T09:19:57,-73.673332445,45.54345566
21-171997,Plainte,L'Île-Bizard - Sainte-Geneviève,L'Île-Bizard-Sainte-Geneviève,2021-07-02T10:14:27,-73.86034927885866,45.50969796500233
21-171925,Plainte,L'Île-Bizard - Sainte-Geneviève,L'Île-Bizard-Sainte-Geneviève,2021-07-02T09:53:11,-73.86472855850572,45.50260782386472
21-171978,Plainte,Villeray-Saint-Michel - Parc-Extension,Villeray-Saint-Michel-Parc-Extension,2021-07-02T10:08:22,-73.63114737062871,45.52663610774068
21-172283,Plainte,Verdun,Verdun,2021-07-02T11:52:13,-73.56736199659346,45.46492772628605
21-172134,Plainte,Rosemont - La Petite-Patrie,Rosemont-La Petite-Patrie,2021-07-02T11:00:27,-73.56767303930273,45.54942378539093
21-172129,Plainte,Villeray-Saint-Michel - Parc-Extension,Villeray-Saint-Michel-Parc-Extension,2021-07-02T10:59:07,-73.62826895635598,45.5684360092857
21-172213,Plainte,Ahuntsic - Cartierville,Ahuntsic-Cartierville,2021-07-02T11:26:34,-73.647236706,45.578178229
21-17232,Plainte,Montréal-Nord,Montréal-Nord,2021-01-22T13:44:31,-73.61408943831405,45.61746181063648
21-172224,Plainte,Ahuntsic - Cartierville,Ahuntsic-Cartierville,2021-07-02T11:30:38,-73.69068355511722,45.53865605663776
21-172252,Plainte,Ville-Marie,Ville-Marie,2021-07-02T11:40:33,-73.55294323083581,45.5096098128011
21-17235,Plainte,Anjou,Anjou,2021-01-22T13:47:33,-73.55906821520904,45.60400519510475
21-172868,Plainte,Le Plateau-Mont-Royal,Le Plateau-Mont-Royal,2021-07-02T16:38:30,-73.57273380320169,45.52791992698341
21-172596,Plainte,Ahuntsic - Cartierville,Ahuntsic-Cartierville,2021-07-02T14:22:10,-73.736382682,45.523976595
21-172682,Plainte,Le Plateau-Mont-Royal,Le Plateau-Mont-Royal,2021-07-02T14:57:26,-73.57189060196903,45.5073289458897
21-172825,Plainte,Le Plateau-Mont-Royal,Le Plateau-Mont-Royal,2021-07-02T16:15:05,-73.5895969617918,45.51886170806345
21-172388,Plainte,LaSalle,LaSalle,2021-07-02T12:41:15,-73.61457123108039,45.42094783213005
21-172406,Plainte,Mercier - Hochelaga-Maisonneuve,Mercier-Hochelaga-Maisonneuve,2021-07-02T12:50:03,-73.54702461262787,45.55120768771603
21-172435,Plainte,LaSalle,LaSalle,2021-07-02T13:05:40,-73.6216445555606,45.437601795743525
21-172695,Plainte,Mercier - Hochelaga-Maisonneuve,Mercier-Hochelaga-Maisonneuve,2021-07-02T15:03:05,-73.55282757522758,45.578902096913424
21-172769,Plainte,Mercier - Hochelaga-Maisonneuve,Mercier-Hochelaga-Maisonneuve,2021-07-02T15:41:56,-73.538886893,45.589867411
21-172949,Plainte,Rivière-des-Prairies - Pointe-aux-Trembles,Rivière-des-Prairies-Pointe-aux-Trembles,2021-07-02T18:09:32,-73.58657573119858,45.63359303646639
21-172955,Plainte,Villeray-Saint-Michel - Parc-Extension,Villeray-Saint-Michel-Parc-Extension,2021-07-02T18:15:42,-73.62475354113015,45.52992252243281
21-173602,Plainte,Saint-Léonard,Saint-Léonard,2021-07-04T14:56:35,-73.58797214,45.576854067
21-172967,Plainte,Le Plateau-Mont-Royal,Le Plateau-Mont-Royal,2021-07-02T18:32:07,-73.56242168893932,45.53637556784009
21-173089,Plainte,Montréal-Nord,Montréal-Nord,2021-07-03T09:27:48,-73.62790344428355,45.60554449756282
21-173107,Plainte,Le Plateau-Mont-Royal,Le Plateau-Mont-Royal,2021-07-03T09:56:10,-73.57723988161511,45.53076856761422
21-173186,Plainte,Pierrefonds - Roxboro,Pierrefonds-Roxboro,2021-07-03T11:44:48,-73.86184350491511,45.4780231594477
21-17321,Plainte,Côte-des-Neiges - Notre-Dame-de-Grâce,Côte-des-Neiges-Notre-Dame-de-Grâce,2021-01-22T14:47:54,-73.63090143820527,45.484212202818775
21-172983,Plainte,Côte-des-Neiges - Notre-Dame-de-Grâce,Côte-des-Neiges-Notre-Dame-de-Grâce,2021-07-02T19:02:40,-73.61128436439016,45.47221272770392
21-173166,Plainte,Côte-des-Neiges - Notre-Dame-de-Grâce,Côte-des-Neiges-Notre-Dame-de-Grâce,2021-07-03T11:25:54,-73.62900214846594,45.47811946090172
21-17324,Plainte,Côte-des-Neiges - Notre-Dame-de-Grâce,Côte-des-Neiges-Notre-Dame-de-Grâce,2021-01-22T14:50:35,-73.63090143820527,45.484212202818775
21-17335,Plainte,Ville-Marie,Ville-Marie,2021-01-22T14:58:30,-73.59837746635999,45.493415178814764
21-173610,Plainte,Côte-des-Neiges - Notre-Dame-de-Grâce,Côte-des-Neiges-Notre-Dame-de-Grâce,2021-07-04T15:14:55,-73.6132539768069,45.51030225615777
21-173621,Plainte,Côte-des-Neiges - Notre-Dame-de-Grâce,Côte-des-Neiges-Notre-Dame-de-Grâce,2021-07-04T15:30:46,-73.6132539768069,45.51030225615777
21-17388,Plainte,Mercier - Hochelaga-Maisonneuve,Mercier-Hochelaga-Maisonneuve,2021-01-22T15:38:48,-73.54384500331393,45.54961010104138
21-173842,Plainte,Rosemont - La Petite-Patrie,Rosemont-La Petite-Patrie,2021-07-05T08:58:38,-73.61543197175226,45.53383251274362
21-174206,Plainte,Côte-des-Neiges - Notre-Dame-de-Grâce,Côte-des-Neiges-Notre-Dame-de-Grâce,2021-07-05T10:38:13,-73.63919272385914,45.4864210157124
21-173931,Plainte,Ahuntsic - Cartierville,Ahuntsic-Cartierville,2021-07-05T09:27:49,-73.68323231397946,45.53257323575375
21-174118,Plainte,Le Plateau-Mont-Royal,Le Plateau-Mont-Royal,2021-07-05T10:19:05,-73.59079570565522,45.525330312167895
21-174141,Plainte,Villeray-Saint-Michel - Parc-Extension,Villeray-Saint-Michel-Parc-Extension,2021-07-05T10:23:05,-73.6302730243263,45.53120605153709
21-174210,Plainte,Côte-des-Neiges - Notre-Dame-de-Grâce,Côte-des-Neiges-Notre-Dame-de-Grâce,2021-07-05T10:39:12,-73.63090143820527,45.484212202818775
21-173944,Plainte,Pierrefonds - Roxboro,Pierrefonds-Roxboro,2021-07-05T09:32:09,-73.85632742769629,45.47056337118736
21-174100,Plainte,Rivière-des-Prairies - Pointe-aux-Trembles,Rivière-des-Prairies-Pointe-aux-Trembles,2021-07-05T10:14:45,-73.58395585520104,45.64531168472693
21-17424,Plainte,Le Plateau-Mont-Royal,Le Plateau-Mont-Royal,2021-01-22T16:05:54,-73.58178010780975,45.53424097642824
21-174391,Plainte,Montréal-Nord,Montréal-Nord,2021-07-05T11:27:52,-73.62830397706279,45.608694187157006
21-17428,Plainte,Le Plateau-Mont-Royal,Le Plateau-Mont-Royal,2021-01-22T16:08:52,-73.59014847091841,45.52362364641103
21-174294,Plainte,Ville-Marie,Ville-Marie,2021-07-05T11:02:35,-73.576576296,45.501845115
21-174341,Plainte,Rosemont - La Petite-Patrie,Rosemont-La Petite-Patrie,2021-07-05T11:14:23,-73.5683934669664,45.55491765001744
21-174264,Plainte,Rosemont - La Petite-Patrie,Rosemont-La Petite-Patrie,2021-07-05T10:53:27,-73.585869324175,45.54137117702105
21-174455,Plainte,Rivière-des-Prairies - Pointe-aux-Trembles,Rivière-des-Prairies-Pointe-aux-Trembles,2021-07-05T11:47:35,-73.50514523635754,45.65951233256804
21-174521,Plainte,Saint-Laurent,Saint-Laurent,2021-07-05T12:16:19,-73.6780681905765,45.50507064833927
21-174591,Plainte,Ahuntsic - Cartierville,Ahuntsic-Cartierville,2021-07-05T12:46:26,-73.64210015366754,45.57724785055413
21-174538,Plainte,Rivière-des-Prairies - Pointe-aux-Trembles,Rivière-des-Prairies-Pointe-aux-Trembles,2021-07-05T12:23:46,-73.57993330674583,45.6554128261878
21-174595,Plainte,Montréal-Nord,Montréal-Nord,2021-07-05T12:48:09,-73.61924962306533,45.62140987328699
21-174596,Plainte,Rosemont - La Petite-Patrie,Rosemont-La Petite-Patrie,2021-07-05T12:48:19,-73.598494713,45.531036913
21-174757,Plainte,Ahuntsic - Cartierville,Ahuntsic-Cartierville,2021-07-05T13:47:02,-73.704745384,45.531955745
21-174709,Plainte,Côte-des-Neiges - Notre-Dame-de-Grâce,Côte-des-Neiges-Notre-Dame-de-Grâce,2021-07-05T13:31:17,-73.648624532,45.499366888
21-174711,Plainte,Lachine,Lachine,2021-07-05T13:31:55,-73.66849047858243,45.44100651206511
21-174620,Plainte,Le Plateau-Mont-Royal,Le Plateau-Mont-Royal,2021-07-05T12:57:27,-73.57341685192556,45.528571834699065
21-174699,Plainte,Le Plateau-Mont-Royal,Le Plateau-Mont-Royal,2021-07-05T13:27:50,-73.56858662581027,45.536748231280185
21-174884,Plainte,Rosemont - La Petite-Patrie,Rosemont-La Petite-Patrie,2021-07-05T14:28:57,-73.57544585389475,45.55021764860927
21-174851,Plainte,Villeray-Saint-Michel - Parc-Extension,Villeray-Saint-Michel-Parc-Extension,2021-07-05T14:19:27,-73.61046854351078,45.55269600123429
21-174866,Plainte,Ahuntsic - Cartierville,Ahuntsic-Cartierville,2021-07-05T14:25:43,-73.663274842,45.557215665
21-175739,Plainte,Villeray-Saint-Michel - Parc-Extension,Villeray-Saint-Michel-Parc-Extension,2021-07-06T09:24:20,-73.62045057511176,45.54480659745639
21-175090,Plainte,Rivière-des-Prairies - Pointe-aux-Trembles,Rivière-des-Prairies-Pointe-aux-Trembles,2021-07-05T15:25:10,-73.49584432982482,45.6649651143243
21-175243,Plainte,Mercier - Hochelaga-Maisonneuve,Mercier-Hochelaga-Maisonneuve,2021-07-05T16:22:06,-73.53332252233243,45.560676038454325
21-175388,Plainte,Mercier - Hochelaga-Maisonneuve,Mercier-Hochelaga-Maisonneuve,2021-07-05T18:09:04,-73.51962734851682,45.601831181661815
21-175466,Plainte,Ville-Marie,Ville-Marie,2021-07-05T19:33:36,-73.5831679603905,45.493626505984224
21-175493,Plainte,Villeray-Saint-Michel - Parc-Extension,Villeray-Saint-Michel-Parc-Extension,2021-07-05T20:14:49,-73.59070806420819,45.56107709223965
21-17559,Plainte,Mercier - Hochelaga-Maisonneuve,Mercier-Hochelaga-Maisonneuve,2021-01-23T09:04:07,-73.54074554009354,45.5718954173612
21-175135,Plainte,Pierrefonds - Roxboro,Pierrefonds-Roxboro,2021-07-05T15:38:58,-73.87923980522694,45.46627278777795
21-175301,Plainte,Montréal-Nord,Montréal-Nord,2021-07-05T16:55:24,-73.6446862294113,45.58601162090962
21-176355,Plainte,Le Plateau-Mont-Royal,Le Plateau-Mont-Royal,2021-07-06T12:42:18,-73.56858662581027,45.536748231280185
21-175835,Plainte,Rivière-des-Prairies - Pointe-aux-Trembles,Rivière-des-Prairies-Pointe-aux-Trembles,2021-07-06T10:00:06,-73.61885287386139,45.62954289425778
21-176028,Plainte,Le Plateau-Mont-Royal,Le Plateau-Mont-Royal,2021-07-06T10:54:59,-73.5843505383176,45.53843608211181
21-17603,Plainte,Ahuntsic - Cartierville,Ahuntsic-Cartierville,2021-01-23T10:55:03,-73.65502918627324,45.537893874954776
21-176070,Plainte,Ville-Marie,Ville-Marie,2021-07-06T11:06:31,-73.58092685751312,45.48768140885305
21-176179,Plainte,Côte-des-Neiges - Notre-Dame-de-Grâce,Côte-des-Neiges-Notre-Dame-de-Grâce,2021-07-06T11:36:46,-73.62461967598487,45.47821882710628
21-17622,Plainte,Côte-des-Neiges - Notre-Dame-de-Grâce,Côte-des-Neiges-Notre-Dame-de-Grâce,2021-01-23T11:24:50,-73.61898172667789,45.47749679706755
21-176244,Plainte,Verdun,Verdun,2021-07-06T11:55:43,-73.5476596268168,45.46312076268224
21-175760,Plainte,Rivière-des-Prairies - Pointe-aux-Trembles,Rivière-des-Prairies-Pointe-aux-Trembles,2021-07-06T09:31:11,-73.48385550677924,45.691118732175255
21-175766,Plainte,Rosemont - La Petite-Patrie,Rosemont-La Petite-Patrie,2021-07-06T09:33:04,-73.5935123111256,45.55227947148046
21-175819,Plainte,Rosemont - La Petite-Patrie,Rosemont-La Petite-Patrie,2021-07-06T09:51:33,-73.61549436504471,45.52939244181879
21-175856,Plainte,Outremont,Outremont,2021-07-06T10:05:55,-73.61729292387632,45.51336707350024
21-175972,Plainte,Côte-des-Neiges - Notre-Dame-de-Grâce,Côte-des-Neiges-Notre-Dame-de-Grâce,2021-07-06T10:36:53,-73.63323553955972,45.47340932348052
21-176046,Plainte,Ville-Marie,Ville-Marie,2021-07-06T10:58:47,-73.55290900763215,45.52939695226041
21-176205,Plainte,Ahuntsic - Cartierville,Ahuntsic-Cartierville,2021-07-06T11:43:27,-73.67370782272688,45.54288356029978
21-176487,Plainte,Montréal-Nord,Montréal-Nord,2021-07-06T13:27:59,-73.61581985401544,45.61930131475266
21-17638,Plainte,Rivière-des-Prairies - Pointe-aux-Trembles,Rivière-des-Prairies-Pointe-aux-Trembles,2021-01-23T12:01:56,-73.58736543856102,45.64816814394518
21-176645,Plainte,Ville-Marie,Ville-Marie,2021-07-06T14:15:12,-73.55352327324637,45.52968763747979
21-176539,Plainte,Outremont,Outremont,2021-07-06T13:44:44,-73.61367611696517,45.521100861894894
21-176634,Plainte,Rosemont - La Petite-Patrie,Rosemont-La Petite-Patrie,2021-07-06T14:13:04,-73.60963219339706,45.531661649196565
21-176594,Plainte,Côte-des-Neiges - Notre-Dame-de-Grâce,Côte-des-Neiges-Notre-Dame-de-Grâce,2021-07-06T13:58:00,-73.62622149971297,45.4897696143406
21-177014,Plainte,Ville-Marie,Ville-Marie,2021-07-06T16:32:01,-73.544392543,45.532187161
21-176885,Plainte,Mercier - Hochelaga-Maisonneuve,Mercier-Hochelaga-Maisonneuve,2021-07-06T15:36:19,-73.5539239906426,45.5841384158687
21-176692,Plainte,Montréal-Nord,Montréal-Nord,2021-07-06T14:30:24,-73.62397098060957,45.59658772340066
21-177062,Plainte,Ahuntsic - Cartierville,Ahuntsic-Cartierville,2021-07-06T17:04:35,-73.6451221337954,45.54216528235307
21-177031,Plainte,Rosemont - La Petite-Patrie,Rosemont-La Petite-Patrie,2021-07-06T16:41:39,-73.5814967208909,45.54445174204635
21-177093,Plainte,Côte-des-Neiges - Notre-Dame-de-Grâce,Côte-des-Neiges-Notre-Dame-de-Grâce,2021-07-06T17:50:14,-73.623607935,45.479859853
21-177078,Plainte,Le Sud-Ouest,Le Sud-Ouest,2021-07-06T17:19:49,-73.56890896312328,45.47821113334307
21-177139,Plainte,Rosemont - La Petite-Patrie,Rosemont-La Petite-Patrie,2021-07-06T18:26:31,-73.60963219339706,45.531661649196565
21-177124,Plainte,Ahuntsic - Cartierville,Ahuntsic-Cartierville,2021-07-06T18:11:38,-73.6451221337954,45.54216528235307
21-177183,Plainte,Pierrefonds - Roxboro,Pierrefonds-Roxboro,2021-07-06T19:16:58,-73.88580533508686,45.45482541267005
21-177157,Plainte,Rosemont - La Petite-Patrie,Rosemont-La Petite-Patrie,2021-07-06T18:45:28,-73.60963219339706,45.531661649196565
21-177433,Plainte,Rivière-des-Prairies - Pointe-aux-Trembles,Rivière-des-Prairies-Pointe-aux-Trembles,2021-07-07T09:12:34,-73.50455661878595,45.679106149261536
21-177192,Plainte,Pierrefonds - Roxboro,Pierrefonds-Roxboro,2021-07-06T19:30:24,-73.86274257923858,45.47775359243183
21-177227,Plainte,Villeray-Saint-Michel - Parc-Extension,Villeray-Saint-Michel-Parc-Extension,2021-07-06T20:33:22,-73.60226275461466,45.56204544948817
21-177465,Plainte,Le Plateau-Mont-Royal,Le Plateau-Mont-Royal,2021-07-07T09:24:41,-73.590392856,45.525815987
21-177525,Plainte,Le Plateau-Mont-Royal,Le Plateau-Mont-Royal,2021-07-07T09:43:59,-73.5733233985695,45.523525960532815
21-177471,Plainte,Montréal-Nord,Montréal-Nord,2021-07-07T09:26:26,-73.64407370156992,45.59109285919541
21-177472,Plainte,Montréal-Nord,Montréal-Nord,2021-07-07T09:26:32,-73.62358312899967,45.60434387188169
21-177505,Plainte,Ahuntsic - Cartierville,Ahuntsic-Cartierville,2021-07-07T09:40:30,-73.6472462670307,45.5781741207665
21-177883,Plainte,Le Plateau-Mont-Royal,Le Plateau-Mont-Royal,2021-07-07T11:40:47,-73.5917427607035,45.532266042654136
21-177652,Plainte,Côte-des-Neiges - Notre-Dame-de-Grâce,Côte-des-Neiges-Notre-Dame-de-Grâce,2021-07-07T10:21:47,-73.64747435431764,45.49053095792191
21-177981,Plainte,Ville-Marie,Ville-Marie,2021-07-07T12:21:37,-73.55245292073245,45.52359549516951
21-177959,Plainte,LaSalle,LaSalle,2021-07-07T12:04:44,-73.64635544929578,45.42407129014065
21-177975,Plainte,Montréal-Nord,Montréal-Nord,2021-07-07T12:18:24,-73.641454029,45.590614296
21-177999,Plainte,Rosemont - La Petite-Patrie,Rosemont-La Petite-Patrie,2021-07-07T12:32:08,-73.56794964,45.56901245
21-178154,Plainte,Villeray-Saint-Michel - Parc-Extension,Villeray-Saint-Michel-Parc-Extension,2021-07-07T13:45:53,-73.61135284863201,45.548570818019805
21-178251,Plainte,Villeray-Saint-Michel - Parc-Extension,Villeray-Saint-Michel-Parc-Extension,2021-07-07T14:16:25,-73.61154579963573,45.55783341410651
21-178377,Plainte,Ahuntsic - Cartierville,Ahuntsic-Cartierville,2021-07-07T14:58:21,-73.69445884650719,45.53349310323134
21-178342,Plainte,Rosemont - La Petite-Patrie,Rosemont-La Petite-Patrie,2021-07-07T14:48:37,-73.61549436504471,45.52939244181879
21-178368,Plainte,Outremont,Outremont,2021-07-07T14:55:55,-73.6154707313926,45.51540474825918
21-178317,Plainte,Montréal-Nord,Montréal-Nord,2021-07-07T14:40:31,-73.62958646284926,45.60504069164583
21-178455,Plainte,Ville-Marie,Ville-Marie,2021-07-07T15:38:34,-73.580430261,45.492816951
21-178505,Plainte,Rosemont - La Petite-Patrie,Rosemont-La Petite-Patrie,2021-07-07T15:54:31,-73.57777212923163,45.57595503365564
21-178496,Plainte,Côte-des-Neiges - Notre-Dame-de-Grâce,Côte-des-Neiges-Notre-Dame-de-Grâce,2021-07-07T15:51:15,-73.62925279795726,45.49484976622872
21-178608,Plainte,Montréal-Nord,Montréal-Nord,2021-07-07T16:44:35,-73.6422628032462,45.582239058980896
21-178521,Plainte,Rosemont - La Petite-Patrie,Rosemont-La Petite-Patrie,2021-07-07T15:59:09,-73.57777212923163,45.57595503365564
21-178512,Plainte,Ahuntsic - Cartierville,Ahuntsic-Cartierville,2021-07-07T15:57:14,-73.66408023613643,45.549824033382464
21-178707,Plainte,Le Plateau-Mont-Royal,Le Plateau-Mont-Royal,2021-07-07T17:56:45,-73.58794077728163,45.53057123228737
21-178605,Plainte,Ahuntsic - Cartierville,Ahuntsic-Cartierville,2021-07-07T16:42:38,-73.670995518,45.555979415
21-178724,Plainte,Ahuntsic - Cartierville,Ahuntsic-Cartierville,2021-07-07T18:08:56,-73.69494515668218,45.535004332237165
21-178719,Plainte,Saint-Léonard,Saint-Léonard,2021-07-07T18:05:03,-73.56469753229388,45.58572288814256
21-178753,Plainte,Ahuntsic - Cartierville,Ahuntsic-Cartierville,2021-07-07T18:35:05,-73.65059287111319,45.56040198939645
21-178746,Plainte,Ahuntsic - Cartierville,Ahuntsic-Cartierville,2021-07-07T18:31:15,-73.67178312705872,45.55259883368349
21-178733,Plainte,Ahuntsic - Cartierville,Ahuntsic-Cartierville,2021-07-07T18:16:46,-73.68474961657404,45.54745007134717
21-178987,Plainte,Ville-Marie,Ville-Marie,2021-07-08T08:59:52,-73.59065425482302,45.49504967751331
21-178775,Plainte,Ahuntsic - Cartierville,Ahuntsic-Cartierville,2021-07-07T19:07:07,-73.63102058994444,45.55263798173194
21-179051,Plainte,Rivière-des-Prairies - Pointe-aux-Trembles,Rivière-des-Prairies-Pointe-aux-Trembles,2021-07-08T09:18:57,-73.49555263590447,45.6396583488456
21-178998,Plainte,Rivière-des-Prairies - Pointe-aux-Trembles,Rivière-des-Prairies-Pointe-aux-Trembles,2021-07-08T09:02:45,-73.54371672163481,45.64924547095372
21-178991,Plainte,Rivière-des-Prairies - Pointe-aux-Trembles,Rivière-des-Prairies-Pointe-aux-Trembles,2021-07-08T09:00:53,-73.50772659633657,45.65468403290249
21-179010,Plainte,Ahuntsic - Cartierville,Ahuntsic-Cartierville,2021-07-08T09:06:57,-73.66791347280324,45.55241539441988
21-179076,Plainte,Rivière-des-Prairies - Pointe-aux-Trembles,Rivière-des-Prairies-Pointe-aux-Trembles,2021-07-08T09:26:59,-73.52306753195579,45.64811833718295
21-179119,Plainte,Saint-Léonard,Saint-Léonard,2021-07-08T09:41:24,-73.59089936498214,45.58687709249504
21-179221,Plainte,Le Plateau-Mont-Royal,Le Plateau-Mont-Royal,2021-07-08T10:18:27,-73.564938065,45.53744364
21-179204,Plainte,Pierrefonds - Roxboro,Pierrefonds-Roxboro,2021-07-08T10:12:18,-73.84926652392663,45.50903213188781
21-179430,Plainte,Rivière-des-Prairies - Pointe-aux-Trembles,Rivière-des-Prairies-Pointe-aux-Trembles,2021-07-08T11:25:53,-73.60132585724547,45.630571743241816
21-179270,Plainte,Rivière-des-Prairies - Pointe-aux-Trembles,Rivière-des-Prairies-Pointe-aux-Trembles,2021-07-08T10:32:34,-73.49103378046699,45.676901627864126
21-179279,Plainte,Ville-Marie,Ville-Marie,2021-07-08T10:35:06,-73.55001713203056,45.52658821414924
21-179294,Plainte,Villeray-Saint-Michel - Parc-Extension,Villeray-Saint-Michel-Parc-Extension,2021-07-08T10:40:53,-73.62867898400611,45.56798160957133
21-179318,Plainte,Le Plateau-Mont-Royal,Le Plateau-Mont-Royal,2021-07-08T10:47:56,-73.59163426473191,45.51778386395905
21-179376,Plainte,Villeray-Saint-Michel - Parc-Extension,Villeray-Saint-Michel-Parc-Extension,2021-07-08T11:04:43,-73.59164909374697,45.566226601585285
21-179763,Plainte,Rivière-des-Prairies - Pointe-aux-Trembles,Rivière-des-Prairies-Pointe-aux-Trembles,2021-07-08T13:56:14,-73.51214510888377,45.64688661255176
21-179740,Plainte,Montréal-Nord,Montréal-Nord,2021-07-08T13:49:50,-73.62422574143943,45.61133987595258
21-179680,Plainte,LaSalle,LaSalle,2021-07-08T13:18:28,-73.61293683118738,45.42462292652139
21-180006,Plainte,Le Sud-Ouest,Le Sud-Ouest,2021-07-08T15:48:02,-73.59178942793747,45.44989733177787
21-17981,Plainte,Villeray-Saint-Michel - Parc-Extension,Villeray-Saint-Michel-Parc-Extension,2021-01-25T09:11:43,-73.60781313030056,45.55618684789297
21-179997,Plainte,Villeray-Saint-Michel - Parc-Extension,Villeray-Saint-Michel-Parc-Extension,2021-07-08T15:44:26,-73.63114737062871,45.52663610774068
21-179773,Plainte,Villeray-Saint-Michel - Parc-Extension,Villeray-Saint-Michel-Parc-Extension,2021-07-08T14:00:14,-73.61447912737528,45.555936647752034
21-179847,Plainte,Lachine,Lachine,2021-07-08T14:38:03,-73.70302717117383,45.443566570803874
21-180012,Plainte,Rosemont - La Petite-Patrie,Rosemont-La Petite-Patrie,2021-07-08T15:50:19,-73.58063108339451,45.56151308328772
21-180013,Plainte,Villeray-Saint-Michel - Parc-Extension,Villeray-Saint-Michel-Parc-Extension,2021-07-08T15:50:31,-73.5981628491812,45.56515294985612
21-180129,Plainte,Côte-des-Neiges - Notre-Dame-de-Grâce,Côte-des-Neiges-Notre-Dame-de-Grâce,2021-07-08T16:58:17,-73.64777916291534,45.467831940954405
21-180150,Plainte,Ville-Marie,Ville-Marie,2021-07-08T17:21:19,-73.549877469,45.521192497
21-180139,Plainte,Rosemont - La Petite-Patrie,Rosemont-La Petite-Patrie,2021-07-08T17:10:57,-73.57472435839891,45.5483626707271
21-18049,Plainte,Anjou,Anjou,2021-01-25T09:56:45,-73.552956046,45.606782507
21-180424,Plainte,Le Sud-Ouest,Le Sud-Ouest,2021-07-09T09:21:18,-73.5928383990608,45.45534867458248
21-180442,Plainte,Le Sud-Ouest,Le Sud-Ouest,2021-07-09T09:26:24,-73.57799506819923,45.4738207500512
21-180446,Plainte,Villeray-Saint-Michel - Parc-Extension,Villeray-Saint-Michel-Parc-Extension,2021-07-09T09:28:03,-73.611961826,45.553357792
21-180508,Plainte,L'Île-Bizard - Sainte-Geneviève,L'Île-Bizard-Sainte-Geneviève,2021-07-09T09:49:50,-73.8655968396902,45.5089009127956
21-180558,Plainte,Anjou,Anjou,2021-07-09T10:07:15,-73.55753748886724,45.61105109387288
21-180609,Plainte,Côte-des-Neiges - Notre-Dame-de-Grâce,Côte-des-Neiges-Notre-Dame-de-Grâce,2021-07-09T10:30:23,-73.62538075636755,45.50627154845065
21-18057,Plainte,Mercier - Hochelaga-Maisonneuve,Mercier-Hochelaga-Maisonneuve,2021-01-25T10:01:32,-73.510345,45.597137896
21-180680,Plainte,Saint-Léonard,Saint-Léonard,2021-07-09T11:01:51,-73.59575526079601,45.59726010295895
21-180640,Plainte,Ahuntsic - Cartierville,Ahuntsic-Cartierville,2021-07-09T10:44:45,-73.66960028731914,45.53441218749616
21-180801,Plainte,Le Plateau-Mont-Royal,Le Plateau-Mont-Royal,2021-07-09T11:44:39,-73.59079570565522,45.525330312167895
21-180701,Plainte,Lachine,Lachine,2021-07-09T11:09:03,-73.7049216647172,45.44501579949137
21-180715,Plainte,Ahuntsic - Cartierville,Ahuntsic-Cartierville,2021-07-09T11:15:26,-73.7124916983567,45.53493353941608
21-180849,Plainte,Ahuntsic - Cartierville,Ahuntsic-Cartierville,2021-07-09T12:10:41,-73.70632362327981,45.52687223341911
21-180940,Plainte,Saint-Léonard,Saint-Léonard,2021-07-09T13:04:53,-73.61212540355594,45.597201842945786
21-180861,Plainte,Le Plateau-Mont-Royal,Le Plateau-Mont-Royal,2021-07-09T12:17:06,-73.5733233985695,45.523525960532815
21-180855,Plainte,Ahuntsic - Cartierville,Ahuntsic-Cartierville,2021-07-09T12:15:19,-73.70632362327981,45.52687223341911
21-180923,Plainte,Ahuntsic - Cartierville,Ahuntsic-Cartierville,2021-07-09T12:51:11,-73.65768371278413,45.56365944867492
21-180984,Plainte,Le Sud-Ouest,Le Sud-Ouest,2021-07-09T13:23:48,-73.60014154030185,45.45758829442417
21-18098,Plainte,Lachine,Lachine,2021-01-25T10:32:25,-73.67026087342313,45.43250310795313
21-180987,Plainte,Montréal-Nord,Montréal-Nord,2021-07-09T13:25:45,-73.621386223,45.612410859
21-181036,Plainte,Le Plateau-Mont-Royal,Le Plateau-Mont-Royal,2021-07-09T13:47:52,-73.57019804401614,45.51222719854806
21-181026,Plainte,Ville-Marie,Ville-Marie,2021-07-09T13:42:18,-73.571023949,45.498088823
21-181,Plainte,Rivière-des-Prairies - Pointe-aux-Trembles,Rivière-des-Prairies-Pointe-aux-Trembles,2021-01-02T09:12:55,-73.59988866787361,45.624393156627285
21-181123,Plainte,Le Plateau-Mont-Royal,Le Plateau-Mont-Royal,2021-07-09T14:20:16,-73.59126833226652,45.529953119969896
21-181057,Plainte,Saint-Léonard,Saint-Léonard,2021-07-09T13:53:05,-73.57497982566134,45.58915789299443
21-181106,Plainte,L'Île-Bizard - Sainte-Geneviève,L'Île-Bizard-Sainte-Geneviève,2021-07-09T14:13:08,-73.87475039980288,45.49850396649936
21-181077,Plainte,Rivière-des-Prairies - Pointe-aux-Trembles,Rivière-des-Prairies-Pointe-aux-Trembles,2021-07-09T14:01:45,-73.59133921639292,45.63014785999216
21-181079,Plainte,Saint-Léonard,Saint-Léonard,2021-07-09T14:03:16,-73.60999719960104,45.58954696159467
21-181305,Plainte,Rosemont - La Petite-Patrie,Rosemont-La Petite-Patrie,2021-07-09T15:42:54,-73.61347381510868,45.53453588799817
21-181175,Plainte,Ahuntsic - Cartierville,Ahuntsic-Cartierville,2021-07-09T14:44:49,-73.67488556283838,45.551010323828486
21-181130,Plainte,Verdun,Verdun,2021-07-09T14:22:51,-73.55533381061117,45.447800673160806
21-181254,Plainte,Rosemont - La Petite-Patrie,Rosemont-La Petite-Patrie,2021-07-09T15:17:57,-73.606735989,45.540131982
21-181310,Plainte,Rivière-des-Prairies - Pointe-aux-Trembles,Rivière-des-Prairies-Pointe-aux-Trembles,2021-07-09T15:45:27,-73.58132964226705,45.6365113144551
21-181314,Plainte,Rosemont - La Petite-Patrie,Rosemont-La Petite-Patrie,2021-07-09T15:46:57,-73.61347381510868,45.53453588799817
21-181471,Plainte,Villeray-Saint-Michel - Parc-Extension,Villeray-Saint-Michel-Parc-Extension,2021-07-09T18:05:12,-73.59070806420819,45.56107709223965
21-181448,Plainte,Rosemont - La Petite-Patrie,Rosemont-La Petite-Patrie,2021-07-09T17:19:04,-73.57251649589082,45.560285082357225
21-181420,Plainte,Pierrefonds - Roxboro,Pierrefonds-Roxboro,2021-07-09T16:48:32,-73.85820098876559,45.48599997845513
21-181443,Plainte,Rosemont - La Petite-Patrie,Rosemont-La Petite-Patrie,2021-07-09T17:11:00,-73.608464129,45.540901317
21-181475,Plainte,Rosemont - La Petite-Patrie,Rosemont-La Petite-Patrie,2021-07-09T18:14:22,-73.5814967208909,45.54445174204635
21-181491,Plainte,Rosemont - La Petite-Patrie,Rosemont-La Petite-Patrie,2021-07-09T18:56:22,-73.59078969211328,45.537883419897305
21-181657,Plainte,Ahuntsic - Cartierville,Ahuntsic-Cartierville,2021-07-10T10:42:15,-73.72841007947068,45.52524049971315
21-18160,Plainte,Anjou,Anjou,2021-01-25T11:05:07,-73.55265633614783,45.595817283481786
21-181623,Plainte,Ahuntsic - Cartierville,Ahuntsic-Cartierville,2021-07-10T09:51:49,-73.69034918781269,45.536302975066974
21-181681,Plainte,Ville-Marie,Ville-Marie,2021-07-10T11:25:11,-73.56076496716022,45.49928704231794
21-182061,Plainte,Le Plateau-Mont-Royal,Le Plateau-Mont-Royal,2021-07-11T12:11:43,-73.59290526468374,45.532371182453154
21-181748,Plainte,Ahuntsic - Cartierville,Ahuntsic-Cartierville,2021-07-10T13:09:44,-73.66960028731914,45.53441218749616
21-182053,Plainte,Verdun,Verdun,2021-07-11T11:59:20,-73.57673774439631,45.45125372242008
21-181697,Plainte,Rosemont - La Petite-Patrie,Rosemont-La Petite-Patrie,2021-07-10T11:45:26,-73.59234836458646,45.53432339457105
21-181757,Plainte,Le Sud-Ouest,Le Sud-Ouest,2021-07-10T13:18:39,-73.58510683381668,45.47241208573079
21-182048,Plainte,Rivière-des-Prairies - Pointe-aux-Trembles,Rivière-des-Prairies-Pointe-aux-Trembles,2021-07-11T11:53:33,-73.58156117937429,45.63742210540671
21-182127,Plainte,Ahuntsic - Cartierville,Ahuntsic-Cartierville,2021-07-11T14:09:47,-73.72222807533048,45.5307494213881
21-182412,Plainte,Villeray-Saint-Michel - Parc-Extension,Villeray-Saint-Michel-Parc-Extension,2021-07-12T09:17:44,-73.60045213706506,45.55728702423137
21-182143,Plainte,Rosemont - La Petite-Patrie,Rosemont-La Petite-Patrie,2021-07-11T14:50:51,-73.5814967208909,45.54445174204635
21-182195,Plainte,LaSalle,LaSalle,2021-07-11T16:47:02,-73.6004115888856,45.42860510596012
21-182467,Plainte,Saint-Laurent,Saint-Laurent,2021-07-12T09:36:34,-73.6780681905765,45.50507064833927
21-182708,Plainte,Villeray-Saint-Michel - Parc-Extension,Villeray-Saint-Michel-Parc-Extension,2021-07-12T11:07:16,-73.64488330411552,45.53088850164271
21-182519,Plainte,Mercier - Hochelaga-Maisonneuve,Mercier-Hochelaga-Maisonneuve,2021-07-12T09:55:04,-73.5354524673697,45.55533985636536
21-182657,Plainte,Mercier - Hochelaga-Maisonneuve,Mercier-Hochelaga-Maisonneuve,2021-07-12T10:50:33,-73.54377900262588,45.54680218993693
21-182658,Plainte,Verdun,Verdun,2021-07-12T10:50:37,-73.57706757510222,45.4478381282656
21-182540,Plainte,Saint-Laurent,Saint-Laurent,2021-07-12T10:01:17,-73.7120996047991,45.51543558248293
21-18262,Plainte,Lachine,Lachine,2021-01-25T12:23:02,-73.66456468664067,45.44307976609224
21-182866,Plainte,Côte-des-Neiges - Notre-Dame-de-Grâce,Côte-des-Neiges-Notre-Dame-de-Grâce,2021-07-12T12:00:26,-73.64188418008293,45.491949468065805
21-183177,Plainte,Anjou,Anjou,2021-07-12T14:03:39,-73.55827905445805,45.603315087018565
21-182899,Plainte,Rivière-des-Prairies - Pointe-aux-Trembles,Rivière-des-Prairies-Pointe-aux-Trembles,2021-07-12T12:16:10,-73.58716832797349,45.6461251702048
21-182998,Plainte,Saint-Laurent,Saint-Laurent,2021-07-12T12:55:06,-73.71733404356381,45.50678681502839
21-183161,Plainte,Outremont,Outremont,2021-07-12T14:00:00,-73.61108958313424,45.514095792113366
21-183294,Plainte,Mercier - Hochelaga-Maisonneuve,Mercier-Hochelaga-Maisonneuve,2021-07-12T14:44:12,-73.53825594485268,45.57143603180042
21-183252,Plainte,Côte-des-Neiges - Notre-Dame-de-Grâce,Côte-des-Neiges-Notre-Dame-de-Grâce,2021-07-12T14:26:47,-73.6450477101076,45.49336760514153
21-183298,Plainte,Mercier - Hochelaga-Maisonneuve,Mercier-Hochelaga-Maisonneuve,2021-07-12T14:44:48,-73.53825594485268,45.57143603180042
21-183437,Plainte,Ahuntsic - Cartierville,Ahuntsic-Cartierville,2021-07-12T15:37:04,-73.7088755523797,45.53995602424784
21-183522,Plainte,Le Plateau-Mont-Royal,Le Plateau-Mont-Royal,2021-07-12T16:02:29,-73.562789856,45.531543928
21-183485,Plainte,Côte-des-Neiges - Notre-Dame-de-Grâce,Côte-des-Neiges-Notre-Dame-de-Grâce,2021-07-12T15:49:25,-73.65170206238038,45.50398562433511
21-183515,Plainte,Villeray-Saint-Michel - Parc-Extension,Villeray-Saint-Michel-Parc-Extension,2021-07-12T16:00:52,-73.6121921688775,45.54504051018832
21-183460,Plainte,Mercier - Hochelaga-Maisonneuve,Mercier-Hochelaga-Maisonneuve,2021-07-12T15:41:44,-73.54642228251389,45.5771371656425
21-183525,Plainte,Montréal-Nord,Montréal-Nord,2021-07-12T16:04:20,-73.62207266075833,45.606829733699
21-183572,Plainte,Rivière-des-Prairies - Pointe-aux-Trembles,Rivière-des-Prairies-Pointe-aux-Trembles,2021-07-12T16:19:20,-73.5891131932779,45.63605450833523
21-183544,Plainte,Outremont,Outremont,2021-07-12T16:10:51,-73.59212697794719,45.51539270666223
21-18378,Plainte,Côte-des-Neiges - Notre-Dame-de-Grâce,Côte-des-Neiges-Notre-Dame-de-Grâce,2021-01-25T13:48:13,-73.64459861052393,45.46886635220703
21-183587,Plainte,Rosemont - La Petite-Patrie,Rosemont-La Petite-Patrie,2021-07-12T16:24:51,-73.57991240915574,45.545916044504544
21-183725,Plainte,Ahuntsic - Cartierville,Ahuntsic-Cartierville,2021-07-12T18:13:45,-73.662939035634,45.56233907430522
21-183943,Plainte,Ville-Marie,Ville-Marie,2021-07-13T08:45:37,-73.58108873181827,45.489268106285785
21-184011,Plainte,Ville-Marie,Ville-Marie,2021-07-13T09:07:02,-73.545504945,45.525739323
21-184402,Plainte,Outremont,Outremont,2021-07-13T11:07:21,-73.608320259,45.520543287
21-184298,Plainte,Ahuntsic - Cartierville,Ahuntsic-Cartierville,2021-07-13T10:37:14,-73.69741418306322,45.53866363324243
21-184155,Plainte,Rosemont - La Petite-Patrie,Rosemont-La Petite-Patrie,2021-07-13T09:51:04,-73.576062963,45.572316316
21-184304,Plainte,Ahuntsic - Cartierville,Ahuntsic-Cartierville,2021-07-13T10:38:35,-73.71581663115444,45.52630198246179
21-18432,Plainte,Lachine,Lachine,2021-01-25T14:17:54,-73.65126068778339,45.44945961624477
21-18452,Plainte,Saint-Léonard,Saint-Léonard,2021-01-25T14:34:08,-73.57646479343029,45.59108726962069
21-184418,Plainte,Villeray-Saint-Michel - Parc-Extension,Villeray-Saint-Michel-Parc-Extension,2021-07-13T11:12:02,-73.62674109328009,45.52655790202871
21-184465,Plainte,Côte-des-Neiges - Notre-Dame-de-Grâce,Côte-des-Neiges-Notre-Dame-de-Grâce,2021-07-13T11:25:41,-73.62309371018853,45.4652116297212
21-18446,Plainte,Saint-Léonard,Saint-Léonard,2021-01-25T14:27:21,-73.58753288370801,45.57872964339917
21-184478,Plainte,Ahuntsic - Cartierville,Ahuntsic-Cartierville,2021-07-13T11:32:12,-73.6802948509826,45.54805586857515
21-184501,Plainte,Ahuntsic - Cartierville,Ahuntsic-Cartierville,2021-07-13T11:40:12,-73.66303876893396,45.55152176099697
21-184686,Plainte,Côte-des-Neiges - Notre-Dame-de-Grâce,Côte-des-Neiges-Notre-Dame-de-Grâce,2021-07-13T12:57:27,-73.63566509886809,45.4842443580184
21-184652,Plainte,Villeray-Saint-Michel - Parc-Extension,Villeray-Saint-Michel-Parc-Extension,2021-07-13T12:41:41,-73.64475769004224,45.53266425069654
21-184705,Plainte,Côte-des-Neiges - Notre-Dame-de-Grâce,Côte-des-Neiges-Notre-Dame-de-Grâce,2021-07-13T13:08:14,-73.62301759957862,45.47749085585178
21-184726,Plainte,Rosemont - La Petite-Patrie,Rosemont-La Petite-Patrie,2021-07-13T13:15:42,-73.57694621462193,45.54471043356404
21-185202,Plainte,Le Plateau-Mont-Royal,Le Plateau-Mont-Royal,2021-07-13T15:55:25,-73.57700894259523,45.53297308441765
21-184823,Plainte,Rosemont - La Petite-Patrie,Rosemont-La Petite-Patrie,2021-07-13T13:47:52,-73.57813736107326,45.54577240063052
21-185173,Plainte,Rivière-des-Prairies - Pointe-aux-Trembles,Rivière-des-Prairies-Pointe-aux-Trembles,2021-07-13T15:44:42,-73.56152330506154,45.66011417097134
21-18479,Plainte,Rivière-des-Prairies - Pointe-aux-Trembles,Rivière-des-Prairies-Pointe-aux-Trembles,2021-01-25T14:56:29,-73.60106013581078,45.62887317528632
21-184908,Plainte,Villeray-Saint-Michel - Parc-Extension,Villeray-Saint-Michel-Parc-Extension,2021-07-13T14:15:34,-73.635542592,45.5756362
21-184983,Plainte,Lachine,Lachine,2021-07-13T14:42:56,-73.68516877273066,45.44626556140783
21-185059,Plainte,Ville-Marie,Ville-Marie,2021-07-13T15:04:55,-73.549877469,45.521192497
21-18515,Plainte,Anjou,Anjou,2021-01-25T15:24:44,-73.55932171237949,45.6108402835775
21-185193,Plainte,Le Plateau-Mont-Royal,Le Plateau-Mont-Royal,2021-07-13T15:51:27,-73.58616496615001,45.52072656772247
21-185200,Plainte,Pierrefonds - Roxboro,Pierrefonds-Roxboro,2021-07-13T15:55:14,-73.82627592721359,45.50257934306132
21-185568,Plainte,Le Sud-Ouest,Le Sud-Ouest,2021-07-14T09:01:19,-73.56602190615054,45.478900485446765
21-185244,Plainte,Le Sud-Ouest,Le Sud-Ouest,2021-07-13T16:14:44,-73.5969545282568,45.44742435620501
21-185317,Plainte,Rosemont - La Petite-Patrie,Rosemont-La Petite-Patrie,2021-07-13T16:55:33,-73.554771993,45.553119068
21-18532,Plainte,Ahuntsic - Cartierville,Ahuntsic-Cartierville,2021-01-25T15:37:31,-73.66798122219346,45.55743780392815
21-185380,Plainte,Pierrefonds - Roxboro,Pierrefonds-Roxboro,2021-07-13T18:17:42,-73.82588829676034,45.51387998246607
21-185534,Plainte,Verdun,Verdun,2021-07-14T08:46:30,-73.55536345347016,45.45874210626199
21-185576,Plainte,Saint-Laurent,Saint-Laurent,2021-07-14T09:05:05,-73.71246941630895,45.51276364520657
21-185338,Plainte,Côte-des-Neiges - Notre-Dame-de-Grâce,Côte-des-Neiges-Notre-Dame-de-Grâce,2021-07-13T17:19:55,-73.64210683791647,45.46901574949377
21-185573,Plainte,Ville-Marie,Ville-Marie,2021-07-14T09:03:41,-73.58200236715892,45.49334352423102
21-185818,Plainte,Rosemont - La Petite-Patrie,Rosemont-La Petite-Patrie,2021-07-14T10:32:40,-73.57629488456755,45.56377255929111
21-185612,Plainte,Le Sud-Ouest,Le Sud-Ouest,2021-07-14T09:22:50,-73.60578413587872,45.4528415273434
21-185769,Plainte,Rivière-des-Prairies - Pointe-aux-Trembles,Rivière-des-Prairies-Pointe-aux-Trembles,2021-07-14T10:17:32,-73.49629241743807,45.66401571575794
21-185826,Plainte,Rosemont - La Petite-Patrie,Rosemont-La Petite-Patrie,2021-07-14T10:35:30,-73.57629488456755,45.56377255929111
21-185644,Plainte,Saint-Léonard,Saint-Léonard,2021-07-14T09:35:07,-73.61988755034251,45.58646922789072
21-186038,Plainte,Villeray-Saint-Michel - Parc-Extension,Villeray-Saint-Michel-Parc-Extension,2021-07-14T11:53:02,-73.59399849822606,45.56367595940533
21-185862,Plainte,Rosemont - La Petite-Patrie,Rosemont-La Petite-Patrie,2021-07-14T10:47:20,-73.59678737711728,45.53813212324644
21-185925,Plainte,Ahuntsic - Cartierville,Ahuntsic-Cartierville,2021-07-14T11:09:58,-73.66116691070972,45.5735464853852
21-185926,Plainte,Ville-Marie,Ville-Marie,2021-07-14T11:10:30,-73.55776020957141,45.50344179146799
21-185947,Plainte,Mercier - Hochelaga-Maisonneuve,Mercier-Hochelaga-Maisonneuve,2021-07-14T11:16:10,-73.51464580912854,45.60931991484425
21-186008,Plainte,Rivière-des-Prairies - Pointe-aux-Trembles,Rivière-des-Prairies-Pointe-aux-Trembles,2021-07-14T11:40:08,-73.54371672163481,45.64924547095372
21-18632,Plainte,Villeray-Saint-Michel - Parc-Extension,Villeray-Saint-Michel-Parc-Extension,2021-01-25T17:46:08,-73.63504484050706,45.57010291122575
21-186208,Plainte,Pierrefonds - Roxboro,Pierrefonds-Roxboro,2021-07-14T13:12:14,-73.80619359019582,45.49885505172921
21-186166,Plainte,Rivière-des-Prairies - Pointe-aux-Trembles,Rivière-des-Prairies-Pointe-aux-Trembles,2021-07-14T12:56:27,-73.48803197122461,45.69037192410581
21-18622,Plainte,Le Sud-Ouest,Le Sud-Ouest,2021-01-25T17:04:49,-73.59253791438653,45.461118344004845
21-186369,Plainte,Rosemont - La Petite-Patrie,Rosemont-La Petite-Patrie,2021-07-14T14:06:17,-73.61310422596736,45.53231197501311
21-186329,Plainte,Rosemont - La Petite-Patrie,Rosemont-La Petite-Patrie,2021-07-14T13:49:11,-73.5703556256939,45.54303345069861
21-186352,Plainte,Rosemont - La Petite-Patrie,Rosemont-La Petite-Patrie,2021-07-14T14:00:16,-73.61310422596736,45.53231197501311
21-186411,Plainte,Villeray-Saint-Michel - Parc-Extension,Villeray-Saint-Michel-Parc-Extension,2021-07-14T14:20:39,-73.62129708400037,45.548608720427445
21-186399,Plainte,Ville-Marie,Ville-Marie,2021-07-14T14:16:28,-73.559918116,45.510682613
21-186383,Plainte,Rosemont - La Petite-Patrie,Rosemont-La Petite-Patrie,2021-07-14T14:11:38,-73.61310422596736,45.53231197501311
21-186429,Plainte,Ahuntsic - Cartierville,Ahuntsic-Cartierville,2021-07-14T14:25:24,-73.65688389177063,45.56526613986209
21-186512,Plainte,Le Sud-Ouest,Le Sud-Ouest,2021-07-14T14:56:09,-73.597892187,45.448787708
21-186666,Plainte,LaSalle,LaSalle,2021-07-14T15:50:46,-73.6604937934585,45.42887352016884
21-186630,Plainte,Verdun,Verdun,2021-07-14T15:33:35,-73.57449282196364,45.45210070349446
21-186654,Plainte,Villeray-Saint-Michel - Parc-Extension,Villeray-Saint-Michel-Parc-Extension,2021-07-14T15:45:20,-73.60787719690602,45.547031087149776
21-186887,Plainte,Rosemont - La Petite-Patrie,Rosemont-La Petite-Patrie,2021-07-14T18:51:52,-73.59470416803518,45.54014976592585
21-186754,Plainte,Le Plateau-Mont-Royal,Le Plateau-Mont-Royal,2021-07-14T16:45:16,-73.58637315812788,45.53674468942628
21-186853,Plainte,Le Sud-Ouest,Le Sud-Ouest,2021-07-14T18:14:26,-73.589470113,45.452170911
21-186919,Plainte,Anjou,Anjou,2021-07-14T19:40:52,-73.58975691167693,45.60711964694924
21-186933,Plainte,Rosemont - La Petite-Patrie,Rosemont-La Petite-Patrie,2021-07-14T20:07:18,-73.56930156,45.56592549
21-186846,Plainte,LaSalle,LaSalle,2021-07-14T18:10:38,-73.60423844445509,45.434081925694734
21-186867,Plainte,Saint-Laurent,Saint-Laurent,2021-07-14T18:31:20,-73.71246941630895,45.51276364520657
21-187037,Plainte,Le Plateau-Mont-Royal,Le Plateau-Mont-Royal,2021-07-15T08:39:29,-73.56817345657316,45.5361788577571
21-187114,Plainte,Saint-Léonard,Saint-Léonard,2021-07-15T09:05:33,-73.613899936,45.596023755
21-187096,Plainte,Saint-Léonard,Saint-Léonard,2021-07-15T08:58:39,-73.57884412953482,45.58260356542535
21-187102,Plainte,Ahuntsic - Cartierville,Ahuntsic-Cartierville,2021-07-15T09:00:32,-73.70192346013796,45.54285109488331
21-187212,Plainte,Verdun,Verdun,2021-07-15T09:35:01,-73.57454748679986,45.45149173496852
21-187148,Plainte,Anjou,Anjou,2021-07-15T09:19:26,-73.55147283542273,45.61609043261764
21-187214,Plainte,Mercier - Hochelaga-Maisonneuve,Mercier-Hochelaga-Maisonneuve,2021-07-15T09:36:01,-73.517017224,45.606362371
21-187305,Plainte,Le Plateau-Mont-Royal,Le Plateau-Mont-Royal,2021-07-15T10:15:01,-73.58296877351066,45.5343236639565
21-187309,Plainte,Rosemont - La Petite-Patrie,Rosemont-La Petite-Patrie,2021-07-15T10:16:08,-73.59214163287427,45.55385590784087
21-187298,Plainte,Montréal-Nord,Montréal-Nord,2021-07-15T10:10:35,-73.61744884338134,45.61079886175847
21-18731,Plainte,Rivière-des-Prairies - Pointe-aux-Trembles,Rivière-des-Prairies-Pointe-aux-Trembles,2021-01-26T08:43:09,-73.50428775,45.679889729
21-187334,Plainte,Côte-des-Neiges - Notre-Dame-de-Grâce,Côte-des-Neiges-Notre-Dame-de-Grâce,2021-07-15T10:26:31,-73.64370174352446,45.47000862012648
21-187445,Plainte,Saint-Léonard,Saint-Léonard,2021-07-15T11:10:11,-73.6103111669654,45.593987468091306
21-187398,Plainte,Le Plateau-Mont-Royal,Le Plateau-Mont-Royal,2021-07-15T10:51:56,-73.58997449,45.531481452
21-187420,Plainte,Rosemont - La Petite-Patrie,Rosemont-La Petite-Patrie,2021-07-15T11:00:03,-73.566366842,45.569220738
21-187390,Plainte,Côte-des-Neiges - Notre-Dame-de-Grâce,Côte-des-Neiges-Notre-Dame-de-Grâce,2021-07-15T10:50:51,-73.62199016788907,45.51097657136461
21-18768,Plainte,Ville-Marie,Ville-Marie,2021-01-26T09:15:09,-73.55882857370764,45.51669669617837
21-187551,Plainte,Verdun,Verdun,2021-07-15T11:46:10,-73.56729097922792,45.4596784751438
21-187621,Plainte,Rivière-des-Prairies - Pointe-aux-Trembles,Rivière-des-Prairies-Pointe-aux-Trembles,2021-07-15T12:16:45,-73.5535567075386,45.66741013916469
21-187603,Plainte,Rosemont - La Petite-Patrie,Rosemont-La Petite-Patrie,2021-07-15T12:06:39,-73.58894168552202,45.54340456135585
21-18765,Plainte,Rivière-des-Prairies - Pointe-aux-Trembles,Rivière-des-Prairies-Pointe-aux-Trembles,2021-01-26T09:13:31,-73.50428775,45.679889729
21-187686,Plainte,LaSalle,LaSalle,2021-07-15T12:55:08,-73.62968717646518,45.43912296540692
21-187855,Plainte,Lachine,Lachine,2021-07-15T14:01:38,-73.69701990854956,45.4427451574222
21-187748,Plainte,Ahuntsic - Cartierville,Ahuntsic-Cartierville,2021-07-15T13:21:08,-73.6448626360449,45.57395988180883
21-188142,Plainte,Mercier - Hochelaga-Maisonneuve,Mercier-Hochelaga-Maisonneuve,2021-07-15T16:07:22,-73.54151285473911,45.585683232018006
21-188133,Plainte,Rivière-des-Prairies - Pointe-aux-Trembles,Rivière-des-Prairies-Pointe-aux-Trembles,2021-07-15T16:03:33,-73.50731402775526,45.64647123922418
21-187872,Plainte,Ahuntsic - Cartierville,Ahuntsic-Cartierville,2021-07-15T14:15:03,-73.66504029,45.563635802
21-187896,Plainte,Villeray-Saint-Michel - Parc-Extension,Villeray-Saint-Michel-Parc-Extension,2021-07-15T14:26:12,-73.6052892729527,45.547158828100606
21-188045,Plainte,Ville-Marie,Ville-Marie,2021-07-15T15:29:53,-73.546209841,45.522936382
21-188135,Plainte,Le Plateau-Mont-Royal,Le Plateau-Mont-Royal,2021-07-15T16:04:03,-73.594517779348,45.52594546342382
21-188519,Plainte,Verdun,Verdun,2021-07-16T08:54:55,-73.54675162743085,45.45689369050043
21-188246,Plainte,Ahuntsic - Cartierville,Ahuntsic-Cartierville,2021-07-15T17:36:11,-73.67702259581695,45.540267314022685
21-188266,Plainte,Le Sud-Ouest,Le Sud-Ouest,2021-07-15T18:00:31,-73.5685145127144,45.48697845914258
21-188313,Plainte,Ville-Marie,Ville-Marie,2021-07-15T18:51:31,-73.55882857370764,45.51669669617837
21-188314,Plainte,Saint-Laurent,Saint-Laurent,2021-07-15T18:53:48,-73.67947148366983,45.513224883526114
21-18826,Plainte,Le Plateau-Mont-Royal,Le Plateau-Mont-Royal,2021-01-26T09:56:25,-73.590884634,45.531889699
21-188320,Plainte,Rosemont - La Petite-Patrie,Rosemont-La Petite-Patrie,2021-07-15T19:02:09,-73.5814967208909,45.54445174204635
21-188322,Plainte,Ahuntsic - Cartierville,Ahuntsic-Cartierville,2021-07-15T19:02:49,-73.65517149349208,45.58000342957812
21-188569,Plainte,Mercier - Hochelaga-Maisonneuve,Mercier-Hochelaga-Maisonneuve,2021-07-16T09:16:10,-73.54937469159994,45.54433787067336
21-188746,Plainte,Pierrefonds - Roxboro,Pierrefonds-Roxboro,2021-07-16T10:25:54,-73.85271112245529,45.49779547593822
21-188690,Plainte,Rosemont - La Petite-Patrie,Rosemont-La Petite-Patrie,2021-07-16T10:03:48,-73.58388072774467,45.56612381609193
21-188737,Plainte,LaSalle,LaSalle,2021-07-16T10:20:34,-73.58982333710526,45.4339127315395
21-188720,Plainte,Rosemont - La Petite-Patrie,Rosemont-La Petite-Patrie,2021-07-16T10:12:42,-73.59214163287427,45.55385590784087
21-189136,Plainte,Le Sud-Ouest,Le Sud-Ouest,2021-07-16T13:39:47,-73.58497663370835,45.48060941995201
21-189021,Plainte,Le Sud-Ouest,Le Sud-Ouest,2021-07-16T12:37:31,-73.6010820700166,45.45895637453236
21-189047,Plainte,Mercier - Hochelaga-Maisonneuve,Mercier-Hochelaga-Maisonneuve,2021-07-16T12:55:47,-73.53544374504602,45.61083973665924
21-188889,Plainte,Rosemont - La Petite-Patrie,Rosemont-La Petite-Patrie,2021-07-16T11:26:43,-73.60605460562958,45.53554116951644
21-189065,Plainte,LaSalle,LaSalle,2021-07-16T13:05:17,-73.62522371858597,45.42590910877991
21-189609,Plainte,Ahuntsic - Cartierville,Ahuntsic-Cartierville,2021-07-16T18:22:16,-73.63945550146595,45.574028836306525
21-189502,Plainte,Verdun,Verdun,2021-07-16T16:27:33,-73.5853382156211,45.4384686140793
21-189158,Plainte,Lachine,Lachine,2021-07-16T13:47:10,-73.68110688473027,45.432960569267664
21-189245,Plainte,Rosemont - La Petite-Patrie,Rosemont-La Petite-Patrie,2021-07-16T14:16:39,-73.58780663782503,45.546261291489614
21-189295,Plainte,Lachine,Lachine,2021-07-16T14:43:52,-73.68195640226537,45.43306545427694
21-189315,Plainte,Anjou,Mercier-Hochelaga-Maisonneuve,2021-07-16T14:52:35,-73.541531947,45.608571255
21-189390,Plainte,Villeray-Saint-Michel - Parc-Extension,Villeray-Saint-Michel-Parc-Extension,2021-07-16T15:27:52,-73.622572914,45.544875746
21-1895,Plainte,Ville-Marie,Ville-Marie,2021-01-05T08:39:36,-73.55180830595664,45.53519421668467
21-189646,Plainte,Rosemont - La Petite-Patrie,Rosemont-La Petite-Patrie,2021-07-16T19:19:50,-73.574050492,45.549472584
21-18980,Plainte,Montréal-Nord,Montréal-Nord,2021-01-26T11:18:31,-73.63621048435019,45.57955010285666
21-18965,Plainte,LaSalle,LaSalle,2021-01-26T11:09:19,-73.59566855896816,45.43254745304754
21-189795,Plainte,Montréal-Nord,Montréal-Nord,2021-07-17T10:44:46,-73.61793867206198,45.61552834761912
21-189653,Plainte,Le Plateau-Mont-Royal,Le Plateau-Mont-Royal,2021-07-16T19:32:02,-73.59550027305932,45.51880326537282
21-18976,Plainte,Rosemont - La Petite-Patrie,Rosemont-La Petite-Patrie,2021-01-26T11:15:23,-73.59780871823521,45.54454469229034
21-189941,Plainte,Ahuntsic - Cartierville,Ahuntsic-Cartierville,2021-07-17T14:37:30,-73.64394932556485,45.57035879918859
21-189992,Plainte,Mercier - Hochelaga-Maisonneuve,Mercier-Hochelaga-Maisonneuve,2021-07-17T16:06:50,-73.51215927765287,45.60622769241467
21-190412,Plainte,Le Plateau-Mont-Royal,Le Plateau-Mont-Royal,2021-07-19T08:55:23,-73.58211854863245,45.53973379564641
21-19017,Plainte,Lachine,Lachine,2021-01-26T11:41:26,-73.6870697771599,45.44480973079138
21-190375,Plainte,Pierrefonds - Roxboro,Pierrefonds-Roxboro,2021-07-19T08:40:15,-73.84233855497932,45.51328401708016
21-190800,Plainte,Rosemont - La Petite-Patrie,Rosemont-La Petite-Patrie,2021-07-19T11:08:28,-73.58240399119218,45.567822359414045
21-190464,Plainte,Rivière-des-Prairies - Pointe-aux-Trembles,Rivière-des-Prairies-Pointe-aux-Trembles,2021-07-19T09:13:23,-73.56345626700062,45.64708043482175
21-190690,Plainte,Rosemont - La Petite-Patrie,Rosemont-La Petite-Patrie,2021-07-19T10:26:56,-73.59989531726647,45.53962989571313
21-190999,Plainte,Rosemont - La Petite-Patrie,Rosemont-La Petite-Patrie,2021-07-19T12:19:21,-73.6018802828876,45.537431226352176
21-190987,Plainte,Ville-Marie,Ville-Marie,2021-07-19T12:15:05,-73.55882857370764,45.51669669617837
21-190825,Plainte,Ahuntsic - Cartierville,Ahuntsic-Cartierville,2021-07-19T11:16:16,-73.68056304018552,45.53761609748043
21-190861,Plainte,Rosemont - La Petite-Patrie,Rosemont-La Petite-Patrie,2021-07-19T11:26:47,-73.57179763037027,45.55058111673371
21-191112,Plainte,Ahuntsic - Cartierville,Ahuntsic-Cartierville,2021-07-19T13:13:14,-73.65548459072058,45.57720592529154
21-191099,Plainte,Montréal-Nord,Montréal-Nord,2021-07-19T13:09:09,-73.64383388118023,45.58936982122688
21-1911,Plainte,Ville-Marie,Ville-Marie,2021-01-05T08:51:23,-73.58113830370718,45.49407980755218
21-191101,Plainte,Côte-des-Neiges - Notre-Dame-de-Grâce,Côte-des-Neiges-Notre-Dame-de-Grâce,2021-07-19T13:09:33,-73.65155813662494,45.46006931083
21-191104,Plainte,Le Plateau-Mont-Royal,Le Plateau-Mont-Royal,2021-07-19T13:10:04,-73.59079570565522,45.525330312167895
21-19132,Plainte,Villeray-Saint-Michel - Parc-Extension,Villeray-Saint-Michel-Parc-Extension,2021-01-26T13:18:10,-73.60320823735914,45.54947618922472
21-191152,Plainte,Lachine,Lachine,2021-07-19T13:27:48,-73.68110688473027,45.432960569267664
21-1913,Plainte,Verdun,Verdun,2021-01-05T08:53:26,-73.57433435224938,45.45392123433933
21-191146,Plainte,Le Plateau-Mont-Royal,Le Plateau-Mont-Royal,2021-07-19T13:25:55,-73.58637315812788,45.53674468942628
21-191231,Plainte,Rosemont - La Petite-Patrie,Rosemont-La Petite-Patrie,2021-07-19T13:58:30,-73.60763640037254,45.53114219792246
21-191341,Plainte,Mercier - Hochelaga-Maisonneuve,Mercier-Hochelaga-Maisonneuve,2021-07-19T14:31:58,-73.55628798300327,45.58417239403536
21-191392,Plainte,Ahuntsic - Cartierville,Ahuntsic-Cartierville,2021-07-19T14:49:12,-73.69445884650719,45.53349310323134
21-19135,Plainte,LaSalle,LaSalle,2021-01-26T13:20:52,-73.60995970175945,45.41916673646158
21-191450,Plainte,L'Île-Bizard - Sainte-Geneviève,L'Île-Bizard-Sainte-Geneviève,2021-07-19T15:10:15,-73.8625531322173,45.509122890024
21-191441,Plainte,LaSalle,LaSalle,2021-07-19T15:07:51,-73.59566855896816,45.43254745304754
21-191497,Plainte,Mercier - Hochelaga-Maisonneuve,Mercier-Hochelaga-Maisonneuve,2021-07-19T15:28:34,-73.55055084208699,45.57405801683319
21-192147,Plainte,Rivière-des-Prairies - Pointe-aux-Trembles,Rivière-des-Prairies-Pointe-aux-Trembles,2021-07-20T09:40:17,-73.5724610203832,45.64310153929522
21-191534,Plainte,Ahuntsic - Cartierville,Ahuntsic-Cartierville,2021-07-19T15:45:11,-73.72216140165399,45.53410642046464
21-191817,Plainte,Rosemont - La Petite-Patrie,Rosemont-La Petite-Patrie,2021-07-19T19:04:20,-73.606046618,45.540899807
21-192027,Plainte,Lachine,Lachine,2021-07-20T08:59:22,-73.67407019004838,45.43494006595313
21-192101,Plainte,Verdun,Verdun,2021-07-20T09:24:32,-73.56826368507369,45.45013066375827
21-19183,Plainte,LaSalle,LaSalle,2021-01-26T13:51:04,-73.62042815647408,45.41972091883053
21-192039,Plainte,Villeray-Saint-Michel - Parc-Extension,Villeray-Saint-Michel-Parc-Extension,2021-07-20T09:01:41,-73.60422248867988,45.54831379374274
21-192066,Plainte,Rivière-des-Prairies - Pointe-aux-Trembles,Rivière-des-Prairies-Pointe-aux-Trembles,2021-07-20T09:09:23,-73.50096518964033,45.66438569672816
21-192306,Plainte,Le Plateau-Mont-Royal,Le Plateau-Mont-Royal,2021-07-20T10:31:05,-73.570495781,45.513612362
21-192178,Plainte,Villeray-Saint-Michel - Parc-Extension,Villeray-Saint-Michel-Parc-Extension,2021-07-20T09:52:04,-73.59880589883787,45.5690079084221
21-192179,Plainte,Villeray-Saint-Michel - Parc-Extension,Villeray-Saint-Michel-Parc-Extension,2021-07-20T09:52:17,-73.624969854,45.54459591
21-192180,Plainte,Ahuntsic - Cartierville,Ahuntsic-Cartierville,2021-07-20T09:52:25,-73.66115881814751,45.56737463707906
21-19220,Plainte,Villeray-Saint-Michel - Parc-Extension,Villeray-Saint-Michel-Parc-Extension,2021-01-26T14:15:26,-73.61516864778275,45.5399387135296
21-192246,Plainte,Villeray-Saint-Michel - Parc-Extension,Villeray-Saint-Michel-Parc-Extension,2021-07-20T10:11:13,-73.618579719,45.542279757
21-192291,Plainte,L'Île-Bizard - Sainte-Geneviève,L'Île-Bizard-Sainte-Geneviève,2021-07-20T10:26:27,-73.8645567679533,45.48221021814375
21-192237,Plainte,Lachine,Lachine,2021-07-20T10:08:55,-73.70121748075341,45.43678264215615
21-192334,Plainte,Anjou,Anjou,2021-07-20T10:45:26,-73.55590967616051,45.59402120431781
21-192501,Plainte,Rosemont - La Petite-Patrie,Rosemont-La Petite-Patrie,2021-07-20T11:44:18,-73.5954471903541,45.53701191077593
21-19256,Plainte,Mercier - Hochelaga-Maisonneuve,Mercier-Hochelaga-Maisonneuve,2021-01-26T14:42:27,-73.54747334981347,45.59397201292866
21-192524,Plainte,Côte-des-Neiges - Notre-Dame-de-Grâce,Côte-des-Neiges-Notre-Dame-de-Grâce,2021-07-20T11:51:10,-73.63948856843759,45.49087177042016
21-192576,Plainte,Pierrefonds - Roxboro,Pierrefonds-Roxboro,2021-07-20T12:17:46,-73.8433581197667,45.5127327208661
21-192621,Plainte,Côte-des-Neiges - Notre-Dame-de-Grâce,Côte-des-Neiges-Notre-Dame-de-Grâce,2021-07-20T12:44:38,-73.63888021219552,45.50402192098941
21-19297,Plainte,Mercier - Hochelaga-Maisonneuve,Mercier-Hochelaga-Maisonneuve,2021-01-26T15:05:54,-73.53724880239682,45.55977946801245
21-192638,Plainte,Verdun,Verdun,2021-07-20T12:51:07,-73.569338668,45.461113158
21-192796,Plainte,Ville-Marie,Ville-Marie,2021-07-20T13:58:13,-73.558121709,45.523239254
21-192972,Plainte,Mercier - Hochelaga-Maisonneuve,Mercier-Hochelaga-Maisonneuve,2021-07-20T15:05:59,-73.52870405997976,45.55783297362177
21-192973,Plainte,Mercier - Hochelaga-Maisonneuve,Mercier-Hochelaga-Maisonneuve,2021-07-20T15:06:27,-73.52870405997976,45.55783297362177
21-193398,Plainte,Anjou,Anjou,2021-07-21T08:37:52,-73.58646161657856,45.60499884027182
21-193070,Plainte,Mercier - Hochelaga-Maisonneuve,Mercier-Hochelaga-Maisonneuve,2021-07-20T15:45:55,-73.52092775391924,45.59013163623716
21-193092,Plainte,Mercier - Hochelaga-Maisonneuve,Mercier-Hochelaga-Maisonneuve,2021-07-20T15:57:53,-73.52327220808925,45.61028621304757
21-193145,Plainte,Ville-Marie,Ville-Marie,2021-07-20T16:32:19,-73.56080986,45.529705
21-193472,Plainte,L'Île-Bizard - Sainte-Geneviève,L'Île-Bizard-Sainte-Geneviève,2021-07-21T09:05:41,-73.8738899994228,45.47870101553216
21-193436,Plainte,Rosemont - La Petite-Patrie,Rosemont-La Petite-Patrie,2021-07-21T08:51:51,-73.57726016567071,45.56266240162567
21-193763,Plainte,LaSalle,LaSalle,2021-07-21T10:42:37,-73.60423844445509,45.434081925694734
21-193464,Plainte,Ahuntsic - Cartierville,Ahuntsic-Cartierville,2021-07-21T09:02:23,-73.6730582496932,45.55098121188847
21-193466,Plainte,Saint-Léonard,Saint-Léonard,2021-07-21T09:03:00,-73.59555832652754,45.59235195583665
21-193479,Plainte,L'Île-Bizard - Sainte-Geneviève,L'Île-Bizard-Sainte-Geneviève,2021-07-21T09:08:02,-73.8738899994228,45.47870101553216
21-193574,Plainte,Le Plateau-Mont-Royal,Le Plateau-Mont-Royal,2021-07-21T09:40:20,-73.58179063172432,45.532883376373775
21-19347,Plainte,Mercier - Hochelaga-Maisonneuve,Mercier-Hochelaga-Maisonneuve,2021-01-26T15:32:57,-73.5533520214655,45.55324171177638
21-193698,Plainte,Rosemont - La Petite-Patrie,Rosemont-La Petite-Patrie,2021-07-21T10:23:08,-73.61363408035557,45.53301598414763
21-193591,Plainte,Pierrefonds - Roxboro,Pierrefonds-Roxboro,2021-07-21T09:46:59,-73.79095757882868,45.50614271354736
21-193984,Plainte,Montréal-Nord,Montréal-Nord,2021-07-21T11:51:27,-73.62580975572092,45.61701759194096
21-193826,Plainte,Rosemont - La Petite-Patrie,Rosemont-La Petite-Patrie,2021-07-21T11:03:15,-73.58952089701212,45.54273825271976
21-193920,Plainte,Rosemont - La Petite-Patrie,Rosemont-La Petite-Patrie,2021-07-21T11:33:03,-73.5910609466194,45.54681748123511
21-193963,Plainte,Rivière-des-Prairies - Pointe-aux-Trembles,Rivière-des-Prairies-Pointe-aux-Trembles,2021-07-21T11:47:40,-73.49067256700269,45.64356235384413
21-193967,Plainte,Mercier - Hochelaga-Maisonneuve,Mercier-Hochelaga-Maisonneuve,2021-07-21T11:48:10,-73.54002345712576,45.5521647904036
21-193881,Plainte,Ahuntsic - Cartierville,Ahuntsic-Cartierville,2021-07-21T11:18:35,-73.65481460395988,45.57376417760052
21-193974,Plainte,Mercier - Hochelaga-Maisonneuve,Mercier-Hochelaga-Maisonneuve,2021-07-21T11:49:30,-73.54002345712576,45.5521647904036
21-193976,Plainte,Mercier - Hochelaga-Maisonneuve,Mercier-Hochelaga-Maisonneuve,2021-07-21T11:50:36,-73.54002345712576,45.5521647904036
21-1941,Plainte,Villeray-Saint-Michel - Parc-Extension,Villeray-Saint-Michel-Parc-Extension,2021-01-05T09:05:27,-73.604899885,45.554067383
21-194049,Plainte,Rosemont - La Petite-Patrie,Rosemont-La Petite-Patrie,2021-07-21T12:17:52,-73.57258310521942,45.557780764957705
21-194634,Plainte,Villeray-Saint-Michel - Parc-Extension,Villeray-Saint-Michel-Parc-Extension,2021-07-21T16:22:36,-73.6257384446778,45.568952414780114
21-194093,Plainte,Villeray-Saint-Michel - Parc-Extension,Villeray-Saint-Michel-Parc-Extension,2021-07-21T12:42:24,-73.62790374283074,45.57348470131021
21-194162,Plainte,Mercier - Hochelaga-Maisonneuve,Mercier-Hochelaga-Maisonneuve,2021-07-21T13:13:56,-73.55956914961243,45.5877202610479
21-19424,Plainte,Verdun,Verdun,2021-01-26T16:51:17,-73.57015012647584,45.46398316371396
21-194321,Plainte,Rosemont - La Petite-Patrie,Rosemont-La Petite-Patrie,2021-07-21T14:17:50,-73.57405269221182,45.5494734237064
21-194564,Plainte,Mercier - Hochelaga-Maisonneuve,Mercier-Hochelaga-Maisonneuve,2021-07-21T15:45:55,-73.53080928496375,45.60139866061883
21-194606,Plainte,Villeray-Saint-Michel - Parc-Extension,Villeray-Saint-Michel-Parc-Extension,2021-07-21T16:07:12,-73.629403405,45.550207894
21-194641,Plainte,Ahuntsic - Cartierville,Ahuntsic-Cartierville,2021-07-21T16:27:48,-73.6733962306836,45.54145736559591
21-194219,Plainte,Villeray-Saint-Michel - Parc-Extension,Villeray-Saint-Michel-Parc-Extension,2021-07-21T13:37:13,-73.61801828296335,45.54991888776639
21-194546,Plainte,Montréal-Nord,Montréal-Nord,2021-07-21T15:37:29,-73.61921376984186,45.61137371451972
21-195033,Plainte,Villeray-Saint-Michel - Parc-Extension,Villeray-Saint-Michel-Parc-Extension,2021-07-22T09:25:23,-73.597515968,45.559751935
21-194737,Plainte,Ahuntsic - Cartierville,Ahuntsic-Cartierville,2021-07-21T17:51:06,-73.65380044561996,45.55134736788091
21-19477,Plainte,Pierrefonds - Roxboro,Pierrefonds-Roxboro,2021-01-26T19:32:23,-73.89046215320992,45.457789404135234
21-194789,Plainte,Mercier - Hochelaga-Maisonneuve,Mercier-Hochelaga-Maisonneuve,2021-07-21T19:01:14,-73.53399480017073,45.55958052696547
21-194812,Plainte,Anjou,Anjou,2021-07-21T19:54:15,-73.5438110157089,45.60304841775342
21-194921,Plainte,Rosemont - La Petite-Patrie,Rosemont-La Petite-Patrie,2021-07-22T08:46:45,-73.60967228459687,45.53035133236335
21-194941,Plainte,Rosemont - La Petite-Patrie,Rosemont-La Petite-Patrie,2021-07-22T08:53:11,-73.56812357000453,45.55081769237992
21-194972,Plainte,Rivière-des-Prairies - Pointe-aux-Trembles,Rivière-des-Prairies-Pointe-aux-Trembles,2021-07-22T09:07:13,-73.59075849943845,45.642588551351146
21-194973,Plainte,Verdun,Verdun,2021-07-22T09:07:32,-73.55693373232191,45.44856600171831
21-195018,Plainte,Anjou,Anjou,2021-07-22T09:21:30,-73.56180640912443,45.60790397988469
21-195020,Plainte,Rivière-des-Prairies - Pointe-aux-Trembles,Rivière-des-Prairies-Pointe-aux-Trembles,2021-07-22T09:21:56,-73.50746814487994,45.65122213751856
21-194904,Plainte,Le Plateau-Mont-Royal,Le Plateau-Mont-Royal,2021-07-22T08:41:27,-73.56780150487741,45.53072706745596
21-195013,Plainte,Rosemont - La Petite-Patrie,Rosemont-La Petite-Patrie,2021-07-22T09:20:17,-73.60543683,45.541574493
21-195142,Plainte,LaSalle,LaSalle,2021-07-22T10:09:36,-73.64116521851449,45.43311251890132
21-195164,Plainte,Le Plateau-Mont-Royal,Le Plateau-Mont-Royal,2021-07-22T10:17:54,-73.57706985261727,45.52296925795543
21-195131,Plainte,Côte-des-Neiges - Notre-Dame-de-Grâce,Côte-des-Neiges-Notre-Dame-de-Grâce,2021-07-22T10:05:57,-73.6195227187189,45.47590654409866
21-195137,Plainte,Le Sud-Ouest,Le Sud-Ouest,2021-07-22T10:07:41,-73.58363856898752,45.457734413814926
21-195235,Plainte,Le Plateau-Mont-Royal,Le Plateau-Mont-Royal,2021-07-22T10:43:02,-73.5761222791845,45.51678342914472
21-19521,Plainte,Montréal-Nord,Montréal-Nord,2021-01-27T07:31:43,-73.62953186031164,45.589597691295175
21-195176,Plainte,Ville-Marie,Ville-Marie,2021-07-22T10:21:25,-73.5615129790256,45.53093560275207
21-195763,Plainte,Ahuntsic - Cartierville,Ahuntsic-Cartierville,2021-07-22T14:19:10,-73.64832715225484,45.57454272376383
21-195339,Plainte,Rivière-des-Prairies - Pointe-aux-Trembles,Rivière-des-Prairies-Pointe-aux-Trembles,2021-07-22T11:19:33,-73.50171933304298,45.648184130818336
21-195687,Plainte,Ahuntsic - Cartierville,Ahuntsic-Cartierville,2021-07-22T13:50:02,-73.64896011075932,45.53870704354594
21-195286,Plainte,Montréal-Nord,Montréal-Nord,2021-07-22T11:01:55,-73.62308725,45.611888678
21-195334,Plainte,Le Sud-Ouest,Le Sud-Ouest,2021-07-22T11:16:25,-73.58857385436028,45.47709269838539
21-195429,Plainte,Anjou,Anjou,2021-07-22T11:53:51,-73.55804673776353,45.607916393929294
21-195521,Plainte,Verdun,Verdun,2021-07-22T12:37:45,-73.57225729447741,45.452798212641774
21-195565,Plainte,Ahuntsic - Cartierville,Ahuntsic-Cartierville,2021-07-22T13:04:18,-73.64226316784791,45.560903372437
21-195738,Plainte,Saint-Laurent,Saint-Laurent,2021-07-22T14:10:15,-73.67947148366983,45.513224883526114
21-195863,Plainte,Mercier - Hochelaga-Maisonneuve,Mercier-Hochelaga-Maisonneuve,2021-07-22T14:54:29,-73.54705577361402,45.58144969049937
21-195850,Plainte,Ahuntsic - Cartierville,Ahuntsic-Cartierville,2021-07-22T14:48:12,-73.651637637,45.558611538
21-195874,Plainte,Mercier - Hochelaga-Maisonneuve,Mercier-Hochelaga-Maisonneuve,2021-07-22T14:56:35,-73.54705577361402,45.58144969049937
21-195998,Plainte,Le Plateau-Mont-Royal,Le Plateau-Mont-Royal,2021-07-22T15:45:50,-73.56556133,45.521365269
21-195906,Plainte,Ahuntsic - Cartierville,Ahuntsic-Cartierville,2021-07-22T15:08:22,-73.66881963785538,45.550809745615794
21-19596,Plainte,Saint-Laurent,Saint-Laurent,2021-01-27T09:16:39,-73.6941617683462,45.527121114032056
21-195948,Plainte,Rivière-des-Prairies - Pointe-aux-Trembles,Rivière-des-Prairies-Pointe-aux-Trembles,2021-07-22T15:27:13,-73.49112702293843,45.6529211360962
21-19604,Plainte,Mercier - Hochelaga-Maisonneuve,Mercier-Hochelaga-Maisonneuve,2021-01-27T09:18:49,-73.54645120790205,45.56189860312233
21-19601,Plainte,Mercier - Hochelaga-Maisonneuve,Mercier-Hochelaga-Maisonneuve,2021-01-27T09:18:23,-73.54645120790205,45.56189860312233
21-19602,Plainte,Anjou,Anjou,2021-01-27T09:18:24,-73.54536541640412,45.61614546312212
21-196131,Plainte,Pierrefonds - Roxboro,Pierrefonds-Roxboro,2021-07-22T17:02:05,-73.8553438793686,45.4917078752932
21-196064,Plainte,Pierrefonds - Roxboro,Pierrefonds-Roxboro,2021-07-22T16:20:25,-73.85017335360754,45.49670135627612
21-19612,Plainte,Saint-Léonard,Saint-Léonard,2021-01-27T09:25:57,-73.60407736878655,45.59971954511371
21-196378,Plainte,Saint-Léonard,Saint-Léonard,2021-07-23T09:13:40,-73.57571008504206,45.58195651662264
21-196323,Plainte,Rivière-des-Prairies - Pointe-aux-Trembles,Rivière-des-Prairies-Pointe-aux-Trembles,2021-07-23T08:46:16,-73.49082258951441,45.64000316775083
21-196457,Plainte,Rosemont - La Petite-Patrie,Mercier-Hochelaga-Maisonneuve,2021-07-23T09:49:00,-73.554457858,45.554635881
21-196401,Plainte,Le Plateau-Mont-Royal,Le Plateau-Mont-Royal,2021-07-23T09:24:13,-73.583524753,45.531035342
21-19640,Plainte,Anjou,Anjou,2021-01-27T09:42:34,-73.54230127416913,45.601645198643546
21-196534,Plainte,Le Plateau-Mont-Royal,Le Plateau-Mont-Royal,2021-07-23T10:26:42,-73.581114252,45.522309078
21-196575,Plainte,Ahuntsic - Cartierville,Ahuntsic-Cartierville,2021-07-23T10:42:55,-73.65296219003781,45.57607025352444
21-196561,Plainte,Ville-Marie,Ville-Marie,2021-07-23T10:37:27,-73.5831679603905,45.493626505984224
21-196690,Plainte,Mercier - Hochelaga-Maisonneuve,Mercier-Hochelaga-Maisonneuve,2021-07-23T11:32:45,-73.52788790307494,45.60426825190537
21-196683,Plainte,Le Plateau-Mont-Royal,Le Plateau-Mont-Royal,2021-07-23T11:30:40,-73.56766527936223,45.53483819513928
21-196982,Plainte,Mercier - Hochelaga-Maisonneuve,Mercier-Hochelaga-Maisonneuve,2021-07-23T14:17:20,-73.51694747624524,45.5964119305057
21-196798,Plainte,Le Plateau-Mont-Royal,Le Plateau-Mont-Royal,2021-07-23T12:32:45,-73.56766527936223,45.53483819513928
21-19684,Plainte,Rosemont - La Petite-Patrie,Rosemont-La Petite-Patrie,2021-01-27T10:10:49,-73.602723356,45.541893807
21-196860,Plainte,Anjou,Anjou,2021-07-23T13:13:37,-73.57605232750153,45.60562649071137
21-19693,Plainte,Côte-des-Neiges - Notre-Dame-de-Grâce,Côte-des-Neiges-Notre-Dame-de-Grâce,2021-01-27T10:18:33,-73.61132094967758,45.46765355862295
21-196944,Plainte,Rivière-des-Prairies - Pointe-aux-Trembles,Rivière-des-Prairies-Pointe-aux-Trembles,2021-07-23T13:58:21,-73.57192289796,45.654593264583646
21-196904,Plainte,Mercier - Hochelaga-Maisonneuve,Mercier-Hochelaga-Maisonneuve,2021-07-23T13:35:26,-73.52900575509017,45.59594963628734
21-19703,Plainte,Ville-Marie,Ville-Marie,2021-01-27T10:25:23,-73.55214951684354,45.53712856392824
21-197118,Plainte,Pierrefonds - Roxboro,Pierrefonds-Roxboro,2021-07-23T15:27:42,-73.88432328648963,45.45289757656254
21-197036,Plainte,Verdun,Verdun,2021-07-23T14:37:59,-73.57401021601152,45.44523288463481
21-1973,Plainte,Verdun,Verdun,2021-01-05T09:21:26,-73.57383056408524,45.45952538755293
21-197270,Plainte,Le Plateau-Mont-Royal,Le Plateau-Mont-Royal,2021-07-23T17:26:57,-73.5889804898082,45.517144823466886
21-197320,Plainte,Côte-des-Neiges - Notre-Dame-de-Grâce,Côte-des-Neiges-Notre-Dame-de-Grâce,2021-07-23T18:50:03,-73.64192711247436,45.49628341393768
21-197308,Plainte,Ahuntsic - Cartierville,Ahuntsic-Cartierville,2021-07-23T18:34:49,-73.6511113253107,45.564703694304704
21-197534,Plainte,Rosemont - La Petite-Patrie,Rosemont-La Petite-Patrie,2021-07-24T12:31:46,-73.585538363176,45.544936386210665
21-197460,Plainte,Côte-des-Neiges - Notre-Dame-de-Grâce,Côte-des-Neiges-Notre-Dame-de-Grâce,2021-07-24T10:14:53,-73.65436202848574,45.49552588703538
21-197538,Plainte,Saint-Léonard,Saint-Léonard,2021-07-24T12:34:26,-73.613899936,45.596023755
21-197668,Plainte,Le Sud-Ouest,Le Sud-Ouest,2021-07-24T18:10:22,-73.60361201053718,45.45659608046423
21-197617,Plainte,Rivière-des-Prairies - Pointe-aux-Trembles,Rivière-des-Prairies-Pointe-aux-Trembles,2021-07-24T15:37:47,-73.488462982,45.692580744
21-197643,Plainte,Côte-des-Neiges - Notre-Dame-de-Grâce,Côte-des-Neiges-Notre-Dame-de-Grâce,2021-07-24T16:50:48,-73.6229616134691,45.46362868057447
21-197793,Plainte,Ville-Marie,Ville-Marie,2021-07-25T11:36:31,-73.57883235613231,45.51057758158121
21-197932,Plainte,Le Plateau-Mont-Royal,Le Plateau-Mont-Royal,2021-07-25T16:04:51,-73.57652489716696,45.51634058868845
21-197901,Plainte,Saint-Laurent,Saint-Laurent,2021-07-25T14:54:40,-73.702770793906,45.502574257608565
21-197820,Plainte,Le Plateau-Mont-Royal,Le Plateau-Mont-Royal,2021-07-25T12:24:47,-73.57278425727121,45.53306623232624
21-19803,Plainte,Ville-Marie,Ville-Marie,2021-01-27T11:29:12,-73.55986369124447,45.51751795408205
21-198274,Plainte,Mercier - Hochelaga-Maisonneuve,Mercier-Hochelaga-Maisonneuve,2021-07-26T09:58:03,-73.53616185226966,45.558134891570845
21-198185,Plainte,Rosemont - La Petite-Patrie,Rosemont-La Petite-Patrie,2021-07-26T09:26:59,-73.584387400674,45.54078759390077
21-19825,Plainte,Le Sud-Ouest,Le Sud-Ouest,2021-01-27T11:47:53,-73.59253791438653,45.461118344004845
21-198153,Plainte,Rivière-des-Prairies - Pointe-aux-Trembles,Rivière-des-Prairies-Pointe-aux-Trembles,2021-07-26T09:15:05,-73.51275322556674,45.66517094479317
21-198276,Plainte,Pierrefonds - Roxboro,Pierrefonds-Roxboro,2021-07-26T09:58:33,-73.79024954217525,45.507910099375685
21-198681,Plainte,Le Plateau-Mont-Royal,Le Plateau-Mont-Royal,2021-07-26T12:11:51,-73.575876539,45.536773214
21-198349,Plainte,Ville-Marie,Ville-Marie,2021-07-26T10:22:43,-73.55810760323527,45.52076080737448
21-198372,Plainte,Le Plateau-Mont-Royal,Le Plateau-Mont-Royal,2021-07-26T10:29:15,-73.59454510037021,45.53052996314289
21-198288,Plainte,Saint-Léonard,Saint-Léonard,2021-07-26T10:03:19,-73.59773083870645,45.58428894016698
21-198336,Plainte,Rivière-des-Prairies - Pointe-aux-Trembles,Rivière-des-Prairies-Pointe-aux-Trembles,2021-07-26T10:20:26,-73.49107905680388,45.68660020623788
21-198436,Plainte,Mercier - Hochelaga-Maisonneuve,Mercier-Hochelaga-Maisonneuve,2021-07-26T10:50:58,-73.53661770088634,45.557428808532734
21-198567,Plainte,Rosemont - La Petite-Patrie,Rosemont-La Petite-Patrie,2021-07-26T11:34:55,-73.60702091473779,45.52919831215097
21-198683,Plainte,Rosemont - La Petite-Patrie,Rosemont-La Petite-Patrie,2021-07-26T12:12:02,-73.56323352216454,45.55291019854494
21-19909,Plainte,Verdun,Verdun,2021-01-27T12:55:44,-73.57383056408524,45.45952538755293
21-198829,Plainte,Ahuntsic - Cartierville,Ahuntsic-Cartierville,2021-07-26T13:23:17,-73.66699759364204,45.53437115992439
21-198851,Plainte,Côte-des-Neiges - Notre-Dame-de-Grâce,Côte-des-Neiges-Notre-Dame-de-Grâce,2021-07-26T13:35:24,-73.64192711247436,45.49628341393768
21-198933,Plainte,Ville-Marie,Ville-Marie,2021-07-26T14:07:03,-73.55207776085119,45.52977373985296
21-19873,Plainte,Rosemont - La Petite-Patrie,Rosemont-La Petite-Patrie,2021-01-27T12:23:01,-73.57470745074501,45.57109934926126
21-19921,Plainte,Côte-des-Neiges - Notre-Dame-de-Grâce,Côte-des-Neiges-Notre-Dame-de-Grâce,2021-01-27T13:07:41,-73.61887207608059,45.48924093243945
21-199150,Plainte,Mercier - Hochelaga-Maisonneuve,Mercier-Hochelaga-Maisonneuve,2021-07-26T15:27:16,-73.51573893664967,45.592978775095645
21-199951,Plainte,Pierrefonds - Roxboro,Pierrefonds-Roxboro,2021-07-27T11:11:40,-73.8553438793686,45.4917078752932
21-199539,Plainte,Montréal-Nord,Montréal-Nord,2021-07-27T08:51:04,-73.62734317878103,45.61845911951733
21-19952,Plainte,Saint-Léonard,Saint-Léonard,2021-01-27T13:23:32,-73.59818134204404,45.600052931104216
21-199588,Plainte,Ahuntsic - Cartierville,Ahuntsic-Cartierville,2021-07-27T09:15:13,-73.68686687894896,45.54080028776645
21-19950,Plainte,Rivière-des-Prairies - Pointe-aux-Trembles,Rivière-des-Prairies-Pointe-aux-Trembles,2021-01-27T13:22:33,-73.50399880363864,45.67795879885734
21-199597,Plainte,Saint-Léonard,Saint-Léonard,2021-07-27T09:16:40,-73.59773083870645,45.58428894016698
21-19984,Plainte,L'Île-Bizard - Sainte-Geneviève,L'Île-Bizard-Sainte-Geneviève,2021-01-27T13:38:33,-73.87475039980288,45.49850396649936
21-199908,Plainte,Montréal-Nord,Montréal-Nord,2021-07-27T11:00:14,-73.62238160017677,45.61014840821421
21-200190,Plainte,Rosemont - La Petite-Patrie,Rosemont-La Petite-Patrie,2021-07-27T12:56:58,-73.589521148,45.542738363
21-200068,Plainte,Outremont,Outremont,2021-07-27T11:56:22,-73.61157499295943,45.52199282161479
21-200156,Plainte,Rosemont - La Petite-Patrie,Rosemont-La Petite-Patrie,2021-07-27T12:40:20,-73.5704620433444,45.549789224331725
21-200029,Plainte,Côte-des-Neiges - Notre-Dame-de-Grâce,Côte-des-Neiges-Notre-Dame-de-Grâce,2021-07-27T11:40:16,-73.64033711265765,45.494411789021015
21-200150,Plainte,Côte-des-Neiges - Notre-Dame-de-Grâce,Côte-des-Neiges-Notre-Dame-de-Grâce,2021-07-27T12:38:03,-73.62661786026818,45.50251757454913
21-200269,Plainte,Le Plateau-Mont-Royal,Le Plateau-Mont-Royal,2021-07-27T13:35:04,-73.581597831,45.537156542
21-200206,Plainte,Anjou,Anjou,2021-07-27T13:09:22,-73.588418639,45.607531716
21-200227,Plainte,Anjou,Anjou,2021-07-27T13:16:24,-73.58263136824995,45.60337833769098
21-200257,Plainte,L'Île-Bizard - Sainte-Geneviève,L'Île-Bizard-Sainte-Geneviève,2021-07-27T13:31:38,-73.90459307018428,45.50515406176611
21-20037,Plainte,Anjou,Anjou,2021-01-27T14:07:22,-73.552141063,45.602276036
21-200445,Plainte,Rosemont - La Petite-Patrie,Rosemont-La Petite-Patrie,2021-07-27T14:48:50,-73.5806317504594,45.55339336033182
21-200511,Plainte,Pierrefonds - Roxboro,Pierrefonds-Roxboro,2021-07-27T15:18:47,-73.7796283408656,45.50415673802127
21-200486,Plainte,Montréal-Nord,Montréal-Nord,2021-07-27T15:04:33,-73.61658710977355,45.61218948971588
21-200507,Plainte,Pierrefonds - Roxboro,Pierrefonds-Roxboro,2021-07-27T15:15:43,-73.87659011854377,45.47029906031497
21-20049,Plainte,Mercier - Hochelaga-Maisonneuve,Mercier-Hochelaga-Maisonneuve,2021-01-27T14:14:46,-73.53426901145949,45.60963811503216
21-200491,Plainte,LaSalle,LaSalle,2021-07-27T15:06:37,-73.59566855896816,45.43254745304754
21-200529,Plainte,Le Plateau-Mont-Royal,Le Plateau-Mont-Royal,2021-07-27T15:29:11,-73.573193572,45.527051265
21-200572,Plainte,Rosemont - La Petite-Patrie,Rosemont-La Petite-Patrie,2021-07-27T15:42:50,-73.57457391395157,45.559840575446486
21-200588,Plainte,Rivière-des-Prairies - Pointe-aux-Trembles,Rivière-des-Prairies-Pointe-aux-Trembles,2021-07-27T15:49:24,-73.49783564284039,45.66210224444392
21-200561,Plainte,Le Plateau-Mont-Royal,Le Plateau-Mont-Royal,2021-07-27T15:37:28,-73.57594410345614,45.52794205974996
21-200578,Plainte,Ville-Marie,Ville-Marie,2021-07-27T15:43:40,-73.55365472738332,45.52829367005145
21-20099,Plainte,Ahuntsic - Cartierville,Ahuntsic-Cartierville,2021-01-27T14:51:49,-73.714282942,45.526452419
21-20061,Plainte,Mercier - Hochelaga-Maisonneuve,Mercier-Hochelaga-Maisonneuve,2021-01-27T14:27:05,-73.51918763907055,45.60055968956088
21-200600,Plainte,Mercier - Hochelaga-Maisonneuve,Mercier-Hochelaga-Maisonneuve,2021-07-27T15:57:35,-73.5366618325134,45.54506038176307
21-200666,Plainte,Ahuntsic - Cartierville,Ahuntsic-Cartierville,2021-07-27T16:46:38,-73.6919718763432,45.5339656570271
21-200692,Plainte,Rosemont - La Petite-Patrie,Rosemont-La Petite-Patrie,2021-07-27T17:02:42,-73.55848756345206,45.57299935852872
21-200780,Plainte,Villeray-Saint-Michel - Parc-Extension,Villeray-Saint-Michel-Parc-Extension,2021-07-27T19:17:22,-73.61620738051198,45.54635621980882
21-201007,Plainte,Anjou,Anjou,2021-07-28T09:20:15,-73.55147283542273,45.61609043261764
21-200996,Plainte,Montréal-Nord,Montréal-Nord,2021-07-28T09:15:14,-73.64527047306728,45.59272933066482
21-201113,Plainte,L'Île-Bizard - Sainte-Geneviève,L'Île-Bizard-Sainte-Geneviève,2021-07-28T10:03:37,-73.886551505,45.48948671
21-201274,Plainte,Rosemont - La Petite-Patrie,Rosemont-La Petite-Patrie,2021-07-28T11:02:30,-73.600077054,45.544753885
21-20125,Plainte,Pierrefonds - Roxboro,Pierrefonds-Roxboro,2021-01-27T15:07:36,-73.803994011,45.51438299
21-201376,Plainte,Pierrefonds - Roxboro,Pierrefonds-Roxboro,2021-07-28T11:43:11,-73.78348784193022,45.50009443874765
21-201424,Plainte,Pierrefonds - Roxboro,Pierrefonds-Roxboro,2021-07-28T12:05:11,-73.85704090475386,45.48910537838189
21-201418,Plainte,Rivière-des-Prairies - Pointe-aux-Trembles,Rivière-des-Prairies-Pointe-aux-Trembles,2021-07-28T12:02:48,-73.5101129404904,45.63959165026665
21-202275,Plainte,Mercier - Hochelaga-Maisonneuve,Mercier-Hochelaga-Maisonneuve,2021-07-29T09:27:01,-73.53880860289355,45.58212126698088
21-201483,Plainte,Ahuntsic - Cartierville,Ahuntsic-Cartierville,2021-07-28T12:47:00,-73.64459670745245,45.55826917904832
21-201485,Plainte,Montréal-Nord,Montréal-Nord,2021-07-28T12:47:24,-73.64178349741763,45.59044313781445
21-20160,Plainte,Verdun,Verdun,2021-01-27T15:29:29,-73.58469140075749,45.44984339862731
21-20162,Plainte,Verdun,Verdun,2021-01-27T15:30:51,-73.5676954142238,45.46954072614148
21-201663,Plainte,Le Plateau-Mont-Royal,Le Plateau-Mont-Royal,2021-07-28T14:10:05,-73.57559920364629,45.52456222668554
21-201701,Plainte,Le Sud-Ouest,Le Sud-Ouest,2021-07-28T14:32:53,-73.577905963,45.481275427
21-201962,Plainte,Rosemont - La Petite-Patrie,Rosemont-La Petite-Patrie,2021-07-28T16:46:18,-73.5768082709393,45.57146046277396
21-202219,Plainte,Ahuntsic - Cartierville,Ahuntsic-Cartierville,2021-07-29T09:05:45,-73.64216233036855,45.54624246694391
21-20163,Plainte,Ville-Marie,Ville-Marie,2021-01-27T15:31:21,-73.56378077232084,45.522294126440045
21-201655,Plainte,Le Plateau-Mont-Royal,Le Plateau-Mont-Royal,2021-07-28T14:07:58,-73.58269259525696,45.525648267123216
21-201684,Plainte,Rosemont - La Petite-Patrie,Rosemont-La Petite-Patrie,2021-07-28T14:21:29,-73.56501855250428,45.5739749493192
21-201715,Plainte,Villeray-Saint-Michel - Parc-Extension,Villeray-Saint-Michel-Parc-Extension,2021-07-28T14:38:03,-73.59208489157281,45.56139236839398
21-201950,Plainte,Verdun,Verdun,2021-07-28T16:36:00,-73.57210876466036,45.4668276974155
21-202005,Plainte,Mercier - Hochelaga-Maisonneuve,Mercier-Hochelaga-Maisonneuve,2021-07-28T17:39:40,-73.517834905,45.600922269
21-202594,Plainte,Rosemont - La Petite-Patrie,Rosemont-La Petite-Patrie,2021-07-29T11:14:08,-73.600077054,45.544753885
21-202517,Plainte,Côte-des-Neiges - Notre-Dame-de-Grâce,Côte-des-Neiges-Notre-Dame-de-Grâce,2021-07-29T10:51:13,-73.63024149980383,45.50455780749076
21-202583,Plainte,Rosemont - La Petite-Patrie,Rosemont-La Petite-Patrie,2021-07-29T11:09:34,-73.5679500437224,45.56901173544967
21-202305,Plainte,Lachine,Lachine,2021-07-29T09:35:59,-73.70121748075341,45.43678264215615
21-20233,Plainte,Ahuntsic - Cartierville,Ahuntsic-Cartierville,2021-01-27T16:27:43,-73.74020578904955,45.5220316434546
21-20235,Plainte,Outremont,Le Plateau-Mont-Royal,2021-01-27T16:31:03,-73.590262998,45.515779344
21-202439,Plainte,Ville-Marie,Ville-Marie,2021-07-29T10:23:08,-73.56190073069787,45.50997080868792
21-20244,Plainte,Ville-Marie,Ville-Marie,2021-01-27T16:39:45,-73.55986369124447,45.51751795408205
21-202528,Plainte,Côte-des-Neiges - Notre-Dame-de-Grâce,Côte-des-Neiges-Notre-Dame-de-Grâce,2021-07-29T10:55:20,-73.64358850017894,45.49369011917978
21-20260,Plainte,Pierrefonds - Roxboro,Pierrefonds-Roxboro,2021-01-27T17:10:55,-73.84770409596747,45.5063028256539
21-202602,Plainte,Ville-Marie,Ville-Marie,2021-07-29T11:16:49,-73.554218657,45.517109148
21-202787,Plainte,Saint-Laurent,Saint-Laurent,2021-07-29T12:38:48,-73.6892188604961,45.50721397242423
21-202615,Plainte,Le Plateau-Mont-Royal,Le Plateau-Mont-Royal,2021-07-29T11:22:27,-73.59855874451773,45.52271953314096
21-202633,Plainte,Saint-Laurent,Saint-Laurent,2021-07-29T11:28:11,-73.6780681905765,45.50507064833927
21-202739,Plainte,Pierrefonds - Roxboro,Pierrefonds-Roxboro,2021-07-29T12:12:32,-73.83867301479165,45.50917683501967
21-20284,Plainte,Le Plateau-Mont-Royal,Le Plateau-Mont-Royal,2021-01-27T18:17:23,-73.565268881,45.531790174
21-202811,Plainte,Verdun,Verdun,2021-07-29T12:52:19,-73.5655696932502,45.45718204731777
21-203536,Plainte,Montréal-Nord,Montréal-Nord,2021-07-30T09:32:28,-73.64293434487624,45.59200716402348
21-202883,Plainte,Le Plateau-Mont-Royal,Le Plateau-Mont-Royal,2021-07-29T13:31:50,-73.57901311,45.537360472
21-202992,Plainte,Ahuntsic - Cartierville,Ahuntsic-Cartierville,2021-07-29T14:28:05,-73.67974116095932,45.5331528682534
21-203061,Plainte,Verdun,Verdun,2021-07-29T14:52:57,-73.58101251072351,45.45455385565985
21-203088,Plainte,Le Plateau-Mont-Royal,Le Plateau-Mont-Royal,2021-07-29T15:08:20,-73.58354786406453,45.53370069102332
21-203323,Plainte,Rosemont - La Petite-Patrie,Rosemont-La Petite-Patrie,2021-07-29T18:11:03,-73.57694621462193,45.54471043356404
21-203260,Plainte,LaSalle,LaSalle,2021-07-29T16:52:44,-73.627681318,45.436708359
21-203286,Plainte,Rosemont - La Petite-Patrie,Rosemont-La Petite-Patrie,2021-07-29T17:14:54,-73.6156469501008,45.53303751959584
21-203637,Plainte,Côte-des-Neiges - Notre-Dame-de-Grâce,Côte-des-Neiges-Notre-Dame-de-Grâce,2021-07-30T10:11:17,-73.64127328251327,45.49482891151752
21-203613,Plainte,Ahuntsic - Cartierville,Ahuntsic-Cartierville,2021-07-30T10:02:49,-73.660097182,45.571249582
21-203930,Plainte,Montréal-Nord,Montréal-Nord,2021-07-30T12:34:23,-73.63525578972651,45.58791632973712
21-203795,Plainte,Rosemont - La Petite-Patrie,Rosemont-La Petite-Patrie,2021-07-30T11:22:44,-73.5768082709393,45.57146046277396
21-203848,Plainte,Lachine,Lachine,2021-07-30T11:45:31,-73.68021997755987,45.44094033678236
21-204070,Plainte,Le Plateau-Mont-Royal,Le Plateau-Mont-Royal,2021-07-30T13:43:38,-73.58158940313466,45.5397343777532
21-20409,Plainte,Le Sud-Ouest,Le Sud-Ouest,2021-01-28T09:06:08,-73.55999849253256,45.49324995434867
21-204116,Plainte,Rosemont - La Petite-Patrie,Rosemont-La Petite-Patrie,2021-07-30T14:06:59,-73.56812357000453,45.55081769237992
21-204076,Plainte,Le Sud-Ouest,Le Sud-Ouest,2021-07-30T13:49:45,-73.5518535701354,45.47987443273696
21-204105,Plainte,Anjou,Anjou,2021-07-30T14:03:34,-73.55827905445805,45.603315087018565
21-204380,Plainte,Rosemont - La Petite-Patrie,Rosemont-La Petite-Patrie,2021-07-30T16:52:53,-73.61111731814461,45.53271948616409
21-204159,Plainte,Villeray-Saint-Michel - Parc-Extension,Villeray-Saint-Michel-Parc-Extension,2021-07-30T14:35:19,-73.61821917026084,45.55411780096042
21-204180,Plainte,Rosemont - La Petite-Patrie,Rosemont-La Petite-Patrie,2021-07-30T14:43:59,-73.57956557956967,45.54882609691503
21-204326,Plainte,LaSalle,LaSalle,2021-07-30T15:59:13,-73.64739684919482,45.42307855036688
21-204343,Plainte,Mercier - Hochelaga-Maisonneuve,Mercier-Hochelaga-Maisonneuve,2021-07-30T16:13:34,-73.51732840438258,45.59740092620287
21-204365,Plainte,Le Sud-Ouest,Le Sud-Ouest,2021-07-30T16:36:34,-73.59056281358771,45.45732042232829
21-204351,Plainte,Côte-des-Neiges - Notre-Dame-de-Grâce,Côte-des-Neiges-Notre-Dame-de-Grâce,2021-07-30T16:21:06,-73.64599374340214,45.47304135465264
21-204582,Plainte,Villeray-Saint-Michel - Parc-Extension,Villeray-Saint-Michel-Parc-Extension,2021-07-31T12:25:32,-73.61823997112981,45.53756910576816
21-204389,Plainte,Le Plateau-Mont-Royal,Le Plateau-Mont-Royal,2021-07-30T17:09:01,-73.57235895246157,45.52350115789541
21-204436,Plainte,Le Plateau-Mont-Royal,Le Plateau-Mont-Royal,2021-07-30T19:01:55,-73.59322614705152,45.53148234707164
21-204583,Plainte,Ahuntsic - Cartierville,Ahuntsic-Cartierville,2021-07-31T12:27:37,-73.72760175853206,45.52388759255759
21-20481,Plainte,Rivière-des-Prairies - Pointe-aux-Trembles,Rivière-des-Prairies-Pointe-aux-Trembles,2021-01-28T09:43:24,-73.60315911880498,45.63536443719076
21-204608,Plainte,L'Île-Bizard - Sainte-Geneviève,L'Île-Bizard-Sainte-Geneviève,2021-07-31T13:07:31,-73.86918361330876,45.481191648532366
21-204850,Plainte,Le Plateau-Mont-Royal,Le Plateau-Mont-Royal,2021-08-01T11:24:11,-73.59011646968511,45.52324252888205
21-204878,Plainte,Ville-Marie,Ville-Marie,2021-08-01T12:08:38,-73.553022796,45.507370409
21-205219,Plainte,Ahuntsic - Cartierville,Ahuntsic-Cartierville,2021-08-02T09:09:59,-73.64692873192958,45.54216541187122
21-204915,Plainte,Montréal-Nord,Montréal-Nord,2021-08-01T13:00:02,-73.6446862294113,45.58601162090962
21-204931,Plainte,Ville-Marie,Ville-Marie,2021-08-01T13:16:33,-73.58638699088952,45.50185440920009
21-205292,Plainte,Rosemont - La Petite-Patrie,Rosemont-La Petite-Patrie,2021-08-02T09:37:29,-73.59214163287427,45.55385590784087
21-205715,Plainte,Mercier - Hochelaga-Maisonneuve,Mercier-Hochelaga-Maisonneuve,2021-08-02T12:03:40,-73.56333768735941,45.593916117105046
21-205691,Plainte,Le Plateau-Mont-Royal,Le Plateau-Mont-Royal,2021-08-02T11:54:15,-73.56897919506964,45.53733877651478
21-205671,Plainte,Saint-Laurent,Saint-Laurent,2021-08-02T11:48:10,-73.74167115242945,45.50971650723879
21-205720,Plainte,Mercier - Hochelaga-Maisonneuve,Mercier-Hochelaga-Maisonneuve,2021-08-02T12:04:49,-73.56333768735941,45.593916117105046
21-205987,Plainte,Ahuntsic - Cartierville,Ahuntsic-Cartierville,2021-08-02T13:57:44,-73.70475605173957,45.53195332262336
21-20595,Plainte,Villeray-Saint-Michel - Parc-Extension,Villeray-Saint-Michel-Parc-Extension,2021-01-28T10:52:14,-73.62008562913678,45.53632216899447
21-205765,Plainte,Villeray-Saint-Michel - Parc-Extension,Villeray-Saint-Michel-Parc-Extension,2021-08-02T12:25:47,-73.63599479626396,45.54337605815809
21-205942,Plainte,Lachine,Lachine,2021-08-02T13:36:06,-73.67268528580045,45.43268269258222
21-206039,Plainte,Mercier - Hochelaga-Maisonneuve,Mercier-Hochelaga-Maisonneuve,2021-08-02T14:15:31,-73.55562262920627,45.58019814501871
21-206023,Plainte,Rosemont - La Petite-Patrie,Rosemont-La Petite-Patrie,2021-08-02T14:10:33,-73.56501855250428,45.5739749493192
21-206027,Plainte,Verdun,Verdun,2021-08-02T14:11:17,-73.5853382156211,45.4384686140793
21-206132,Plainte,Le Plateau-Mont-Royal,Le Plateau-Mont-Royal,2021-08-02T14:51:12,-73.5721702521948,45.531260569954505
21-206133,Plainte,Rivière-des-Prairies - Pointe-aux-Trembles,Rivière-des-Prairies-Pointe-aux-Trembles,2021-08-02T14:52:29,-73.49518214907293,45.67433112492096
21-206292,Plainte,Verdun,Verdun,2021-08-02T15:52:55,-73.57277827066201,45.46515880258711
21-206227,Plainte,Ahuntsic - Cartierville,Ahuntsic-Cartierville,2021-08-02T15:27:23,-73.66504029,45.563635802
21-20623,Plainte,Anjou,Anjou,2021-01-28T11:15:09,-73.59744583148601,45.61263644242528
21-20627,Plainte,Mercier - Hochelaga-Maisonneuve,Mercier-Hochelaga-Maisonneuve,2021-01-28T11:16:18,-73.541252906,45.550247157
21-206169,Plainte,Mercier - Hochelaga-Maisonneuve,Mercier-Hochelaga-Maisonneuve,2021-08-02T15:03:45,-73.54250367329045,45.558074072810406
21-206300,Plainte,Le Sud-Ouest,Le Sud-Ouest,2021-08-02T15:57:47,-73.585031482,45.458477854
21-206401,Plainte,Mercier - Hochelaga-Maisonneuve,Mercier-Hochelaga-Maisonneuve,2021-08-02T17:01:20,-73.51847850675071,45.603843820890674
21-206348,Plainte,Le Plateau-Mont-Royal,Le Plateau-Mont-Royal,2021-08-02T16:27:50,-73.59079570565522,45.525330312167895
21-20635,Plainte,Côte-des-Neiges - Notre-Dame-de-Grâce,Côte-des-Neiges-Notre-Dame-de-Grâce,2021-01-28T11:26:16,-73.61459686786297,45.478030330290416
21-206376,Plainte,Ville-Marie,Ville-Marie,2021-08-02T16:45:59,-73.567744797,45.505373642
21-206369,Plainte,Ville-Marie,Ville-Marie,2021-08-02T16:39:31,-73.567744797,45.505373642
21-206571,Plainte,Ahuntsic - Cartierville,Ahuntsic-Cartierville,2021-08-02T20:25:44,-73.6827712036181,45.53921554265246
21-206478,Plainte,Montréal-Nord,Montréal-Nord,2021-08-02T17:59:45,-73.63706307173894,45.5825111058181
21-20650,Plainte,LaSalle,LaSalle,2021-01-28T11:33:28,-73.5958756907314,45.4319140602875
21-206547,Plainte,Lachine,Lachine,2021-08-02T19:39:24,-73.68469149840968,45.433816556859504
21-206731,Plainte,Le Plateau-Mont-Royal,Le Plateau-Mont-Royal,2021-08-03T09:04:26,-73.59712885963891,45.52020832603077
21-206708,Plainte,Le Sud-Ouest,Le Sud-Ouest,2021-08-03T08:53:01,-73.5928383990608,45.45534867458248
21-206677,Plainte,Saint-Léonard,Saint-Léonard,2021-08-03T08:42:23,-73.5926645160119,45.59538110571892
21-206857,Plainte,Verdun,Verdun,2021-08-03T09:56:17,-73.56671605634477,45.46601823123845
21-206815,Plainte,Mercier - Hochelaga-Maisonneuve,Mercier-Hochelaga-Maisonneuve,2021-08-03T09:41:02,-73.54644638402796,45.54578958620195
21-20673,Plainte,Le Plateau-Mont-Royal,Le Plateau-Mont-Royal,2021-01-28T11:46:55,-73.591363674,45.52523894
21-207016,Plainte,Le Plateau-Mont-Royal,Le Plateau-Mont-Royal,2021-08-03T10:55:46,-73.56608703949502,45.53094933290968
21-207182,Plainte,Villeray-Saint-Michel - Parc-Extension,Villeray-Saint-Michel-Parc-Extension,2021-08-03T12:05:28,-73.61194095871424,45.55010602617427
21-207094,Plainte,Mercier - Hochelaga-Maisonneuve,Mercier-Hochelaga-Maisonneuve,2021-08-03T11:26:41,-73.53266180156173,45.584292669584784
21-207177,Plainte,Verdun,Verdun,2021-08-03T12:02:36,-73.57602743687757,45.45921981190904
21-20723,Plainte,Le Plateau-Mont-Royal,Le Plateau-Mont-Royal,2021-01-28T12:37:17,-73.570973901293,45.52735020091507
21-207285,Plainte,Le Plateau-Mont-Royal,Le Plateau-Mont-Royal,2021-08-03T13:02:21,-73.57503246869265,45.50789629550136
21-207286,Plainte,Mercier - Hochelaga-Maisonneuve,Mercier-Hochelaga-Maisonneuve,2021-08-03T13:02:43,-73.55017123111416,45.54304991290549
21-207332,Plainte,Rosemont - La Petite-Patrie,Rosemont-La Petite-Patrie,2021-08-03T13:24:11,-73.56587733014403,45.55770505228896
21-20762,Plainte,Le Plateau-Mont-Royal,Le Plateau-Mont-Royal,2021-01-28T13:16:12,-73.570973901293,45.52735020091507
21-207421,Plainte,Rivière-des-Prairies - Pointe-aux-Trembles,Rivière-des-Prairies-Pointe-aux-Trembles,2021-08-03T14:06:50,-73.54461713189205,45.66294053869648
21-207561,Plainte,Ville-Marie,Ville-Marie,2021-08-03T15:07:03,-73.59629937515895,45.49398306549657
21-207498,Plainte,Le Sud-Ouest,Le Sud-Ouest,2021-08-03T14:39:35,-73.59812291277548,45.45335194625445
21-208074,Plainte,Pierrefonds - Roxboro,Pierrefonds-Roxboro,2021-08-04T08:51:02,-73.8553438793686,45.4917078752932
21-207770,Plainte,Rivière-des-Prairies - Pointe-aux-Trembles,Rivière-des-Prairies-Pointe-aux-Trembles,2021-08-03T17:00:01,-73.52166163290245,45.64531053103732
21-20806,Plainte,LaSalle,LaSalle,2021-01-28T13:51:38,-73.65996398515531,45.42729854526223
21-208169,Plainte,Rivière-des-Prairies - Pointe-aux-Trembles,Rivière-des-Prairies-Pointe-aux-Trembles,2021-08-04T09:28:56,-73.52306753195579,45.64811833718295
21-208088,Plainte,Verdun,Verdun,2021-08-04T08:57:32,-73.56758929646494,45.45638079315505
21-20811,Plainte,Rivière-des-Prairies - Pointe-aux-Trembles,Rivière-des-Prairies-Pointe-aux-Trembles,2021-01-28T13:56:19,-73.58237063985106,45.64510729238488
21-208163,Plainte,Ahuntsic - Cartierville,Ahuntsic-Cartierville,2021-08-04T09:24:22,-73.65344858900853,45.57545687102624
21-208729,Plainte,Côte-des-Neiges - Notre-Dame-de-Grâce,Côte-des-Neiges-Notre-Dame-de-Grâce,2021-08-04T13:16:47,-73.62136707091378,45.48976862680096
21-208628,Plainte,Mercier - Hochelaga-Maisonneuve,Mercier-Hochelaga-Maisonneuve,2021-08-04T12:24:10,-73.52381251507786,45.60498597131648
21-208305,Plainte,Ahuntsic - Cartierville,Ahuntsic-Cartierville,2021-08-04T10:15:13,-73.65738718165521,45.54519296275422
21-208396,Plainte,Le Plateau-Mont-Royal,Le Plateau-Mont-Royal,2021-08-04T10:48:40,-73.56704559360925,45.53309234290983
21-2088,Plainte,Le Plateau-Mont-Royal,Le Plateau-Mont-Royal,2021-01-05T10:23:21,-73.590884634,45.531889699
21-208749,Plainte,Côte-des-Neiges - Notre-Dame-de-Grâce,Côte-des-Neiges-Notre-Dame-de-Grâce,2021-08-04T13:27:23,-73.64370174352446,45.47000862012648
21-208773,Plainte,Villeray-Saint-Michel - Parc-Extension,Villeray-Saint-Michel-Parc-Extension,2021-08-04T13:36:26,-73.62890115350903,45.572375815196864
21-209044,Plainte,Montréal-Nord,Montréal-Nord,2021-08-04T15:29:34,-73.617628529,45.609873303
21-208904,Plainte,Rivière-des-Prairies - Pointe-aux-Trembles,Rivière-des-Prairies-Pointe-aux-Trembles,2021-08-04T14:31:31,-73.49987296567396,45.67286622232568
21-209007,Plainte,Rivière-des-Prairies - Pointe-aux-Trembles,Rivière-des-Prairies-Pointe-aux-Trembles,2021-08-04T15:15:21,-73.4992012826923,45.69689383817044
21-209123,Plainte,Ahuntsic - Cartierville,Ahuntsic-Cartierville,2021-08-04T16:06:33,-73.66602170307513,45.546642137046966
21-209187,Plainte,Pierrefonds - Roxboro,Pierrefonds-Roxboro,2021-08-04T17:03:32,-73.79473570103666,45.50281693658265
21-209151,Plainte,Côte-des-Neiges - Notre-Dame-de-Grâce,Côte-des-Neiges-Notre-Dame-de-Grâce,2021-08-04T16:26:56,-73.62330127243825,45.48795772207296
21-209213,Plainte,Rosemont - La Petite-Patrie,Rosemont-La Petite-Patrie,2021-08-04T17:29:15,-73.57427423991767,45.557974579272006
21-209263,Plainte,Rosemont - La Petite-Patrie,Rosemont-La Petite-Patrie,2021-08-04T18:26:02,-73.610502496,45.529457743
21-209488,Plainte,Verdun,Verdun,2021-08-05T09:02:12,-73.54675162743085,45.45689369050043
21-20935,Plainte,Rivière-des-Prairies - Pointe-aux-Trembles,Rivière-des-Prairies-Pointe-aux-Trembles,2021-01-28T15:32:35,-73.56222855768429,45.65593136567021
21-20927,Plainte,Verdun,Verdun,2021-01-28T15:27:28,-73.57706757510222,45.4478381282656
21-209417,Plainte,Ville-Marie,Ville-Marie,2021-08-05T08:37:59,-73.55610871369656,45.53475038140445
21-209451,Plainte,Le Sud-Ouest,Le Sud-Ouest,2021-08-05T08:51:09,-73.5825493903557,45.474384616635135
21-209490,Plainte,Pierrefonds - Roxboro,Pierrefonds-Roxboro,2021-08-05T09:02:59,-73.88362642497707,45.46170208937022
21-209530,Plainte,Pierrefonds - Roxboro,Pierrefonds-Roxboro,2021-08-05T09:15:29,-73.88421899516564,45.46244049456726
21-209531,Plainte,Verdun,Verdun,2021-08-05T09:15:39,-73.56671605634477,45.46601823123845
21-209552,Plainte,Pierrefonds - Roxboro,Pierrefonds-Roxboro,2021-08-05T09:22:19,-73.87603955443345,45.463387512951954
21-2096,Plainte,Le Plateau-Mont-Royal,Le Plateau-Mont-Royal,2021-01-05T10:27:43,-73.571070817,45.52928363
21-209556,Plainte,Mercier - Hochelaga-Maisonneuve,Mercier-Hochelaga-Maisonneuve,2021-08-05T09:23:47,-73.53276412079015,45.55275587867268
21-209726,Plainte,Saint-Léonard,Saint-Léonard,2021-08-05T10:14:11,-73.58928696521272,45.58815779500628
21-209676,Plainte,Pierrefonds - Roxboro,Pierrefonds-Roxboro,2021-08-05T09:58:31,-73.853427012,45.476411278
21-209951,Plainte,Ville-Marie,Ville-Marie,2021-08-05T11:22:20,-73.55294323083581,45.5096098128011
21-20978,Plainte,Côte-des-Neiges - Notre-Dame-de-Grâce,Côte-Saint-Luc,2021-01-28T16:13:26,-73.632108643,45.480408549
21-209900,Plainte,Pierrefonds - Roxboro,Pierrefonds-Roxboro,2021-08-05T11:09:09,-73.88763667144761,45.46150798414904
21-210124,Plainte,Côte-des-Neiges - Notre-Dame-de-Grâce,Côte-des-Neiges-Notre-Dame-de-Grâce,2021-08-05T12:28:26,-73.6376913263897,45.508814104565744
21-209996,Plainte,Le Sud-Ouest,Le Sud-Ouest,2021-08-05T11:40:18,-73.5883845316153,45.47048023579181
21-210049,Plainte,Mercier - Hochelaga-Maisonneuve,Mercier-Hochelaga-Maisonneuve,2021-08-05T11:55:25,-73.53841941035407,45.54220757146325
21-21011,Plainte,Anjou,Anjou,2021-01-28T16:43:41,-73.553813019,45.598025428
21-210110,Plainte,Pierrefonds - Roxboro,Pierrefonds-Roxboro,2021-08-05T12:20:24,-73.84562400667245,45.51293340298878
21-210415,Plainte,Saint-Léonard,Saint-Léonard,2021-08-05T14:40:17,-73.583872158,45.578047006
21-21028,Plainte,Pierrefonds - Roxboro,Pierrefonds-Roxboro,2021-01-28T17:06:40,-73.83867301479165,45.50917683501967
21-210321,Plainte,Rosemont - La Petite-Patrie,Rosemont-La Petite-Patrie,2021-08-05T14:02:13,-73.567953603,45.55014316
21-210310,Plainte,Villeray-Saint-Michel - Parc-Extension,Villeray-Saint-Michel-Parc-Extension,2021-08-05T13:58:33,-73.60911457731646,45.56612428278315
21-210311,Plainte,Le Plateau-Mont-Royal,Le Plateau-Mont-Royal,2021-08-05T13:58:38,-73.57760116219156,45.538854849586194
21-210425,Plainte,Le Plateau-Mont-Royal,Le Plateau-Mont-Royal,2021-08-05T14:42:08,-73.58543886975247,45.52761939557005
21-210539,Plainte,Rosemont - La Petite-Patrie,Rosemont-La Petite-Patrie,2021-08-05T15:30:55,-73.5814967208909,45.54445174204635
21-210469,Plainte,Ville-Marie,Ville-Marie,2021-08-05T15:04:03,-73.56014933557886,45.51982100375451
21-210555,Plainte,Mercier - Hochelaga-Maisonneuve,Mercier-Hochelaga-Maisonneuve,2021-08-05T15:40:35,-73.54852750719414,45.55530932827792
21-210585,Plainte,Le Sud-Ouest,Le Sud-Ouest,2021-08-05T15:54:29,-73.5991318438103,45.45930265162162
21-210572,Plainte,Le Plateau-Mont-Royal,Le Plateau-Mont-Royal,2021-08-05T15:48:56,-73.57838604851942,45.51047458202549
21-210695,Plainte,Ville-Marie,Ville-Marie,2021-08-05T17:17:58,-73.56384843915531,45.5241185524926
21-210647,Plainte,Rivière-des-Prairies - Pointe-aux-Trembles,Rivière-des-Prairies-Pointe-aux-Trembles,2021-08-05T16:34:44,-73.49865507351704,45.64645674694201
21-210685,Plainte,Côte-des-Neiges - Notre-Dame-de-Grâce,Côte-des-Neiges-Notre-Dame-de-Grâce,2021-08-05T17:10:05,-73.62229097537659,45.46810670345033
21-211130,Plainte,Ahuntsic - Cartierville,Ahuntsic-Cartierville,2021-08-06T10:17:18,-73.71777924123461,45.52962251544793
21-210792,Plainte,Ahuntsic - Cartierville,Ahuntsic-Cartierville,2021-08-05T19:23:11,-73.65502918627324,45.537893874954776
21-21076,Plainte,Rosemont - La Petite-Patrie,Rosemont-La Petite-Patrie,2021-01-28T20:29:08,-73.60639409966524,45.54595073256635
21-210905,Plainte,Verdun,Verdun,2021-08-06T08:39:06,-73.546499166,45.467786124
21-211097,Plainte,Pierrefonds - Roxboro,Pierrefonds-Roxboro,2021-08-06T10:02:55,-73.87236064171583,45.45786214418167
21-211155,Plainte,Rosemont - La Petite-Patrie,Rosemont-La Petite-Patrie,2021-08-06T10:27:05,-73.60604610452654,45.54090038728075
21-21150,Plainte,Le Plateau-Mont-Royal,Le Plateau-Mont-Royal,2021-01-29T09:01:08,-73.570987328,45.536699591
21-211399,Plainte,Le Plateau-Mont-Royal,Le Plateau-Mont-Royal,2021-08-06T12:27:47,-73.56359524569264,45.53189475134297
21-211708,Plainte,Lachine,Lachine,2021-08-06T15:04:04,-73.70298102496871,45.44672188399111
21-21165,Plainte,LaSalle,LaSalle,2021-01-29T09:08:14,-73.5958756907314,45.4319140602875
21-2116,Plainte,Le Plateau-Mont-Royal,Le Plateau-Mont-Royal,2021-01-05T10:35:01,-73.571070817,45.52928363
21-211737,Plainte,Côte-des-Neiges - Notre-Dame-de-Grâce,Côte-des-Neiges-Notre-Dame-de-Grâce,2021-08-06T15:22:58,-73.64035252678838,45.48670689995207
21-211842,Plainte,Rosemont - La Petite-Patrie,Rosemont-La Petite-Patrie,2021-08-06T16:51:08,-73.61451838941058,45.53341680329245
21-211821,Plainte,LaSalle,LaSalle,2021-08-06T16:32:38,-73.64343709008617,45.43252738212224
21-211812,Plainte,Mercier - Hochelaga-Maisonneuve,Mercier-Hochelaga-Maisonneuve,2021-08-06T16:18:56,-73.54151285473911,45.585683232018006
21-211813,Plainte,Villeray-Saint-Michel - Parc-Extension,Villeray-Saint-Michel-Parc-Extension,2021-08-06T16:21:10,-73.62594993354321,45.54863649112375
21-211915,Plainte,Villeray-Saint-Michel - Parc-Extension,Villeray-Saint-Michel-Parc-Extension,2021-08-06T18:25:37,-73.60200822,45.574078185
21-2124,Plainte,Montréal-Nord,Montréal-Nord,2021-01-05T10:38:37,-73.6343967068943,45.59251272737826
21-212297,Plainte,Rosemont - La Petite-Patrie,Rosemont-La Petite-Patrie,2021-08-07T16:13:42,-73.56873392546964,45.54688879193553
21-212423,Plainte,Lachine,Lachine,2021-08-08T09:46:17,-73.68752194156194,45.44224310030607
21-211929,Plainte,Mercier - Hochelaga-Maisonneuve,Mercier-Hochelaga-Maisonneuve,2021-08-06T19:06:17,-73.52738308596733,45.56971363335619
21-211955,Plainte,Mercier - Hochelaga-Maisonneuve,Mercier-Hochelaga-Maisonneuve,2021-08-06T20:24:04,-73.55754703769878,45.57973287282816
21-212323,Plainte,Rivière-des-Prairies - Pointe-aux-Trembles,Rivière-des-Prairies-Pointe-aux-Trembles,2021-08-07T17:21:10,-73.509902843,45.655535825
21-21235,Plainte,Côte-des-Neiges - Notre-Dame-de-Grâce,Côte-des-Neiges-Notre-Dame-de-Grâce,2021-01-29T09:53:45,-73.607963016,45.471426594
21-21237,Plainte,Ville-Marie,Ville-Marie,2021-01-29T09:54:06,-73.55882857370764,45.51669669617837
21-212459,Plainte,Ville-Marie,Ville-Marie,2021-08-08T11:04:11,-73.590274499,45.514422689
21-212853,Plainte,Ville-Marie,Ville-Marie,2021-08-09T09:30:58,-73.56384843915531,45.5241185524926
21-212724,Plainte,Côte-des-Neiges - Notre-Dame-de-Grâce,Côte-des-Neiges-Notre-Dame-de-Grâce,2021-08-09T08:42:30,-73.63143371200472,45.47322258523417
21-213100,Plainte,Rosemont - La Petite-Patrie,Rosemont-La Petite-Patrie,2021-08-09T10:52:14,-73.57849515931545,45.54468274847555
21-212866,Plainte,Côte-des-Neiges - Notre-Dame-de-Grâce,Côte-des-Neiges-Notre-Dame-de-Grâce,2021-08-09T09:34:34,-73.631016534,45.500339044
21-212928,Plainte,Villeray-Saint-Michel - Parc-Extension,Villeray-Saint-Michel-Parc-Extension,2021-08-09T09:54:22,-73.60987162425354,45.55389599247565
21-213084,Plainte,Verdun,Verdun,2021-08-09T10:47:47,-73.59555515330258,45.43797314975768
21-213102,Plainte,Pierrefonds - Roxboro,Pierrefonds-Roxboro,2021-08-09T10:52:29,-73.85391365930968,45.48805838928099
21-21347,Plainte,Saint-Léonard,Saint-Léonard,2021-01-29T11:24:04,-73.581256371,45.573082519
21-213179,Plainte,Côte-des-Neiges - Notre-Dame-de-Grâce,Côte-des-Neiges-Notre-Dame-de-Grâce,2021-08-09T11:22:19,-73.62862231635711,45.49315911497547
21-213370,Plainte,Ville-Marie,Ville-Marie,2021-08-09T12:29:11,-73.56522526843312,45.50213779403492
21-21338,Plainte,Rosemont - La Petite-Patrie,Rosemont-La Petite-Patrie,2021-01-29T11:14:10,-73.58076773684527,45.5559065652318
21-213718,Plainte,Ville-Marie,Ville-Marie,2021-08-09T14:50:43,-73.55423667350055,45.51018610802454
21-213517,Plainte,Montréal-Nord,Montréal-Nord,2021-08-09T13:25:43,-73.63314245891816,45.58183120833998
21-213636,Plainte,Rivière-des-Prairies - Pointe-aux-Trembles,Rivière-des-Prairies-Pointe-aux-Trembles,2021-08-09T14:13:34,-73.55279145335841,45.66703782973303
21-213874,Plainte,Montréal-Nord,Montréal-Nord,2021-08-09T15:49:11,-73.6213865229569,45.61241069652746
21-213768,Plainte,Ahuntsic - Cartierville,Ahuntsic-Cartierville,2021-08-09T15:08:35,-73.6882001032351,45.542809955660346
21-213866,Plainte,Saint-Léonard,Saint-Léonard,2021-08-09T15:47:04,-73.59773083870645,45.58428894016698
21-214029,Plainte,Côte-des-Neiges - Notre-Dame-de-Grâce,Côte-des-Neiges-Notre-Dame-de-Grâce,2021-08-09T17:30:44,-73.63143371200472,45.47322258523417
21-213894,Plainte,Ville-Marie,Ville-Marie,2021-08-09T15:59:02,-73.55294323083581,45.5096098128011
21-213977,Plainte,Montréal-Nord,Montréal-Nord,2021-08-09T16:44:33,-73.65207158978963,45.586430101168695
21-213906,Plainte,LaSalle,LaSalle,2021-08-09T16:03:43,-73.60029590835758,45.43428565542113
21-213945,Plainte,Ahuntsic - Cartierville,Ahuntsic-Cartierville,2021-08-09T16:23:58,-73.64495521065373,45.54584568232736
21-214038,Plainte,Ville-Marie,Ville-Marie,2021-08-09T17:40:19,-73.575102573,45.493846086
21-21403,Plainte,Rosemont - La Petite-Patrie,Rosemont-La Petite-Patrie,2021-01-29T11:56:34,-73.60639409966524,45.54595073256635
21-214131,Plainte,Le Plateau-Mont-Royal,Le Plateau-Mont-Royal,2021-08-09T19:49:32,-73.58616496615001,45.52072656772247
21-214432,Plainte,Le Plateau-Mont-Royal,Le Plateau-Mont-Royal,2021-08-10T10:03:52,-73.586518499,45.53041272
21-214312,Plainte,Rivière-des-Prairies - Pointe-aux-Trembles,Rivière-des-Prairies-Pointe-aux-Trembles,2021-08-10T09:07:21,-73.51560478468235,45.66563467106076
21-214403,Plainte,LaSalle,LaSalle,2021-08-10T09:51:47,-73.61548458190887,45.43760858236273
21-21443,Plainte,Mercier - Hochelaga-Maisonneuve,Mercier-Hochelaga-Maisonneuve,2021-01-29T12:34:33,-73.55430957550229,45.54543514403922
21-2143,Plainte,Ahuntsic - Cartierville,Ahuntsic-Cartierville,2021-01-05T10:46:06,-73.66579029497781,45.54772319504357
21-214408,Plainte,Rivière-des-Prairies - Pointe-aux-Trembles,Rivière-des-Prairies-Pointe-aux-Trembles,2021-08-10T09:53:26,-73.58318044935352,45.63080904930141
21-214442,Plainte,Le Sud-Ouest,Le Sud-Ouest,2021-08-10T10:08:34,-73.58081701689818,45.48421599293464
21-214624,Plainte,Rosemont - La Petite-Patrie,Rosemont-La Petite-Patrie,2021-08-10T11:10:07,-73.57622678110461,45.56877199428517
21-214466,Plainte,Verdun,Verdun,2021-08-10T10:16:13,-73.54887476189218,45.45029166029811
21-214640,Plainte,Mercier - Hochelaga-Maisonneuve,Mercier-Hochelaga-Maisonneuve,2021-08-10T11:15:38,-73.51215927765287,45.60622769241467
21-214977,Plainte,Rivière-des-Prairies - Pointe-aux-Trembles,Rivière-des-Prairies-Pointe-aux-Trembles,2021-08-10T13:40:55,-73.49270865446542,45.64911606442028
21-214759,Plainte,LaSalle,LaSalle,2021-08-10T12:06:21,-73.61548458190887,45.43760858236273
21-214851,Plainte,Lachine,Lachine,2021-08-10T12:55:48,-73.68650376755828,45.44332721030034
21-214961,Plainte,Saint-Laurent,Saint-Laurent,2021-08-10T13:33:55,-73.699599724,45.500754784
21-214757,Plainte,Rivière-des-Prairies - Pointe-aux-Trembles,Rivière-des-Prairies-Pointe-aux-Trembles,2021-08-10T12:04:48,-73.51408359987204,45.66653287793587
21-215093,Plainte,Pierrefonds - Roxboro,Pierrefonds-Roxboro,2021-08-10T14:17:46,-73.88328588944036,45.463458188415615
21-215,Plainte,Côte-des-Neiges - Notre-Dame-de-Grâce,Côte-des-Neiges-Notre-Dame-de-Grâce,2021-01-02T10:16:38,-73.63798026458802,45.48452801559414
21-215259,Plainte,Mercier - Hochelaga-Maisonneuve,Mercier-Hochelaga-Maisonneuve,2021-08-10T15:11:38,-73.5232250022709,45.609248474997855
21-21509,Plainte,Ville-Marie,Le Plateau-Mont-Royal,2021-01-29T13:56:33,-73.562109899,45.533659127
21-215135,Plainte,Rosemont - La Petite-Patrie,Rosemont-La Petite-Patrie,2021-08-10T14:33:16,-73.56812357000453,45.55081769237992
21-215360,Plainte,Montréal-Nord,Montréal-Nord,2021-08-10T15:49:11,-73.62212332739274,45.61847470312447
21-215424,Plainte,Le Plateau-Mont-Royal,Le Plateau-Mont-Royal,2021-08-10T16:24:52,-73.57656472597348,45.51569826549693
21-215396,Plainte,Ahuntsic - Cartierville,Ahuntsic-Cartierville,2021-08-10T16:06:18,-73.67223664504743,45.55172281759669
21-215397,Plainte,Le Plateau-Mont-Royal,Le Plateau-Mont-Royal,2021-08-10T16:07:13,-73.57293786073848,45.517597067581576
21-215403,Plainte,Verdun,Verdun,2021-08-10T16:13:30,-73.57602743687757,45.45921981190904
21-215502,Plainte,Le Sud-Ouest,Le Sud-Ouest,2021-08-10T17:16:46,-73.59130555400449,45.46203894274733
21-215839,Plainte,Le Plateau-Mont-Royal,Le Plateau-Mont-Royal,2021-08-11T09:24:06,-73.570226857,45.51602637
21-21555,Plainte,Côte-des-Neiges - Notre-Dame-de-Grâce,Côte-des-Neiges-Notre-Dame-de-Grâce,2021-01-29T14:32:32,-73.64192711247436,45.49628341393768
21-215814,Plainte,Le Plateau-Mont-Royal,Le Plateau-Mont-Royal,2021-08-11T09:14:32,-73.587956408,45.526260133
21-215845,Plainte,Ahuntsic - Cartierville,Ahuntsic-Cartierville,2021-08-11T09:26:29,-73.65081376788646,45.562039107041
21-215890,Plainte,LaSalle,LaSalle,2021-08-11T09:45:21,-73.601455268771,45.42661612667813
21-215858,Plainte,Ahuntsic - Cartierville,Ahuntsic-Cartierville,2021-08-11T09:30:04,-73.66654272696046,45.559418830522304
21-216034,Plainte,Rosemont - La Petite-Patrie,Rosemont-La Petite-Patrie,2021-08-11T10:38:09,-73.57433705427786,45.55204179075774
21-215954,Plainte,Le Sud-Ouest,Le Sud-Ouest,2021-08-11T10:08:48,-73.56554647472616,45.482279042246034
21-215950,Plainte,Le Plateau-Mont-Royal,Le Plateau-Mont-Royal,2021-08-11T10:08:24,-73.56631461045019,45.53228451435516
21-21602,Plainte,Le Plateau-Mont-Royal,Le Plateau-Mont-Royal,2021-01-29T15:25:19,-73.57397303264851,45.51706835433649
21-21642,Plainte,Saint-Léonard,Saint-Léonard,2021-01-29T16:18:40,-73.598265362,45.600920695
21-216316,Plainte,Montréal-Nord,Montréal-Nord,2021-08-11T12:43:20,-73.62887217275099,45.61499415349321
21-21641,Plainte,Montréal-Nord,Montréal-Nord,2021-01-29T16:18:21,-73.63314245891816,45.58183120833998
21-216229,Plainte,Rosemont - La Petite-Patrie,Rosemont-La Petite-Patrie,2021-08-11T11:50:30,-73.604316352,45.540132768
21-216505,Plainte,Le Plateau-Mont-Royal,Le Plateau-Mont-Royal,2021-08-11T14:06:25,-73.58260779134805,45.5206898456526
21-216498,Plainte,Villeray-Saint-Michel - Parc-Extension,Villeray-Saint-Michel-Parc-Extension,2021-08-11T14:03:23,-73.59880589883787,45.5690079084221
21-216991,Plainte,Rosemont - La Petite-Patrie,Rosemont-La Petite-Patrie,2021-08-11T19:46:57,-73.57405269221182,45.5494734237064
21-21658,Plainte,Saint-Léonard,Saint-Léonard,2021-01-29T16:43:09,-73.607047135,45.58250546
21-216684,Plainte,Le Plateau-Mont-Royal,Le Plateau-Mont-Royal,2021-08-11T15:20:22,-73.57444154536464,45.50851728099774
21-216732,Plainte,Le Sud-Ouest,Le Sud-Ouest,2021-08-11T15:40:36,-73.56777392195242,45.487141884537465
21-216876,Plainte,Rosemont - La Petite-Patrie,Rosemont-La Petite-Patrie,2021-08-11T17:00:40,-73.591310571,45.540681215
21-21674,Plainte,Villeray-Saint-Michel - Parc-Extension,Villeray-Saint-Michel-Parc-Extension,2021-01-29T17:19:01,-73.62475354113015,45.52992252243281
21-21688,Plainte,Saint-Laurent,Saint-Laurent,2021-01-29T18:01:13,-73.67468728583263,45.512024550522405
21-216923,Plainte,Rosemont - La Petite-Patrie,Rosemont-La Petite-Patrie,2021-08-11T18:13:25,-73.58122731164757,45.56637741193408
21-217008,Plainte,Rosemont - La Petite-Patrie,Rosemont-La Petite-Patrie,2021-08-11T20:19:13,-73.57467179783546,45.570510297253314
21-21703,Plainte,Villeray-Saint-Michel - Parc-Extension,Villeray-Saint-Michel-Parc-Extension,2021-01-29T18:41:42,-73.62625432741274,45.58296607228055
21-217154,Plainte,Ahuntsic - Cartierville,Ahuntsic-Cartierville,2021-08-12T08:57:15,-73.64605398386492,45.56787525175383
21-217110,Plainte,Le Plateau-Mont-Royal,Le Plateau-Mont-Royal,2021-08-12T08:42:09,-73.58103250651142,45.52743637904062
21-217131,Plainte,Ville-Marie,Ville-Marie,2021-08-12T08:48:59,-73.54595958952765,45.52779893537232
21-217137,Plainte,Ahuntsic - Cartierville,Ahuntsic-Cartierville,2021-08-12T08:51:35,-73.65495749279994,45.568689003297
21-217197,Plainte,LaSalle,LaSalle,2021-08-12T09:12:57,-73.645295627,45.43972644
21-21717,Plainte,Rosemont - La Petite-Patrie,Rosemont-La Petite-Patrie,2021-01-29T19:49:41,-73.57890181647797,45.56351750125515
21-217192,Plainte,Lachine,Lachine,2021-08-12T09:11:29,-73.685477589,45.438867518
21-217230,Plainte,Le Plateau-Mont-Royal,Le Plateau-Mont-Royal,2021-08-12T09:23:14,-73.58340450282523,45.51913036409362
21-217254,Plainte,Rivière-des-Prairies - Pointe-aux-Trembles,Rivière-des-Prairies-Pointe-aux-Trembles,2021-08-12T09:34:32,-73.50303231884475,45.66512568973101
21-217244,Plainte,Rivière-des-Prairies - Pointe-aux-Trembles,Rivière-des-Prairies-Pointe-aux-Trembles,2021-08-12T09:29:12,-73.52306753195579,45.64811833718295
21-217470,Plainte,Lachine,Lachine,2021-08-12T10:48:53,-73.69576550524731,45.44232451807174
21-217413,Plainte,Verdun,Verdun,2021-08-12T10:27:48,-73.58247504157049,45.44648596601755
21-217319,Plainte,Ahuntsic - Cartierville,Ahuntsic-Cartierville,2021-08-12T09:57:06,-73.65428705615591,45.55416223583176
21-217478,Plainte,Le Sud-Ouest,Ville-Marie,2021-08-12T10:51:45,-73.569967673,45.4914244
21-217500,Plainte,Ville-Marie,Ville-Marie,2021-08-12T10:59:08,-73.55412944887122,45.522878921193616
21-217527,Plainte,Rosemont - La Petite-Patrie,Rosemont-La Petite-Patrie,2021-08-12T11:12:06,-73.58003021058867,45.56220158560311
21-217694,Plainte,Le Plateau-Mont-Royal,Le Plateau-Mont-Royal,2021-08-12T12:19:17,-73.58807178377612,45.5247449033486
21-217565,Plainte,Mercier - Hochelaga-Maisonneuve,Mercier-Hochelaga-Maisonneuve,2021-08-12T11:23:04,-73.52417880130233,45.61070651240357
21-217705,Plainte,Rosemont - La Petite-Patrie,Rosemont-La Petite-Patrie,2021-08-12T12:28:39,-73.59242502694892,45.54937426791132
21-217829,Plainte,Mercier - Hochelaga-Maisonneuve,Mercier-Hochelaga-Maisonneuve,2021-08-12T13:23:12,-73.551056931,45.55123935
21-217707,Plainte,Rosemont - La Petite-Patrie,Rosemont-La Petite-Patrie,2021-08-12T12:29:43,-73.59242502694892,45.54937426791132
21-217729,Plainte,Le Plateau-Mont-Royal,Le Plateau-Mont-Royal,2021-08-12T12:42:36,-73.58915658706329,45.52952610284883
21-217739,Plainte,Montréal-Nord,Montréal-Nord,2021-08-12T12:46:45,-73.62183289916449,45.62495658622018
21-21784,Plainte,Côte-des-Neiges - Notre-Dame-de-Grâce,Côte-des-Neiges-Notre-Dame-de-Grâce,2021-01-30T09:28:42,-73.6449665028502,45.49048974056453
21-218102,Plainte,Ahuntsic - Cartierville,Ahuntsic-Cartierville,2021-08-12T15:02:06,-73.68586986128955,45.53662953530903
21-217928,Plainte,Villeray-Saint-Michel - Parc-Extension,Villeray-Saint-Michel-Parc-Extension,2021-08-12T13:59:39,-73.61768635737342,45.55471101520732
21-217871,Plainte,Verdun,Verdun,2021-08-12T13:41:52,-73.57449282196364,45.45210070349446
21-217894,Plainte,Verdun,Verdun,2021-08-12T13:50:17,-73.57060298369178,45.4650647661217
21-218076,Plainte,Villeray-Saint-Michel - Parc-Extension,Villeray-Saint-Michel-Parc-Extension,2021-08-12T14:51:27,-73.5954350113205,45.56395228494939
21-21814,Plainte,Côte-des-Neiges - Notre-Dame-de-Grâce,Côte-des-Neiges-Notre-Dame-de-Grâce,2021-01-30T11:09:03,-73.643311404,45.496915727
21-218123,Plainte,Verdun,Verdun,2021-08-12T15:09:04,-73.56932418384575,45.46725566604917
21-218189,Plainte,Montréal-Nord,Montréal-Nord,2021-08-12T15:39:28,-73.61744884338134,45.61079886175847
21-218195,Plainte,Ville-Marie,Ville-Marie,2021-08-12T15:41:45,-73.558132742,45.518588766
21-218156,Plainte,Verdun,Verdun,2021-08-12T15:24:04,-73.58635290101971,45.44716099047638
21-218613,Plainte,Ville-Marie,Ville-Marie,2021-08-13T09:13:42,-73.5574075306453,45.53717746049475
21-218304,Plainte,Ville-Marie,Ville-Marie,2021-08-12T16:46:49,-73.55276394137768,45.53589767704167
21-218453,Plainte,Ahuntsic - Cartierville,Ahuntsic-Cartierville,2021-08-12T19:44:07,-73.64655626528537,45.56519872804461
21-218876,Plainte,Le Plateau-Mont-Royal,Le Plateau-Mont-Royal,2021-08-13T11:00:33,-73.59468152862885,45.52806364220151
21-2188,Plainte,Côte-des-Neiges - Notre-Dame-de-Grâce,Côte-des-Neiges-Notre-Dame-de-Grâce,2021-01-05T11:03:50,-73.633867636,45.501613381
21-218852,Plainte,Saint-Léonard,Saint-Léonard,2021-08-13T10:47:39,-73.60192320386783,45.597489552402
21-21919,Plainte,Saint-Léonard,Saint-Léonard,2021-01-30T16:13:05,-73.616869705,45.585540283
21-218988,Plainte,Ahuntsic - Cartierville,Ahuntsic-Cartierville,2021-08-13T11:51:03,-73.65492199450628,45.54162622313087
21-219209,Plainte,Rosemont - La Petite-Patrie,Rosemont-La Petite-Patrie,2021-08-13T13:57:01,-73.57510825699862,45.55077419009633
21-219213,Plainte,Pierrefonds - Roxboro,Pierrefonds-Roxboro,2021-08-13T13:59:12,-73.7990938873158,45.50118997089712
21-219091,Plainte,Le Sud-Ouest,Le Sud-Ouest,2021-08-13T12:49:06,-73.57799506819923,45.4738207500512
21-219400,Plainte,Le Plateau-Mont-Royal,Le Plateau-Mont-Royal,2021-08-13T15:34:34,-73.58525220842628,45.53491324712318
21-219474,Plainte,Côte-des-Neiges - Notre-Dame-de-Grâce,Côte-des-Neiges-Notre-Dame-de-Grâce,2021-08-13T16:24:37,-73.62406828052613,45.47419684336972
21-219883,Plainte,Verdun,Verdun,2021-08-14T16:20:55,-73.57186325152648,45.45716675197409
21-219491,Plainte,Rosemont - La Petite-Patrie,Rosemont-La Petite-Patrie,2021-08-13T16:38:28,-73.59234836458646,45.53432339457105
21-219766,Plainte,Le Sud-Ouest,Le Sud-Ouest,2021-08-14T12:03:47,-73.59366241643153,45.46807940899781
21-219823,Plainte,Ahuntsic - Cartierville,Ahuntsic-Cartierville,2021-08-14T14:08:51,-73.65543896847142,45.5721498664055
21-220084,Plainte,Le Sud-Ouest,Le Sud-Ouest,2021-08-15T12:07:06,-73.58952024974508,45.479027150107335
21-22029,Plainte,Ahuntsic - Cartierville,Ahuntsic-Cartierville,2021-01-31T12:26:32,-73.64663934812718,45.55199036221323
21-220489,Plainte,Anjou,Anjou,2021-08-16T09:41:19,-73.5438110157089,45.60304841775342
21-220391,Plainte,Le Plateau-Mont-Royal,Le Plateau-Mont-Royal,2021-08-16T09:07:51,-73.56770422505697,45.51635470549403
21-220477,Plainte,Montréal-Nord,Montréal-Nord,2021-08-16T09:37:52,-73.627655505,45.620424338
21-220613,Plainte,Rosemont - La Petite-Patrie,Rosemont-La Petite-Patrie,2021-08-16T10:25:34,-73.56931531079019,45.55560192224269
21-220507,Plainte,Verdun,Verdun,2021-08-16T09:46:05,-73.57968490262094,45.44891328867065
21-220519,Plainte,Montréal-Nord,Montréal-Nord,2021-08-16T09:50:40,-73.61179802713691,45.61042218071887
21-220563,Plainte,Rivière-des-Prairies - Pointe-aux-Trembles,Rivière-des-Prairies-Pointe-aux-Trembles,2021-08-16T10:01:46,-73.50498386451305,45.663263083115645
21-220608,Plainte,Ahuntsic - Cartierville,Ahuntsic-Cartierville,2021-08-16T10:22:58,-73.65578470439235,45.5752501778934
21-22080,Plainte,Ville-Marie,Ville-Marie,2021-01-31T15:03:48,-73.57883235613231,45.51057758158121
21-220689,Plainte,Ahuntsic - Cartierville,Ahuntsic-Cartierville,2021-08-16T10:49:32,-73.66656344046187,45.55475103981404
21-220974,Plainte,Villeray-Saint-Michel - Parc-Extension,Villeray-Saint-Michel-Parc-Extension,2021-08-16T12:33:18,-73.60271930611108,45.54722787660073
21-220936,Plainte,Villeray-Saint-Michel - Parc-Extension,Villeray-Saint-Michel-Parc-Extension,2021-08-16T12:19:03,-73.62367843519398,45.56736270271393
21-220933,Plainte,LaSalle,LaSalle,2021-08-16T12:18:15,-73.63987967818893,45.42032767883085
21-221020,Plainte,Ahuntsic - Cartierville,Ahuntsic-Cartierville,2021-08-16T12:53:42,-73.66963322832058,45.54367960341028
21-221112,Plainte,Côte-des-Neiges - Notre-Dame-de-Grâce,Côte-des-Neiges-Notre-Dame-de-Grâce,2021-08-16T13:32:58,-73.64925840149292,45.459602764576935
21-221013,Plainte,Le Plateau-Mont-Royal,Le Plateau-Mont-Royal,2021-08-16T12:51:25,-73.58599100214924,45.52967713091456
21-221102,Plainte,Rivière-des-Prairies - Pointe-aux-Trembles,Rivière-des-Prairies-Pointe-aux-Trembles,2021-08-16T13:29:42,-73.49830405029249,45.65681361528436
21-221103,Plainte,Saint-Léonard,Saint-Léonard,2021-08-16T13:30:24,-73.57168415483675,45.58547916205111
21-221195,Plainte,Ahuntsic - Cartierville,Ahuntsic-Cartierville,2021-08-16T14:00:43,-73.6482009532789,45.543069629873465
21-221172,Plainte,Le Plateau-Mont-Royal,Le Plateau-Mont-Royal,2021-08-16T13:53:03,-73.57402122177221,45.51067410791864
21-221501,Plainte,Le Plateau-Mont-Royal,Le Plateau-Mont-Royal,2021-08-16T16:00:17,-73.57944733346241,45.52842450556109
21-221217,Plainte,Ahuntsic - Cartierville,Ahuntsic-Cartierville,2021-08-16T14:06:40,-73.64078011756284,45.54465258688986
21-221317,Plainte,Mercier - Hochelaga-Maisonneuve,Mercier-Hochelaga-Maisonneuve,2021-08-16T14:37:10,-73.56357651294421,45.58836196362993
21-221487,Plainte,Côte-des-Neiges - Notre-Dame-de-Grâce,Côte-des-Neiges-Notre-Dame-de-Grâce,2021-08-16T15:53:51,-73.65682271223281,45.50421429443141
21-221208,Plainte,Le Plateau-Mont-Royal,Le Plateau-Mont-Royal,2021-08-16T14:05:15,-73.57402122177221,45.51067410791864
21-221421,Plainte,Rivière-des-Prairies - Pointe-aux-Trembles,Rivière-des-Prairies-Pointe-aux-Trembles,2021-08-16T15:19:54,-73.5012092046316,45.66364702967076
21-221700,Plainte,Ville-Marie,Ville-Marie,2021-08-16T18:20:05,-73.55663748354023,45.53835847015761
21-221686,Plainte,Lachine,Lachine,2021-08-16T17:56:41,-73.6454998932396,45.44441102995238
21-221755,Plainte,Pierrefonds - Roxboro,Pierrefonds-Roxboro,2021-08-16T20:01:27,-73.82319127904053,45.51065909183704
21-221892,Plainte,Pierrefonds - Roxboro,Pierrefonds-Roxboro,2021-08-17T08:56:24,-73.77309157651824,45.50508451207455
21-221989,Plainte,Villeray-Saint-Michel - Parc-Extension,Villeray-Saint-Michel-Parc-Extension,2021-08-17T09:30:40,-73.62367843519398,45.56736270271393
21-222008,Plainte,Verdun,Verdun,2021-08-17T09:37:18,-73.57868007806641,45.4476695452944
21-222106,Plainte,Pierrefonds - Roxboro,Pierrefonds-Roxboro,2021-08-17T10:10:42,-73.82975423061234,45.51617745541764
21-221999,Plainte,Mercier - Hochelaga-Maisonneuve,Mercier-Hochelaga-Maisonneuve,2021-08-17T09:33:27,-73.5332402643997,45.580627118655855
21-222006,Plainte,Rosemont - La Petite-Patrie,Rosemont-La Petite-Patrie,2021-08-17T09:36:42,-73.572213473,45.555726175
21-222189,Plainte,Montréal-Nord,Montréal-Nord,2021-08-17T10:39:08,-73.62484135169554,45.62153467218917
21-22218,Plainte,Ahuntsic - Cartierville,Ahuntsic-Cartierville,2021-02-01T08:57:57,-73.64658960547074,45.54894427520821
21-222405,Plainte,Rivière-des-Prairies - Pointe-aux-Trembles,Rivière-des-Prairies-Pointe-aux-Trembles,2021-08-17T11:52:10,-73.48856555530058,45.64720510178021
21-222389,Plainte,Le Plateau-Mont-Royal,Le Plateau-Mont-Royal,2021-08-17T11:44:49,-73.58339217410618,45.52989937118461
21-2225,Plainte,Le Plateau-Mont-Royal,Le Plateau-Mont-Royal,2021-01-05T11:21:21,-73.5895969617918,45.51886170806345
21-222410,Plainte,Rivière-des-Prairies - Pointe-aux-Trembles,Rivière-des-Prairies-Pointe-aux-Trembles,2021-08-17T11:53:53,-73.50006522276455,45.65674822932383
21-22252,Plainte,Le Plateau-Mont-Royal,Le Plateau-Mont-Royal,2021-02-01T09:20:24,-73.58833854043503,45.52025853212633
21-2226,Plainte,Anjou,Anjou,2021-01-05T11:21:32,-73.55402467277516,45.609332325553495
21-222589,Plainte,Rivière-des-Prairies - Pointe-aux-Trembles,Rivière-des-Prairies-Pointe-aux-Trembles,2021-08-17T13:25:38,-73.48236506595933,45.70096652660781
21-222542,Plainte,Côte-des-Neiges - Notre-Dame-de-Grâce,Côte-des-Neiges-Notre-Dame-de-Grâce,2021-08-17T13:04:37,-73.6187415218541,45.47609654915824
21-222619,Plainte,Le Plateau-Mont-Royal,Le Plateau-Mont-Royal,2021-08-17T13:35:47,-73.565853273,45.531182447
21-222633,Plainte,Mercier - Hochelaga-Maisonneuve,Mercier-Hochelaga-Maisonneuve,2021-08-17T13:40:12,-73.53445858291559,45.553299600820935
21-222637,Plainte,Le Sud-Ouest,Le Sud-Ouest,2021-08-17T13:41:03,-73.59577447229466,45.45784995021278
21-222667,Plainte,Rivière-des-Prairies - Pointe-aux-Trembles,Rivière-des-Prairies-Pointe-aux-Trembles,2021-08-17T13:51:09,-73.57028826663496,45.65744339966003
21-2227,Plainte,L'Île-Bizard - Sainte-Geneviève,L'Île-Bizard-Sainte-Geneviève,2021-01-05T11:21:35,-73.8681583745529,45.50843853366091
21-222660,Plainte,Villeray-Saint-Michel - Parc-Extension,Villeray-Saint-Michel-Parc-Extension,2021-08-17T13:47:35,-73.61758165364108,45.56646265655922
21-223214,Plainte,Pierrefonds - Roxboro,Pierrefonds-Roxboro,2021-08-17T20:11:02,-73.80046378834834,45.51398602179204
21-22298,Plainte,Saint-Léonard,Saint-Léonard,2021-02-01T09:49:11,-73.5676239214228,45.58329933064595
21-223199,Plainte,Rosemont - La Petite-Patrie,Rosemont-La Petite-Patrie,2021-08-17T19:54:59,-73.579759043,45.5508471
21-222769,Plainte,Rivière-des-Prairies - Pointe-aux-Trembles,Rivière-des-Prairies-Pointe-aux-Trembles,2021-08-17T14:28:44,-73.5731410432818,45.638136677050014
21-222771,Plainte,Pierrefonds - Roxboro,Pierrefonds-Roxboro,2021-08-17T14:29:18,-73.81658050633386,45.51291254636035
21-222812,Plainte,L'Île-Bizard - Sainte-Geneviève,L'Île-Bizard-Sainte-Geneviève,2021-08-17T14:45:07,-73.8645087788807,45.49753798329647
21-22335,Plainte,Lachine,Lachine,2021-02-01T10:15:18,-73.711100497,45.43637648
21-223334,Plainte,LaSalle,LaSalle,2021-08-18T08:46:43,-73.59048468609959,45.43433768018077
21-223419,Plainte,Rivière-des-Prairies - Pointe-aux-Trembles,Rivière-des-Prairies-Pointe-aux-Trembles,2021-08-18T09:17:42,-73.507066638,45.639103312
21-223385,Plainte,Rosemont - La Petite-Patrie,Rosemont-La Petite-Patrie,2021-08-18T09:04:29,-73.587735997,45.544784591
21-22370,Plainte,Saint-Léonard,Saint-Léonard,2021-02-01T10:25:38,-73.57427577447818,45.59097526966882
21-223452,Plainte,Ahuntsic - Cartierville,Ahuntsic-Cartierville,2021-08-18T09:32:03,-73.65477178595232,45.58051188246604
21-223822,Plainte,Le Plateau-Mont-Royal,Le Plateau-Mont-Royal,2021-08-18T11:52:31,-73.58835608733771,45.51785624459341
21-223705,Plainte,Anjou,Anjou,2021-08-18T11:03:30,-73.59048248103885,45.60841446438613
21-223758,Plainte,Côte-des-Neiges - Notre-Dame-de-Grâce,Côte-des-Neiges-Notre-Dame-de-Grâce,2021-08-18T11:26:42,-73.61088326985049,45.46989693929298
21-223824,Plainte,Montréal-Nord,Montréal-Nord,2021-08-18T11:53:29,-73.62967446752357,45.59891392933017
21-223761,Plainte,Montréal-Nord,Montréal-Nord,2021-08-18T11:27:07,-73.633246521919,45.61533315013247
21-223766,Plainte,Le Plateau-Mont-Royal,Le Plateau-Mont-Royal,2021-08-18T11:28:44,-73.584051473568,45.52265644988576
21-223921,Plainte,Pierrefonds - Roxboro,Pierrefonds-Roxboro,2021-08-18T12:31:49,-73.7660341054662,45.50633037074815
21-223908,Plainte,Montréal-Nord,Montréal-Nord,2021-08-18T12:24:05,-73.62967446752357,45.59891392933017
21-223972,Plainte,Le Plateau-Mont-Royal,Le Plateau-Mont-Royal,2021-08-18T13:03:18,-73.571454631,45.522252567
21-224,Plainte,Ahuntsic - Cartierville,Ahuntsic-Cartierville,2021-01-02T10:24:40,-73.639115543,45.545390159
21-224002,Plainte,Le Plateau-Mont-Royal,Le Plateau-Mont-Royal,2021-08-18T13:13:25,-73.58008923944213,45.53873725046815
21-224133,Plainte,Ahuntsic - Cartierville,Ahuntsic-Cartierville,2021-08-18T13:58:38,-73.68323231397946,45.53257323575375
21-22408,Plainte,Le Plateau-Mont-Royal,Le Plateau-Mont-Royal,2021-02-01T10:47:12,-73.58219412206692,45.52115076355987
21-224135,Plainte,Ville-Marie,Ville-Marie,2021-08-18T13:58:52,-73.58638699088952,45.50185440920009
21-224511,Plainte,Rivière-des-Prairies - Pointe-aux-Trembles,Rivière-des-Prairies-Pointe-aux-Trembles,2021-08-18T16:46:41,-73.60387320961857,45.63341011879821
21-224646,Plainte,L'Île-Bizard - Sainte-Geneviève,L'Île-Bizard-Sainte-Geneviève,2021-08-18T18:58:43,-73.89506200013184,45.47512054749711
21-224573,Plainte,Rosemont - La Petite-Patrie,Rosemont-La Petite-Patrie,2021-08-18T17:37:40,-73.60218674622264,45.54780321901263
21-224563,Plainte,Pierrefonds - Roxboro,Pierrefonds-Roxboro,2021-08-18T17:30:13,-73.77898564081097,45.50077165640125
21-224810,Plainte,Ahuntsic - Cartierville,Ahuntsic-Cartierville,2021-08-19T08:52:08,-73.67223664504743,45.55172281759669
21-22468,Plainte,Rivière-des-Prairies - Pointe-aux-Trembles,Rivière-des-Prairies-Pointe-aux-Trembles,2021-02-01T11:22:12,-73.51186199983009,45.63952712322564
21-224680,Plainte,Pierrefonds - Roxboro,Pierrefonds-Roxboro,2021-08-18T19:55:31,-73.82241415399243,45.51141130094698
21-22469,Plainte,Outremont,Outremont,2021-02-01T11:23:18,-73.61108958313424,45.514095792113366
21-224888,Plainte,Le Plateau-Mont-Royal,Le Plateau-Mont-Royal,2021-08-19T09:23:09,-73.57598523960782,45.510124342175615
21-22489,Plainte,Côte-des-Neiges - Notre-Dame-de-Grâce,Côte-des-Neiges-Notre-Dame-de-Grâce,2021-02-01T11:32:07,-73.63031974479586,45.48777551758071
21-22491,Plainte,Villeray-Saint-Michel - Parc-Extension,Villeray-Saint-Michel-Parc-Extension,2021-02-01T11:33:41,-73.62475354113015,45.52992252243281
21-224899,Plainte,Rivière-des-Prairies - Pointe-aux-Trembles,Rivière-des-Prairies-Pointe-aux-Trembles,2021-08-19T09:30:46,-73.56489104570879,45.65930674024171
21-22503,Plainte,Lachine,Lachine,2021-02-01T11:46:06,-73.68920170863561,45.44425868452962
21-22502,Plainte,Ahuntsic - Cartierville,Ahuntsic-Cartierville,2021-02-01T11:44:45,-73.6451221337954,45.54216528235307
21-225051,Plainte,Le Sud-Ouest,Le Sud-Ouest,2021-08-19T10:32:58,-73.55714997711978,45.4812849059287
21-225057,Plainte,Le Sud-Ouest,Le Sud-Ouest,2021-08-19T10:36:01,-73.55714997711978,45.4812849059287
21-225127,Plainte,Montréal-Nord,Montréal-Nord,2021-08-19T11:01:50,-73.63736246301657,45.59375802460729
21-225072,Plainte,Côte-des-Neiges - Notre-Dame-de-Grâce,Côte-des-Neiges-Notre-Dame-de-Grâce,2021-08-19T10:41:16,-73.63890440578132,45.467028384090746
21-22509,Plainte,Lachine,Lachine,2021-02-01T11:51:03,-73.70302717117383,45.443566570803874
21-225076,Plainte,Côte-des-Neiges - Notre-Dame-de-Grâce,Côte-des-Neiges-Notre-Dame-de-Grâce,2021-08-19T10:42:23,-73.6482181330565,45.46142610371084
21-22510,Plainte,Saint-Léonard,Saint-Léonard,2021-02-01T11:51:21,-73.59170652490351,45.59472853216721
21-225279,Plainte,Ville-Marie,Ville-Marie,2021-08-19T11:58:11,-73.555791723,45.51160758
21-22519,Plainte,Lachine,Lachine,2021-02-01T12:01:22,-73.67460805416313,45.43427486637064
21-22528,Plainte,Lachine,Lachine,2021-02-01T12:13:31,-73.67460805416313,45.43427486637064
21-225302,Plainte,Rosemont - La Petite-Patrie,Rosemont-La Petite-Patrie,2021-08-19T12:09:22,-73.57343696247533,45.57817065205113
21-225652,Plainte,Le Sud-Ouest,Le Sud-Ouest,2021-08-19T15:05:17,-73.58351260686807,45.4822605249263
21-225413,Plainte,Villeray-Saint-Michel - Parc-Extension,Villeray-Saint-Michel-Parc-Extension,2021-08-19T13:05:33,-73.5900277959336,45.5658933112186
21-225600,Plainte,Saint-Léonard,Saint-Léonard,2021-08-19T14:40:06,-73.57696083159667,45.58059617996128
21-225602,Plainte,Rosemont - La Petite-Patrie,Rosemont-La Petite-Patrie,2021-08-19T14:40:36,-73.57525497834592,45.55667848729486
21-225335,Plainte,Ahuntsic - Cartierville,Ahuntsic-Cartierville,2021-08-19T12:28:38,-73.65296219003781,45.57607025352444
21-225383,Plainte,Verdun,Verdun,2021-08-19T12:51:16,-73.57383056408524,45.45952538755293
21-22543,Plainte,Le Sud-Ouest,Le Sud-Ouest,2021-02-01T12:23:13,-73.58351260686807,45.4822605249263
21-225569,Plainte,Lachine,Lachine,2021-08-19T14:28:31,-73.65157838107395,45.449875675059495
21-225727,Plainte,Montréal-Nord,Montréal-Nord,2021-08-19T15:30:21,-73.619952298,45.613154477
21-225691,Plainte,Villeray-Saint-Michel - Parc-Extension,Villeray-Saint-Michel-Parc-Extension,2021-08-19T15:17:34,-73.6197138489485,45.54090426634392
21-225803,Plainte,Ville-Marie,Ville-Marie,2021-08-19T16:08:35,-73.55830614374094,45.51613638734067
21-225783,Plainte,Montréal-Nord,Montréal-Nord,2021-08-19T15:56:22,-73.63491926601803,45.5804932735633
21-22644,Plainte,L'Île-Bizard - Sainte-Geneviève,L'Île-Bizard-Sainte-Geneviève,2021-02-01T13:49:17,-73.87240877082724,45.477886475964
21-22601,Plainte,Saint-Léonard,Saint-Léonard,2021-02-01T13:11:41,-73.60770519538522,45.59822490221941
21-226227,Plainte,Lachine,Lachine,2021-08-20T09:59:47,-73.69452323126225,45.444526164508055
21-226251,Plainte,Rivière-des-Prairies - Pointe-aux-Trembles,Rivière-des-Prairies-Pointe-aux-Trembles,2021-08-20T10:09:45,-73.48990028021856,45.69955092758316
21-226307,Plainte,Montréal-Nord,Montréal-Nord,2021-08-20T10:30:28,-73.63489944536104,45.596147177740754
21-226333,Plainte,Ville-Marie,Le Plateau-Mont-Royal,2021-08-20T10:40:54,-73.56556133,45.521365269
21-226360,Plainte,Le Plateau-Mont-Royal,Le Plateau-Mont-Royal,2021-08-20T10:52:29,-73.57886581872165,45.52694065467124
21-226403,Plainte,Montréal-Nord,Montréal-Nord,2021-08-20T11:06:25,-73.63595119182031,45.586499132616446
21-225934,Plainte,Rosemont - La Petite-Patrie,Rosemont-La Petite-Patrie,2021-08-19T18:27:01,-73.59234836458646,45.53432339457105
21-225954,Plainte,Ahuntsic - Cartierville,Ahuntsic-Cartierville,2021-08-19T19:13:03,-73.66881963785538,45.550809745615794
21-226434,Plainte,Ville-Marie,Ville-Marie,2021-08-20T11:21:31,-73.55216533046071,45.53858108125959
21-22659,Plainte,Saint-Léonard,Saint-Léonard,2021-02-01T14:04:55,-73.61179158205583,45.58932604092891
21-226598,Plainte,Le Plateau-Mont-Royal,Le Plateau-Mont-Royal,2021-08-20T12:42:44,-73.5741244142245,45.53163593455568
21-226613,Plainte,Rosemont - La Petite-Patrie,Rosemont-La Petite-Patrie,2021-08-20T12:50:31,-73.60072637050293,45.546704124849015
21-226542,Plainte,Le Plateau-Mont-Royal,Le Plateau-Mont-Royal,2021-08-20T12:10:15,-73.57886581872165,45.52694065467124
21-226603,Plainte,Ville-Marie,Ville-Marie,2021-08-20T12:44:51,-73.56981640278599,45.50765479920625
21-226814,Plainte,Rosemont - La Petite-Patrie,Rosemont-La Petite-Patrie,2021-08-20T14:51:19,-73.57179763037027,45.55058111673371
21-226734,Plainte,Le Plateau-Mont-Royal,Le Plateau-Mont-Royal,2021-08-20T14:07:25,-73.57715556972505,45.53544163711626
21-226763,Plainte,Pierrefonds - Roxboro,Pierrefonds-Roxboro,2021-08-20T14:25:25,-73.82795217466398,45.51125150208346
21-226788,Plainte,LaSalle,LaSalle,2021-08-20T14:38:28,-73.61266955676517,45.43241565860618
21-227381,Plainte,Pierrefonds - Roxboro,Pierrefonds-Roxboro,2021-08-21T13:49:49,-73.7776817978966,45.502683562713685
21-226965,Plainte,Ahuntsic - Cartierville,Ahuntsic-Cartierville,2021-08-20T16:13:44,-73.7088755523797,45.53995602424784
21-227010,Plainte,Mercier - Hochelaga-Maisonneuve,Mercier-Hochelaga-Maisonneuve,2021-08-20T17:02:01,-73.54151285473911,45.585683232018006
21-227217,Plainte,Villeray-Saint-Michel - Parc-Extension,Villeray-Saint-Michel-Parc-Extension,2021-08-21T09:47:07,-73.631829279,45.531660603
21-227271,Plainte,Villeray-Saint-Michel - Parc-Extension,Villeray-Saint-Michel-Parc-Extension,2021-08-21T10:59:07,-73.62121706205797,45.58170306219575
21-227348,Plainte,Rosemont - La Petite-Patrie,Rosemont-La Petite-Patrie,2021-08-21T13:16:56,-73.58549554097833,45.55320829473104
21-226844,Plainte,Rivière-des-Prairies - Pointe-aux-Trembles,Rivière-des-Prairies-Pointe-aux-Trembles,2021-08-20T15:07:02,-73.50310883734284,45.64280014286233
21-226889,Plainte,Ahuntsic - Cartierville,Ahuntsic-Cartierville,2021-08-20T15:27:39,-73.70598280452599,45.533168862962405
21-226981,Plainte,Ahuntsic - Cartierville,Ahuntsic-Cartierville,2021-08-20T16:29:41,-73.65317571228769,45.55906080101037
21-227072,Plainte,Le Sud-Ouest,Le Sud-Ouest,2021-08-20T18:40:08,-73.58168553797839,45.47263805766669
21-227383,Plainte,Rosemont - La Petite-Patrie,Rosemont-La Petite-Patrie,2021-08-21T13:53:54,-73.60792169613312,45.53882957278815
21-227892,Plainte,Ahuntsic - Cartierville,Ahuntsic-Cartierville,2021-08-23T08:49:06,-73.6676144106567,45.538339937240266
21-227610,Plainte,Pierrefonds - Roxboro,Pierrefonds-Roxboro,2021-08-22T11:47:56,-73.825620956,45.504642139
21-227879,Plainte,Ville-Marie,Ville-Marie,2021-08-23T08:45:15,-73.547780549787,45.52977105991391
21-227580,Plainte,Rosemont - La Petite-Patrie,Rosemont-La Petite-Patrie,2021-08-22T10:47:19,-73.568992799,45.574887557
21-22767,Plainte,Saint-Léonard,Saint-Léonard,2021-02-01T15:15:19,-73.60854653642984,45.58022858372612
21-227930,Plainte,LaSalle,LaSalle,2021-08-23T09:02:28,-73.611882972,45.445936161
21-228,Plainte,Saint-Laurent,Saint-Laurent,2021-01-02T10:28:35,-73.7156614973497,45.509552417715085
21-227942,Plainte,Villeray-Saint-Michel - Parc-Extension,Villeray-Saint-Michel-Parc-Extension,2021-08-23T09:06:56,-73.636507116,45.542494023
21-227959,Plainte,Le Plateau-Mont-Royal,Le Plateau-Mont-Royal,2021-08-23T09:15:05,-73.56911206361934,45.535195358419685
21-22802,Plainte,Villeray-Saint-Michel - Parc-Extension,Villeray-Saint-Michel-Parc-Extension,2021-02-01T15:43:34,-73.62625432741274,45.58296607228055
21-228033,Plainte,Le Plateau-Mont-Royal,Le Plateau-Mont-Royal,2021-08-23T09:38:16,-73.56631461045019,45.53228451435516
21-228123,Plainte,Ahuntsic - Cartierville,Ahuntsic-Cartierville,2021-08-23T10:10:05,-73.7192136834235,45.52754709822644
21-22849,Plainte,Ville-Marie,Ville-Marie,2021-02-01T16:35:32,-73.55816056201735,45.52625324369279
21-228144,Plainte,Verdun,Verdun,2021-08-23T10:16:39,-73.54930541515981,45.46065762448976
21-228148,Plainte,Villeray-Saint-Michel - Parc-Extension,Villeray-Saint-Michel-Parc-Extension,2021-08-23T10:17:24,-73.62415947040991,45.52434560495208
21-228302,Plainte,Montréal-Nord,Montréal-Nord,2021-08-23T11:07:44,-73.63367498007186,45.60994489066613
21-228349,Plainte,L'Île-Bizard - Sainte-Geneviève,L'Île-Bizard-Sainte-Geneviève,2021-08-23T11:22:52,-73.86628810813687,45.508271402409285
21-228371,Plainte,L'Île-Bizard - Sainte-Geneviève,L'Île-Bizard-Sainte-Geneviève,2021-08-23T11:33:27,-73.86628810813687,45.508271402409285
21-228393,Plainte,Rivière-des-Prairies - Pointe-aux-Trembles,Rivière-des-Prairies-Pointe-aux-Trembles,2021-08-23T11:39:57,-73.5821277161427,45.65173021264337
21-228576,Plainte,Le Plateau-Mont-Royal,Le Plateau-Mont-Royal,2021-08-23T12:54:39,-73.58235369681499,45.53498161666709
21-228537,Plainte,Le Plateau-Mont-Royal,Le Plateau-Mont-Royal,2021-08-23T12:40:13,-73.5648902109456,45.53004258748337
21-22852,Plainte,Le Plateau-Mont-Royal,Le Plateau-Mont-Royal,2021-02-01T16:39:03,-73.58915658706329,45.52952610284883
21-228620,Plainte,Rivière-des-Prairies - Pointe-aux-Trembles,Rivière-des-Prairies-Pointe-aux-Trembles,2021-08-23T13:12:46,-73.48645610801339,45.69445312186745
21-22859,Plainte,Saint-Léonard,Saint-Léonard,2021-02-01T16:51:57,-73.57795747785106,45.59134779703525
21-228879,Plainte,Rosemont - La Petite-Patrie,Rosemont-La Petite-Patrie,2021-08-23T14:47:18,-73.59126370436854,45.5493128222627
21-228727,Plainte,Montréal-Nord,Montréal-Nord,2021-08-23T13:53:51,-73.6446862294113,45.58601162090962
21-228752,Plainte,Rivière-des-Prairies - Pointe-aux-Trembles,Rivière-des-Prairies-Pointe-aux-Trembles,2021-08-23T14:01:40,-73.5752181925291,45.6434898697727
21-228825,Plainte,Le Plateau-Mont-Royal,Le Plateau-Mont-Royal,2021-08-23T14:27:30,-73.58502511286245,45.52373164605681
21-228629,Plainte,Montréal-Nord,Montréal-Nord,2021-08-23T13:18:01,-73.64972513319292,45.59123373280878
21-228744,Plainte,Le Plateau-Mont-Royal,Le Plateau-Mont-Royal,2021-08-23T13:59:06,-73.59825531535273,45.52141953689411
21-228835,Plainte,Rosemont - La Petite-Patrie,Rosemont-La Petite-Patrie,2021-08-23T14:31:29,-73.5814967208909,45.54445174204635
21-228919,Plainte,Ville-Marie,Ville-Marie,2021-08-23T15:01:58,-73.555413733,45.521519134
21-228893,Plainte,Villeray-Saint-Michel - Parc-Extension,Villeray-Saint-Michel-Parc-Extension,2021-08-23T14:53:34,-73.6099301662283,45.55921996731176
21-229111,Plainte,L'Île-Bizard - Sainte-Geneviève,L'Île-Bizard-Sainte-Geneviève,2021-08-23T16:24:31,-73.86158119711017,45.48613544067141
21-228946,Plainte,L'Île-Bizard - Sainte-Geneviève,L'Île-Bizard-Sainte-Geneviève,2021-08-23T15:10:36,-73.89736525689175,45.51289279087765
21-229285,Plainte,Ahuntsic - Cartierville,Ahuntsic-Cartierville,2021-08-23T19:45:43,-73.64820468451744,45.56766688117087
21-229270,Plainte,Montréal-Nord,Montréal-Nord,2021-08-23T19:07:51,-73.62091535807599,45.62198274984347
21-229127,Plainte,Ville-Marie,Ville-Marie,2021-08-23T16:35:06,-73.557317571176,45.50198903054429
21-229157,Plainte,Villeray-Saint-Michel - Parc-Extension,Villeray-Saint-Michel-Parc-Extension,2021-08-23T16:56:24,-73.620160251,45.580267372
21-229523,Plainte,Montréal-Nord,Montréal-Nord,2021-08-24T09:20:18,-73.61995184255667,45.6131547099029
21-229471,Plainte,Le Plateau-Mont-Royal,Le Plateau-Mont-Royal,2021-08-24T09:02:09,-73.582710465,45.527027629
21-229519,Plainte,Le Plateau-Mont-Royal,Le Plateau-Mont-Royal,2021-08-24T09:19:48,-73.59722628814913,45.52427373406947
21-229584,Plainte,Saint-Léonard,Saint-Léonard,2021-08-24T09:41:40,-73.59773083870645,45.58428894016698
21-229573,Plainte,Rosemont - La Petite-Patrie,Rosemont-La Petite-Patrie,2021-08-24T09:36:52,-73.59213594336703,45.5530787404654
21-229766,Plainte,Le Plateau-Mont-Royal,Le Plateau-Mont-Royal,2021-08-24T10:42:29,-73.58865661958728,45.5222145155142
21-229749,Plainte,Mercier - Hochelaga-Maisonneuve,Mercier-Hochelaga-Maisonneuve,2021-08-24T10:35:16,-73.55199529496718,45.58609309324024
21-229822,Plainte,Ville-Marie,Ville-Marie,2021-08-24T11:00:36,-73.549085943,45.526156257
21-229811,Plainte,Villeray-Saint-Michel - Parc-Extension,Villeray-Saint-Michel-Parc-Extension,2021-08-24T10:56:35,-73.64158747524667,45.53052545935851
21-229786,Plainte,Le Sud-Ouest,Le Sud-Ouest,2021-08-24T10:48:40,-73.5659791141521,45.475340931599085
21-229990,Plainte,Le Plateau-Mont-Royal,Le Plateau-Mont-Royal,2021-08-24T12:05:13,-73.56700566373999,45.53526113327785
21-229957,Plainte,Villeray-Saint-Michel - Parc-Extension,Villeray-Saint-Michel-Parc-Extension,2021-08-24T11:52:53,-73.61589933832296,45.55227581934677
21-229904,Plainte,Le Plateau-Mont-Royal,Le Plateau-Mont-Royal,2021-08-24T11:29:07,-73.59079570565522,45.525330312167895
21-229976,Plainte,Le Plateau-Mont-Royal,Le Plateau-Mont-Royal,2021-08-24T11:58:44,-73.583173378,45.519360594
21-230363,Plainte,Le Sud-Ouest,Le Sud-Ouest,2021-08-24T14:44:30,-73.58274096758052,45.48412927785394
21-23,Plainte,Villeray-Saint-Michel - Parc-Extension,Villeray-Saint-Michel-Parc-Extension,2021-01-01T09:50:46,-73.60226275461466,45.56204544948817
21-230045,Plainte,Le Plateau-Mont-Royal,Le Plateau-Mont-Royal,2021-08-24T12:30:07,-73.56865455107645,45.535666073626565
21-230176,Plainte,Verdun,Verdun,2021-08-24T13:27:19,-73.539471106,45.472499969
21-230236,Plainte,Pierrefonds - Roxboro,Pierrefonds-Roxboro,2021-08-24T13:49:42,-73.87292403611488,45.46972482825743
21-230261,Plainte,Rosemont - La Petite-Patrie,Rosemont-La Petite-Patrie,2021-08-24T13:58:56,-73.590464384,45.547499491
21-230326,Plainte,Mercier - Hochelaga-Maisonneuve,Mercier-Hochelaga-Maisonneuve,2021-08-24T14:23:58,-73.56251329898102,45.59178739722118
21-230048,Plainte,Mercier - Hochelaga-Maisonneuve,Mercier-Hochelaga-Maisonneuve,2021-08-24T12:32:13,-73.53611997748342,45.54448876883248
21-230120,Plainte,Lachine,Lachine,2021-08-24T13:08:47,-73.685477589,45.438867518
21-230222,Plainte,L'Île-Bizard - Sainte-Geneviève,L'Île-Bizard-Sainte-Geneviève,2021-08-24T13:42:55,-73.89365972236203,45.47685551958311
21-230289,Plainte,Verdun,Verdun,2021-08-24T14:07:24,-73.54539553345582,45.463486563502144
21-230652,Plainte,Montréal-Nord,Montréal-Nord,2021-08-24T17:22:06,-73.62297104152172,45.62165169016457
21-23067,Plainte,Ahuntsic - Cartierville,Ahuntsic-Cartierville,2021-02-02T09:37:59,-73.695456939,45.541097801
21-231146,Plainte,Côte-des-Neiges - Notre-Dame-de-Grâce,Côte-des-Neiges-Notre-Dame-de-Grâce,2021-08-25T10:02:54,-73.62309371018853,45.4652116297212
21-230765,Plainte,Villeray-Saint-Michel - Parc-Extension,Villeray-Saint-Michel-Parc-Extension,2021-08-24T19:56:16,-73.60372659844359,45.553547624650754
21-230781,Plainte,Rivière-des-Prairies - Pointe-aux-Trembles,Rivière-des-Prairies-Pointe-aux-Trembles,2021-08-24T20:38:16,-73.48964496878821,45.64439844230767
21-230948,Plainte,Verdun,Verdun,2021-08-25T08:58:13,-73.56503646324528,45.46180738472373
21-230950,Plainte,Ahuntsic - Cartierville,Ahuntsic-Cartierville,2021-08-25T08:58:19,-73.70767669920464,45.54100139966243
21-231015,Plainte,Montréal-Nord,Montréal-Nord,2021-08-25T09:20:45,-73.63513497956289,45.60411531508346
21-231040,Plainte,Montréal-Nord,Montréal-Nord,2021-08-25T09:30:10,-73.6487797639428,45.58784107404963
21-230715,Plainte,Pierrefonds - Roxboro,Pierrefonds-Roxboro,2021-08-24T18:38:29,-73.86621550667479,45.47012656736088
21-231268,Plainte,Ahuntsic - Cartierville,Ahuntsic-Cartierville,2021-08-25T10:46:38,-73.70267198215119,45.53395799522324
21-231207,Plainte,Le Plateau-Mont-Royal,Le Plateau-Mont-Royal,2021-08-25T10:23:53,-73.58526015715137,45.52431082539794
21-231572,Plainte,Le Plateau-Mont-Royal,Le Plateau-Mont-Royal,2021-08-25T13:11:09,-73.59079570565522,45.525330312167895
21-231394,Plainte,Ville-Marie,Ville-Marie,2021-08-25T11:35:09,-73.5596148405123,45.512679464752544
21-231287,Plainte,Ville-Marie,Ville-Marie,2021-08-25T10:54:42,-73.58531719153518,45.49909834969859
21-231304,Plainte,Le Plateau-Mont-Royal,Le Plateau-Mont-Royal,2021-08-25T11:00:20,-73.59216861108655,45.52524329874004
21-231426,Plainte,Lachine,Lachine,2021-08-25T11:44:19,-73.64814321252649,45.44643939930407
21-231450,Plainte,Montréal-Nord,Montréal-Nord,2021-08-25T11:59:18,-73.64606740453607,45.58355229933932
21-23174,Plainte,Villeray-Saint-Michel - Parc-Extension,Villeray-Saint-Michel-Parc-Extension,2021-02-02T10:49:48,-73.62898011947253,45.544563098721454
21-231644,Plainte,Rosemont - La Petite-Patrie,Rosemont-La Petite-Patrie,2021-08-25T13:44:42,-73.56985778373314,45.57389610220409
21-23172,Plainte,Ville-Marie,Ville-Marie,2021-02-02T10:48:06,-73.57883235613231,45.51057758158121
21-231682,Plainte,Montréal-Nord,Montréal-Nord,2021-08-25T14:02:09,-73.61921376984186,45.61137371451972
21-231904,Plainte,Anjou,Anjou,2021-08-25T15:44:56,-73.55590967616051,45.59402120431781
21-231865,Plainte,Rosemont - La Petite-Patrie,Rosemont-La Petite-Patrie,2021-08-25T15:27:24,-73.55729007910215,45.54355093787779
21-231784,Plainte,Saint-Léonard,Saint-Léonard,2021-08-25T14:46:39,-73.59773083870645,45.58428894016698
21-23188,Plainte,Le Plateau-Mont-Royal,Le Plateau-Mont-Royal,2021-02-02T10:59:43,-73.588178232,45.534793681
21-232300,Plainte,Mercier - Hochelaga-Maisonneuve,Mercier-Hochelaga-Maisonneuve,2021-08-26T08:43:43,-73.53454717361213,45.55674897852945
21-231932,Plainte,Rosemont - La Petite-Patrie,Rosemont-La Petite-Patrie,2021-08-25T16:01:34,-73.60180792453365,45.54555721303219
21-232368,Plainte,Montréal-Nord,Montréal-Nord,2021-08-26T09:07:39,-73.62862010966516,45.6207630679734
21-231948,Plainte,Villeray-Saint-Michel - Parc-Extension,Villeray-Saint-Michel-Parc-Extension,2021-08-25T16:09:40,-73.61819539777863,45.567659102141405
21-232375,Plainte,Rosemont - La Petite-Patrie,Rosemont-La Petite-Patrie,2021-08-26T09:13:00,-73.60150919063109,45.53541194000447
21-232311,Plainte,Pierrefonds - Roxboro,Pierrefonds-Roxboro,2021-08-26T08:46:37,-73.79764281428399,45.50923409392042
21-232731,Plainte,Saint-Laurent,Saint-Laurent,2021-08-26T11:35:02,-73.707285471,45.522395257
21-232452,Plainte,Rosemont - La Petite-Patrie,Rosemont-La Petite-Patrie,2021-08-26T09:42:49,-73.57343696247533,45.57817065205113
21-232437,Plainte,Le Sud-Ouest,Le Sud-Ouest,2021-08-26T09:38:33,-73.58274096758052,45.48412927785394
21-232458,Plainte,Le Plateau-Mont-Royal,Le Plateau-Mont-Royal,2021-08-26T09:44:37,-73.57273702334555,45.53486403769866
21-232643,Plainte,Rosemont - La Petite-Patrie,Rosemont-La Petite-Patrie,2021-08-26T10:58:44,-73.563347213,45.576122076
21-232645,Plainte,Le Plateau-Mont-Royal,Le Plateau-Mont-Royal,2021-08-26T10:59:27,-73.585258509,45.534899388
21-232804,Plainte,Montréal-Nord,Montréal-Nord,2021-08-26T12:00:50,-73.63657724621842,45.58825270307763
21-232745,Plainte,Ville-Marie,Ville-Marie,2021-08-26T11:39:34,-73.55792945094811,45.50978769283336
21-232827,Plainte,Ville-Marie,Ville-Marie,2021-08-26T12:10:33,-73.547780549787,45.52977105991391
21-232934,Plainte,Rosemont - La Petite-Patrie,Rosemont-La Petite-Patrie,2021-08-26T13:07:02,-73.569048233,45.569350299
21-233005,Plainte,Pierrefonds - Roxboro,Pierrefonds-Roxboro,2021-08-26T13:36:51,-73.82803119937782,45.5049674190741
21-232977,Plainte,Rivière-des-Prairies - Pointe-aux-Trembles,Rivière-des-Prairies-Pointe-aux-Trembles,2021-08-26T13:23:35,-73.506953449,45.663577808
21-232979,Plainte,Rosemont - La Petite-Patrie,Rosemont-La Petite-Patrie,2021-08-26T13:24:10,-73.61184965107736,45.53343559023439
21-233008,Plainte,Le Plateau-Mont-Royal,Le Plateau-Mont-Royal,2021-08-26T13:37:42,-73.57319862172409,45.52743130197616
21-233009,Plainte,Ville-Marie,Ville-Marie,2021-08-26T13:37:51,-73.55001713203056,45.52658821414924
21-23350,Plainte,Le Sud-Ouest,Le Sud-Ouest,2021-02-02T13:41:55,-73.5870012841034,45.452768845441824
21-233082,Plainte,Le Plateau-Mont-Royal,Le Plateau-Mont-Royal,2021-08-26T14:05:03,-73.562789856,45.531543928
21-233115,Plainte,Villeray-Saint-Michel - Parc-Extension,Villeray-Saint-Michel-Parc-Extension,2021-08-26T14:15:19,-73.61714432319387,45.54296860360092
21-23321,Plainte,Rivière-des-Prairies - Pointe-aux-Trembles,Rivière-des-Prairies-Pointe-aux-Trembles,2021-02-02T13:14:41,-73.59988866787361,45.624393156627285
21-233399,Plainte,Outremont,Outremont,2021-08-26T16:19:37,-73.6142769922799,45.51674514700869
21-233415,Plainte,Rivière-des-Prairies - Pointe-aux-Trembles,Rivière-des-Prairies-Pointe-aux-Trembles,2021-08-26T16:33:04,-73.60027719053667,45.63336582393886
21-233501,Plainte,Mercier - Hochelaga-Maisonneuve,Mercier-Hochelaga-Maisonneuve,2021-08-26T17:54:15,-73.5332402643997,45.580627118655855
21-233238,Plainte,Ahuntsic - Cartierville,Ahuntsic-Cartierville,2021-08-26T15:04:11,-73.67075801252551,45.5542094896169
21-233449,Plainte,Rosemont - La Petite-Patrie,Rosemont-La Petite-Patrie,2021-08-26T16:59:30,-73.59214163287427,45.55385590784087
21-233767,Plainte,Ahuntsic - Cartierville,Ahuntsic-Cartierville,2021-08-27T09:10:22,-73.6495695468932,45.57775943009849
21-233558,Plainte,Ville-Marie,Ville-Marie,2021-08-26T19:31:25,-73.55941466858444,45.53466337636571
21-233729,Plainte,Verdun,Verdun,2021-08-27T08:57:06,-73.57968490262094,45.44891328867065
21-23380,Plainte,LaSalle,LaSalle,2021-02-02T14:16:15,-73.61840963505634,45.41654165432148
21-233951,Plainte,Rosemont - La Petite-Patrie,Rosemont-La Petite-Patrie,2021-08-27T10:15:57,-73.56837311988363,45.54270583628799
21-234099,Plainte,Mercier - Hochelaga-Maisonneuve,Mercier-Hochelaga-Maisonneuve,2021-08-27T11:16:32,-73.51855942258462,45.59261661532299
21-234319,Plainte,Rivière-des-Prairies - Pointe-aux-Trembles,Rivière-des-Prairies-Pointe-aux-Trembles,2021-08-27T13:18:43,-73.57618554386057,45.64096274787684
21-234242,Plainte,Rivière-des-Prairies - Pointe-aux-Trembles,Rivière-des-Prairies-Pointe-aux-Trembles,2021-08-27T12:34:48,-73.513325646,45.645657958
21-23437,Plainte,Saint-Léonard,Saint-Léonard,2021-02-02T15:04:22,-73.57006742948082,45.58517439174416
21-234467,Plainte,LaSalle,LaSalle,2021-08-27T14:46:48,-73.60606223718244,45.42540669334963
21-234389,Plainte,Montréal-Nord,Montréal-Nord,2021-08-27T13:59:00,-73.64242607869257,45.58390607332613
21-234451,Plainte,Rivière-des-Prairies - Pointe-aux-Trembles,Rivière-des-Prairies-Pointe-aux-Trembles,2021-08-27T14:36:40,-73.48706508443541,45.69274822070879
21-234393,Plainte,Le Plateau-Mont-Royal,Le Plateau-Mont-Royal,2021-08-27T14:01:39,-73.57636287217245,45.529263258139416
21-234395,Plainte,Ville-Marie,Ville-Marie,2021-08-27T14:02:47,-73.56162400948614,45.51766102160342
21-234497,Plainte,Le Plateau-Mont-Royal,Le Plateau-Mont-Royal,2021-08-27T15:06:38,-73.57019804401614,45.51222719854806
21-23461,Plainte,Saint-Léonard,Saint-Léonard,2021-02-02T15:31:48,-73.62119902383037,45.585480311055846
21-234612,Plainte,Le Plateau-Mont-Royal,Le Plateau-Mont-Royal,2021-08-27T16:24:16,-73.57370129075707,45.52690420596672
21-234657,Plainte,Villeray-Saint-Michel - Parc-Extension,Villeray-Saint-Michel-Parc-Extension,2021-08-27T17:13:46,-73.64424325647671,45.53315732953215
21-234679,Plainte,Côte-des-Neiges - Notre-Dame-de-Grâce,Côte-des-Neiges-Notre-Dame-de-Grâce,2021-08-27T17:51:49,-73.62976942542905,45.48555690837322
21-234771,Plainte,Ahuntsic - Cartierville,Ahuntsic-Cartierville,2021-08-28T08:24:51,-73.66091435222445,45.55817140797512
21-234689,Plainte,Pierrefonds - Roxboro,Pierrefonds-Roxboro,2021-08-27T18:11:35,-73.8553438793686,45.4917078752932
21-234772,Plainte,Ahuntsic - Cartierville,Ahuntsic-Cartierville,2021-08-28T08:39:06,-73.69504774106917,45.5453726536169
21-23485,Plainte,Le Plateau-Mont-Royal,Le Plateau-Mont-Royal,2021-02-02T15:51:17,-73.573676587,45.509491275
21-23545,Plainte,Côte-des-Neiges - Notre-Dame-de-Grâce,Côte-des-Neiges-Notre-Dame-de-Grâce,2021-02-02T16:42:58,-73.63090143820527,45.484212202818775
21-235093,Plainte,Mercier - Hochelaga-Maisonneuve,Mercier-Hochelaga-Maisonneuve,2021-08-29T09:10:09,-73.53626163896342,45.55602800087531
21-23514,Plainte,Ahuntsic - Cartierville,Ahuntsic-Cartierville,2021-02-02T16:13:13,-73.64774990852065,45.568205249238325
21-235163,Plainte,Villeray-Saint-Michel - Parc-Extension,Villeray-Saint-Michel-Parc-Extension,2021-08-29T11:46:12,-73.621536964,45.54363121
21-23524,Plainte,Saint-Léonard,Saint-Léonard,2021-02-02T16:20:14,-73.61260717354071,45.58705431175141
21-235133,Plainte,Le Plateau-Mont-Royal,Le Plateau-Mont-Royal,2021-08-29T10:37:49,-73.56499099698074,45.53210544578035
21-235227,Plainte,Villeray-Saint-Michel - Parc-Extension,Villeray-Saint-Michel-Parc-Extension,2021-08-29T13:52:22,-73.607400762,45.562424808
21-23548,Plainte,Mercier - Hochelaga-Maisonneuve,Mercier-Hochelaga-Maisonneuve,2021-02-02T16:43:58,-73.545320813,45.544287523
21-235473,Plainte,Pierrefonds - Roxboro,Pierrefonds-Roxboro,2021-08-30T08:49:45,-73.824643279,45.512473217
21-236437,Plainte,Lachine,Lachine,2021-08-30T15:17:19,-73.67691183447012,45.44346362682244
21-23551,Plainte,Saint-Léonard,Saint-Léonard,2021-02-02T16:45:36,-73.61260717354071,45.58705431175141
21-235597,Plainte,Rosemont - La Petite-Patrie,Rosemont-La Petite-Patrie,2021-08-30T09:39:39,-73.59326434292771,45.535219314783646
21-235899,Plainte,Le Plateau-Mont-Royal,Le Plateau-Mont-Royal,2021-08-30T11:31:42,-73.59620730686026,45.51916922241907
21-235641,Plainte,Villeray-Saint-Michel - Parc-Extension,Villeray-Saint-Michel-Parc-Extension,2021-08-30T09:54:25,-73.62744769725771,45.56935724180722
21-23578,Plainte,Ahuntsic - Cartierville,Ahuntsic-Cartierville,2021-02-02T17:06:27,-73.66105511707677,45.560971796922736
21-23585,Plainte,Ahuntsic - Cartierville,Ahuntsic-Cartierville,2021-02-02T17:18:56,-73.655894196,45.557498941
21-2359,Plainte,Rosemont - La Petite-Patrie,Rosemont-La Petite-Patrie,2021-01-05T12:33:38,-73.559597984,45.547018763
21-23633,Plainte,Ahuntsic - Cartierville,Ahuntsic-Cartierville,2021-02-02T19:00:43,-73.666646005,45.536959004
21-23594,Plainte,Rosemont - La Petite-Patrie,Rosemont-La Petite-Patrie,2021-02-02T17:36:40,-73.601473078,45.54326759
21-236235,Plainte,Côte-des-Neiges - Notre-Dame-de-Grâce,Côte-des-Neiges-Notre-Dame-de-Grâce,2021-08-30T13:57:11,-73.63570609,45.470474767
21-23595,Plainte,Rosemont - La Petite-Patrie,Rosemont-La Petite-Patrie,2021-02-02T17:37:04,-73.557946026,45.549717564
21-236069,Plainte,Villeray-Saint-Michel - Parc-Extension,Villeray-Saint-Michel-Parc-Extension,2021-08-30T12:52:38,-73.624515906,45.54811014
21-23607,Plainte,Villeray-Saint-Michel - Parc-Extension,Villeray-Saint-Michel-Parc-Extension,2021-02-02T18:07:46,-73.6135396092245,45.548325903613645
21-236406,Plainte,Villeray-Saint-Michel - Parc-Extension,Villeray-Saint-Michel-Parc-Extension,2021-08-30T15:05:46,-73.62575911564066,45.544326552774535
21-236478,Plainte,Montréal-Nord,Montréal-Nord,2021-08-30T15:38:46,-73.63314245891816,45.58183120833998
21-236505,Plainte,Villeray-Saint-Michel - Parc-Extension,Villeray-Saint-Michel-Parc-Extension,2021-08-30T15:47:51,-73.62227718274032,45.52684518411764
21-236497,Plainte,Mercier - Hochelaga-Maisonneuve,Mercier-Hochelaga-Maisonneuve,2021-08-30T15:45:40,-73.5387390429451,45.5976108070686
21-236507,Plainte,Le Plateau-Mont-Royal,Le Plateau-Mont-Royal,2021-08-30T15:49:04,-73.56735206044813,45.53119566531382
21-236634,Plainte,Rosemont - La Petite-Patrie,Rosemont-La Petite-Patrie,2021-08-30T16:48:04,-73.58894168552202,45.54340456135585
21-236543,Plainte,Le Plateau-Mont-Royal,Le Plateau-Mont-Royal,2021-08-30T16:06:24,-73.58447396573976,45.52505707875402
21-23655,Plainte,LaSalle,LaSalle,2021-02-02T19:53:34,-73.61083544262817,45.43383931740625
21-236618,Plainte,Villeray-Saint-Michel - Parc-Extension,Villeray-Saint-Michel-Parc-Extension,2021-08-30T16:42:23,-73.61645467660038,45.56915728688576
21-236526,Plainte,Outremont,Outremont,2021-08-30T15:58:49,-73.615166874,45.515737253
21-236747,Plainte,Le Plateau-Mont-Royal,Le Plateau-Mont-Royal,2021-08-30T19:27:39,-73.57055231850352,45.53915736149571
21-236675,Plainte,LaSalle,LaSalle,2021-08-30T17:22:04,-73.6051811028821,45.42653672310109
21-236731,Plainte,Ahuntsic - Cartierville,Ahuntsic-Cartierville,2021-08-30T18:32:29,-73.66214273099592,45.55303350362605
21-236936,Plainte,Le Plateau-Mont-Royal,Le Plateau-Mont-Royal,2021-08-31T08:57:08,-73.60579119825088,45.5272762930736
21-237006,Plainte,Villeray-Saint-Michel - Parc-Extension,Villeray-Saint-Michel-Parc-Extension,2021-08-31T09:18:33,-73.6146799330627,45.548049088358844
21-236978,Plainte,LaSalle,LaSalle,2021-08-31T09:08:17,-73.62133585081618,45.436784228936645
21-237233,Plainte,Ville-Marie,Ville-Marie,2021-08-31T10:34:37,-73.557317571176,45.50198903054429
21-237115,Plainte,Rosemont - La Petite-Patrie,Rosemont-La Petite-Patrie,2021-08-31T09:50:46,-73.57371337442125,45.55002924434227
21-237034,Plainte,LaSalle,LaSalle,2021-08-31T09:25:56,-73.62939131156315,45.42216115095881
21-237087,Plainte,Ahuntsic - Cartierville,Ahuntsic-Cartierville,2021-08-31T09:42:22,-73.70737161908882,45.53737861202861
21-237239,Plainte,Le Plateau-Mont-Royal,Le Plateau-Mont-Royal,2021-08-31T10:35:46,-73.585942122,45.531079044
21-237228,Plainte,Ville-Marie,Ville-Marie,2021-08-31T10:32:49,-73.57032574113772,45.49270635011926
21-237402,Plainte,Rosemont - La Petite-Patrie,Rosemont-La Petite-Patrie,2021-08-31T11:19:56,-73.58142179412077,45.568953265913855
21-237480,Plainte,Villeray-Saint-Michel - Parc-Extension,Villeray-Saint-Michel-Parc-Extension,2021-08-31T11:45:33,-73.62475354113015,45.52992252243281
21-237420,Plainte,Le Plateau-Mont-Royal,Le Plateau-Mont-Royal,2021-08-31T11:26:34,-73.57764183254865,45.53601509197426
21-2376,Plainte,Ville-Marie,Ville-Marie,2021-01-05T12:44:27,-73.56076496716022,45.49928704231794
21-237541,Plainte,Rosemont - La Petite-Patrie,Rosemont-La Petite-Patrie,2021-08-31T12:09:55,-73.58803759503287,45.55855264784312
21-237627,Plainte,Ville-Marie,Ville-Marie,2021-08-31T12:53:19,-73.55294323083581,45.5096098128011
21-237883,Plainte,Ville-Marie,Ville-Marie,2021-08-31T14:47:06,-73.55986369124447,45.51751795408205
21-237871,Plainte,Ahuntsic - Cartierville,Ahuntsic-Cartierville,2021-08-31T14:43:19,-73.70606731893568,45.53778631294077
21-238137,Plainte,Ville-Marie,Ville-Marie,2021-08-31T16:37:51,-73.5831679603905,45.493626505984224
21-23789,Plainte,Pierrefonds - Roxboro,Pierrefonds-Roxboro,2021-02-03T08:42:22,-73.83733599361761,45.51079532721653
21-238005,Plainte,Le Plateau-Mont-Royal,Le Plateau-Mont-Royal,2021-08-31T15:30:59,-73.569497464,45.530550383
21-238029,Plainte,L'Île-Bizard - Sainte-Geneviève,L'Île-Bizard-Sainte-Geneviève,2021-08-31T15:44:03,-73.86907266624686,45.50540582295038
21-23816,Plainte,Le Plateau-Mont-Royal,Le Plateau-Mont-Royal,2021-02-03T08:52:40,-73.59079570565522,45.525330312167895
21-238181,Plainte,Rivière-des-Prairies - Pointe-aux-Trembles,Rivière-des-Prairies-Pointe-aux-Trembles,2021-08-31T17:17:46,-73.49398392945557,45.64202017470986
21-238167,Plainte,Pierrefonds - Roxboro,Pierrefonds-Roxboro,2021-08-31T17:04:11,-73.78428570184548,45.50176258340429
21-23873,Plainte,Le Plateau-Mont-Royal,Le Plateau-Mont-Royal,2021-02-03T09:27:47,-73.580987476,45.515209363
21-238202,Plainte,Pierrefonds - Roxboro,Pierrefonds-Roxboro,2021-08-31T17:33:53,-73.8553438793686,45.4917078752932
21-238244,Plainte,Le Plateau-Mont-Royal,Le Plateau-Mont-Royal,2021-08-31T18:29:27,-73.570799921,45.521215405
21-238411,Plainte,Verdun,Verdun,2021-09-01T08:41:10,-73.53557926449237,45.46606741878147
21-238665,Plainte,Le Sud-Ouest,Le Sud-Ouest,2021-09-01T10:05:34,-73.59265547087819,45.45987705250064
21-238738,Plainte,Mercier - Hochelaga-Maisonneuve,Mercier-Hochelaga-Maisonneuve,2021-09-01T10:33:40,-73.54001036584307,45.542688182721655
21-238225,Plainte,Rosemont - La Petite-Patrie,Rosemont-La Petite-Patrie,2021-08-31T18:03:19,-73.59234836458646,45.53432339457105
21-23823,Plainte,Saint-Léonard,Saint-Léonard,2021-02-03T08:54:58,-73.5926645160119,45.59538110571892
21-238428,Plainte,Villeray-Saint-Michel - Parc-Extension,Villeray-Saint-Michel-Parc-Extension,2021-09-01T08:47:26,-73.59646800106722,45.55928787131844
21-238885,Plainte,Ahuntsic - Cartierville,Ahuntsic-Cartierville,2021-09-01T11:22:41,-73.66132779456828,45.55441928678084
21-238762,Plainte,Rivière-des-Prairies - Pointe-aux-Trembles,Rivière-des-Prairies-Pointe-aux-Trembles,2021-09-01T10:41:35,-73.55362624270353,45.66306341272928
21-23878,Plainte,Montréal-Nord,Montréal-Nord,2021-02-03T09:31:25,-73.62091535807599,45.62198274984347
21-238795,Plainte,Rosemont - La Petite-Patrie,Rosemont-La Petite-Patrie,2021-09-01T10:53:52,-73.610502496,45.529457743
21-238799,Plainte,Villeray-Saint-Michel - Parc-Extension,Villeray-Saint-Michel-Parc-Extension,2021-09-01T10:54:47,-73.64488330411552,45.53088850164271
21-23907,Plainte,Le Plateau-Mont-Royal,Le Plateau-Mont-Royal,2021-02-03T09:44:12,-73.573698667,45.533838666
21-238989,Plainte,Rivière-des-Prairies - Pointe-aux-Trembles,Rivière-des-Prairies-Pointe-aux-Trembles,2021-09-01T12:00:58,-73.49068801606462,45.69869878972551
21-238990,Plainte,Rosemont - La Petite-Patrie,Rosemont-La Petite-Patrie,2021-09-01T12:01:23,-73.56705716846054,45.568443062460176
21-239086,Plainte,Rivière-des-Prairies - Pointe-aux-Trembles,Rivière-des-Prairies-Pointe-aux-Trembles,2021-09-01T12:43:32,-73.53913761008586,45.67009123044844
21-239109,Plainte,Rivière-des-Prairies - Pointe-aux-Trembles,Rivière-des-Prairies-Pointe-aux-Trembles,2021-09-01T12:54:22,-73.5685621578147,45.65442570685012
21-239181,Plainte,Pierrefonds - Roxboro,Pierrefonds-Roxboro,2021-09-01T13:21:40,-73.78202476070733,45.50745077804093
21-239151,Plainte,Le Plateau-Mont-Royal,Le Plateau-Mont-Royal,2021-09-01T13:11:05,-73.581703231,45.518016384
21-239141,Plainte,LaSalle,LaSalle,2021-09-01T13:07:13,-73.65812334983777,45.43114207689854
21-239367,Plainte,Villeray-Saint-Michel - Parc-Extension,Villeray-Saint-Michel-Parc-Extension,2021-09-01T14:40:36,-73.61480761794671,45.53790885955877
21-239196,Plainte,Villeray-Saint-Michel - Parc-Extension,Villeray-Saint-Michel-Parc-Extension,2021-09-01T13:27:39,-73.62743684485001,45.54676432789673
21-23948,Plainte,Rivière-des-Prairies - Pointe-aux-Trembles,Rivière-des-Prairies-Pointe-aux-Trembles,2021-02-03T10:01:06,-73.60064348887106,45.62508798655335
21-23938,Plainte,Pierrefonds - Roxboro,Pierrefonds-Roxboro,2021-02-03T09:56:17,-73.86227096435245,45.464659028571376
21-239483,Plainte,Ville-Marie,Ville-Marie,2021-09-01T15:27:42,-73.5639628685775,45.504882566425984
21-239742,Plainte,Pierrefonds - Roxboro,Pierrefonds-Roxboro,2021-09-01T18:08:24,-73.8553438793686,45.4917078752932
21-23967,Plainte,Ahuntsic - Cartierville,Ahuntsic-Cartierville,2021-02-03T10:08:35,-73.66259919880562,45.56350520065876
21-239790,Plainte,Rosemont - La Petite-Patrie,Rosemont-La Petite-Patrie,2021-09-01T19:13:56,-73.561807652,45.542850086
21-240270,Plainte,Rosemont - La Petite-Patrie,Rosemont-La Petite-Patrie,2021-09-02T10:32:53,-73.57855422429077,45.55048813737875
21-239828,Plainte,Mercier - Hochelaga-Maisonneuve,Mercier-Hochelaga-Maisonneuve,2021-09-01T20:10:04,-73.53502877617436,45.57073093289551
21-240245,Plainte,Verdun,Verdun,2021-09-02T10:25:21,-73.57385026940148,45.4652076753482
21-239836,Plainte,Le Plateau-Mont-Royal,Le Plateau-Mont-Royal,2021-09-01T20:26:50,-73.56735206044813,45.53119566531382
21-239960,Plainte,Lachine,Lachine,2021-09-02T08:46:47,-73.652747979,45.443682945
21-239986,Plainte,Rosemont - La Petite-Patrie,Rosemont-La Petite-Patrie,2021-09-02T08:55:03,-73.56061736918451,45.5718954493009
21-240125,Plainte,Saint-Léonard,Saint-Léonard,2021-09-02T09:46:32,-73.59279140012367,45.588285628452944
21-24037,Plainte,Côte-des-Neiges - Notre-Dame-de-Grâce,Côte-des-Neiges-Notre-Dame-de-Grâce,2021-02-03T10:35:55,-73.61924054573946,45.507741578175
21-240398,Plainte,Mercier - Hochelaga-Maisonneuve,Mercier-Hochelaga-Maisonneuve,2021-09-02T11:23:02,-73.53721566012243,45.55460402193843
21-240384,Plainte,Rosemont - La Petite-Patrie,Rosemont-La Petite-Patrie,2021-09-02T11:16:41,-73.58122083764444,45.55063155173766
21-240463,Plainte,Ville-Marie,Ville-Marie,2021-09-02T11:40:46,-73.59627240715484,45.49514059968089
21-240476,Plainte,Rosemont - La Petite-Patrie,Rosemont-La Petite-Patrie,2021-09-02T11:45:52,-73.60594412481555,45.538328860785725
21-240411,Plainte,Ahuntsic - Cartierville,Ahuntsic-Cartierville,2021-09-02T11:27:29,-73.66909790226515,45.556277579722654
21-240467,Plainte,Verdun,Verdun,2021-09-02T11:41:26,-73.55154350488698,45.462938027856126
21-240663,Plainte,Saint-Léonard,Saint-Léonard,2021-09-02T13:23:02,-73.58500148559456,45.592858069353056
21-240480,Plainte,Le Plateau-Mont-Royal,Le Plateau-Mont-Royal,2021-09-02T11:47:25,-73.576200283,45.527664015
21-240533,Plainte,Le Plateau-Mont-Royal,Le Plateau-Mont-Royal,2021-09-02T12:06:16,-73.584242692414,45.536336442087055
21-240607,Plainte,Rivière-des-Prairies - Pointe-aux-Trembles,Rivière-des-Prairies-Pointe-aux-Trembles,2021-09-02T12:55:45,-73.5891131932779,45.63605450833523
21-240934,Plainte,LaSalle,LaSalle,2021-09-02T15:13:30,-73.60614847106041,45.44985074869102
21-240786,Plainte,Rosemont - La Petite-Patrie,Rosemont-La Petite-Patrie,2021-09-02T14:13:06,-73.56300585543869,45.54972400043591
21-240875,Plainte,Pierrefonds - Roxboro,Pierrefonds-Roxboro,2021-09-02T14:46:55,-73.84767797117631,45.488370973785926
21-240881,Plainte,Le Plateau-Mont-Royal,Le Plateau-Mont-Royal,2021-09-02T14:52:19,-73.568167744509,45.53191932189184
21-24090,Plainte,Villeray-Saint-Michel - Parc-Extension,Villeray-Saint-Michel-Parc-Extension,2021-02-03T11:05:21,-73.6058371956586,45.57660558636148
21-240767,Plainte,Villeray-Saint-Michel - Parc-Extension,Villeray-Saint-Michel-Parc-Extension,2021-09-02T14:05:51,-73.61447912737528,45.555936647752034
21-240872,Plainte,Le Plateau-Mont-Royal,Le Plateau-Mont-Royal,2021-09-02T14:45:53,-73.57950053556593,45.52768628388966
21-2410,Plainte,Mercier - Hochelaga-Maisonneuve,Mercier-Hochelaga-Maisonneuve,2021-01-05T13:08:57,-73.55303979354139,45.54824110709598
21-240988,Plainte,Ahuntsic - Cartierville,Ahuntsic-Cartierville,2021-09-02T15:37:23,-73.66173191576539,45.574886590057964
21-240948,Plainte,Outremont,Outremont,2021-09-02T15:19:36,-73.61108958313424,45.514095792113366
21-241206,Plainte,Côte-des-Neiges - Notre-Dame-de-Grâce,Côte-des-Neiges-Notre-Dame-de-Grâce,2021-09-02T17:57:56,-73.62380415452921,45.47700172866828
21-241013,Plainte,Rosemont - La Petite-Patrie,Rosemont-La Petite-Patrie,2021-09-02T15:48:06,-73.5814967208909,45.54445174204635
21-241018,Plainte,Rosemont - La Petite-Patrie,Rosemont-La Petite-Patrie,2021-09-02T15:49:40,-73.563285824,45.552845726
21-241193,Plainte,Le Plateau-Mont-Royal,Le Plateau-Mont-Royal,2021-09-02T17:47:23,-73.567369773,45.532774286
21-241199,Plainte,Le Plateau-Mont-Royal,Le Plateau-Mont-Royal,2021-09-02T17:53:59,-73.567369773,45.532774286
21-2412,Plainte,Le Plateau-Mont-Royal,Le Plateau-Mont-Royal,2021-01-05T13:09:56,-73.57495787080703,45.535471651555504
21-241511,Plainte,Villeray-Saint-Michel - Parc-Extension,Villeray-Saint-Michel-Parc-Extension,2021-09-03T09:33:59,-73.60763447253441,45.56593369125432
21-241245,Plainte,Ahuntsic - Cartierville,Ahuntsic-Cartierville,2021-09-02T19:08:49,-73.6775241002559,45.53663382065819
21-241266,Plainte,Rosemont - La Petite-Patrie,Rosemont-La Petite-Patrie,2021-09-02T19:50:33,-73.59186035244937,45.54863034502444
21-241377,Plainte,Rosemont - La Petite-Patrie,Rosemont-La Petite-Patrie,2021-09-03T08:44:51,-73.6067356988926,45.54013231458534
21-241403,Plainte,Pierrefonds - Roxboro,Pierrefonds-Roxboro,2021-09-03T08:56:19,-73.838449002,45.500657724
21-241271,Plainte,Le Plateau-Mont-Royal,Le Plateau-Mont-Royal,2021-09-02T19:59:28,-73.567954133,45.532162041
21-241475,Plainte,Outremont,Outremont,2021-09-03T09:22:17,-73.6066675345147,45.5198066872919
21-241632,Plainte,Pierrefonds - Roxboro,Pierrefonds-Roxboro,2021-09-03T10:15:55,-73.80350428355268,45.51006455906011
21-241797,Plainte,Côte-des-Neiges - Notre-Dame-de-Grâce,Côte-des-Neiges-Notre-Dame-de-Grâce,2021-09-03T11:19:35,-73.62736811836292,45.51248915507259
21-24179,Plainte,Villeray-Saint-Michel - Parc-Extension,Villeray-Saint-Michel-Parc-Extension,2021-02-03T11:53:59,-73.6249290313907,45.58441283427511
21-241943,Plainte,Mercier - Hochelaga-Maisonneuve,Mercier-Hochelaga-Maisonneuve,2021-09-03T12:26:54,-73.51387128989928,45.60470783011495
21-241817,Plainte,LaSalle,LaSalle,2021-09-03T11:26:08,-73.63149890978251,45.436540031929006
21-242033,Plainte,Lachine,Lachine,2021-09-03T13:18:40,-73.67742813246159,45.43550165729247
21-241952,Plainte,Ahuntsic - Cartierville,Ahuntsic-Cartierville,2021-09-03T12:31:29,-73.71788346083548,45.52875005738513
21-242005,Plainte,Côte-des-Neiges - Notre-Dame-de-Grâce,Côte-des-Neiges-Notre-Dame-de-Grâce,2021-09-03T13:05:40,-73.62478205217838,45.47011213720759
21-242084,Plainte,Ahuntsic - Cartierville,Ahuntsic-Cartierville,2021-09-03T13:47:03,-73.74079367679876,45.51826726230863
21-242106,Plainte,Rosemont - La Petite-Patrie,Rosemont-La Petite-Patrie,2021-09-03T14:01:44,-73.568591958,45.554589468
21-242365,Plainte,Ville-Marie,Ville-Marie,2021-09-03T16:24:01,-73.55070469174622,45.51332326414472
21-24219,Plainte,Verdun,Verdun,2021-02-03T12:16:13,-73.57250577042282,45.46213654563443
21-24224,Plainte,Mercier - Hochelaga-Maisonneuve,Mercier-Hochelaga-Maisonneuve,2021-02-03T12:18:22,-73.535277624,45.58401223
21-242331,Plainte,Côte-des-Neiges - Notre-Dame-de-Grâce,Côte-des-Neiges-Notre-Dame-de-Grâce,2021-09-03T16:00:22,-73.63139659218176,45.506846127029696
21-242352,Plainte,Le Plateau-Mont-Royal,Le Plateau-Mont-Royal,2021-09-03T16:14:57,-73.568750998,45.539040933
21-242157,Plainte,Rosemont - La Petite-Patrie,Rosemont-La Petite-Patrie,2021-09-03T14:26:20,-73.56172613293917,45.54953628129572
21-242233,Plainte,Le Plateau-Mont-Royal,Le Plateau-Mont-Royal,2021-09-03T15:02:08,-73.571248974,45.517821972
21-242387,Plainte,Le Plateau-Mont-Royal,Le Plateau-Mont-Royal,2021-09-03T16:35:26,-73.57762693644656,45.52683912226938
21-242401,Plainte,Ahuntsic - Cartierville,Ahuntsic-Cartierville,2021-09-03T16:46:57,-73.67533427068913,45.55166813771045
21-242603,Plainte,Rosemont - La Petite-Patrie,Rosemont-La Petite-Patrie,2021-09-04T08:53:21,-73.5574202349472,45.55454836163916
21-242484,Plainte,Villeray-Saint-Michel - Parc-Extension,Villeray-Saint-Michel-Parc-Extension,2021-09-03T18:08:37,-73.61740208900822,45.55847941447757
21-242457,Plainte,Mercier - Hochelaga-Maisonneuve,Mercier-Hochelaga-Maisonneuve,2021-09-03T17:44:20,-73.54384920320497,45.5740436577842
21-242522,Plainte,Rosemont - La Petite-Patrie,Rosemont-La Petite-Patrie,2021-09-03T19:05:34,-73.57427423991767,45.557974579272006
21-24261,Plainte,Côte-des-Neiges - Notre-Dame-de-Grâce,Côte-des-Neiges-Notre-Dame-de-Grâce,2021-02-03T12:42:09,-73.64340654276256,45.45991664405027
21-242703,Plainte,Rosemont - La Petite-Patrie,Rosemont-La Petite-Patrie,2021-09-04T10:38:38,-73.56323352216454,45.55291019854494
21-243275,Plainte,Le Plateau-Mont-Royal,Le Plateau-Mont-Royal,2021-09-06T10:26:55,-73.5665313914163,45.530476004027314
21-24274,Plainte,Saint-Léonard,Saint-Léonard,2021-02-03T12:56:31,-73.593450868,45.597074056
21-242758,Plainte,Villeray-Saint-Michel - Parc-Extension,Villeray-Saint-Michel-Parc-Extension,2021-09-04T11:53:10,-73.62971356335589,45.57572385537412
21-242803,Plainte,Côte-des-Neiges - Notre-Dame-de-Grâce,Côte-des-Neiges-Notre-Dame-de-Grâce,2021-09-04T13:00:09,-73.64303286690794,45.46783071965904
21-242852,Plainte,Le Plateau-Mont-Royal,Le Plateau-Mont-Royal,2021-09-04T15:13:24,-73.584759529,45.532407964
21-242878,Plainte,Le Plateau-Mont-Royal,Le Plateau-Mont-Royal,2021-09-04T16:28:12,-73.56735206044813,45.53119566531382
21-2429,Plainte,Rivière-des-Prairies - Pointe-aux-Trembles,Rivière-des-Prairies-Pointe-aux-Trembles,2021-01-05T13:16:25,-73.50488937331812,45.65782945420116
21-243245,Plainte,Le Plateau-Mont-Royal,Le Plateau-Mont-Royal,2021-09-06T09:46:48,-73.57186310695106,45.52002202593085
21-243264,Plainte,Ahuntsic - Cartierville,Ahuntsic-Cartierville,2021-09-06T10:10:27,-73.6433365057306,45.53944190938602
21-242731,Plainte,Saint-Laurent,Saint-Laurent,2021-09-04T11:23:53,-73.718602499,45.510933636
21-243118,Plainte,Pierrefonds - Roxboro,Pierrefonds-Roxboro,2021-09-05T15:49:25,-73.87150796153614,45.46357820383807
21-243464,Plainte,Saint-Laurent,Saint-Laurent,2021-09-06T16:14:50,-73.68604826139224,45.49932260240367
21-243456,Plainte,Le Plateau-Mont-Royal,Le Plateau-Mont-Royal,2021-09-06T15:52:09,-73.57652489716696,45.51634058868845
21-243301,Plainte,Montréal-Nord,Montréal-Nord,2021-09-06T10:53:56,-73.63570540200386,45.58322271544365
21-24336,Plainte,L'Île-Bizard - Sainte-Geneviève,L'Île-Bizard-Sainte-Geneviève,2021-02-03T13:31:03,-73.87129714812856,45.493165018663085
21-243672,Plainte,Rosemont - La Petite-Patrie,Rosemont-La Petite-Patrie,2021-09-07T09:03:13,-73.60975204911053,45.54499463393541
21-243656,Plainte,Côte-des-Neiges - Notre-Dame-de-Grâce,Côte-des-Neiges-Notre-Dame-de-Grâce,2021-09-07T08:58:35,-73.619378655,45.484353784
21-243729,Plainte,Lachine,Lachine,2021-09-07T09:22:34,-73.70973912967186,45.44499833435019
21-243689,Plainte,Ville-Marie,Ville-Marie,2021-09-07T09:07:43,-73.561076316,45.509257163
21-244007,Plainte,Le Plateau-Mont-Royal,Le Plateau-Mont-Royal,2021-09-07T11:08:55,-73.57953271433198,45.52548985818012
21-243787,Plainte,Saint-Léonard,Saint-Léonard,2021-09-07T09:41:43,-73.58315275333203,45.58555574898399
21-243754,Plainte,Le Plateau-Mont-Royal,Le Plateau-Mont-Royal,2021-09-07T09:30:17,-73.59532551097776,45.52297919470183
21-243976,Plainte,Villeray-Saint-Michel - Parc-Extension,Villeray-Saint-Michel-Parc-Extension,2021-09-07T10:58:09,-73.59046428748499,45.56230743681253
21-244527,Plainte,Rivière-des-Prairies - Pointe-aux-Trembles,Rivière-des-Prairies-Pointe-aux-Trembles,2021-09-07T14:34:56,-73.49245476404623,45.65552316438442
21-244140,Plainte,Côte-des-Neiges - Notre-Dame-de-Grâce,Côte-des-Neiges-Notre-Dame-de-Grâce,2021-09-07T11:56:25,-73.62747497523249,45.48412210320132
21-244316,Plainte,Côte-des-Neiges - Notre-Dame-de-Grâce,Côte-des-Neiges-Notre-Dame-de-Grâce,2021-09-07T13:18:35,-73.62123304510679,45.47668016316906
21-244419,Plainte,Lachine,Lachine,2021-09-07T13:55:55,-73.68195640226537,45.43306545427694
21-24449,Plainte,Villeray-Saint-Michel - Parc-Extension,Villeray-Saint-Michel-Parc-Extension,2021-02-03T14:36:38,-73.59646800106722,45.55928787131844
21-244730,Plainte,Le Plateau-Mont-Royal,Le Plateau-Mont-Royal,2021-09-07T16:10:40,-73.57762693644656,45.52683912226938
21-244579,Plainte,Villeray-Saint-Michel - Parc-Extension,Villeray-Saint-Michel-Parc-Extension,2021-09-07T15:02:23,-73.61821917026084,45.55411780096042
21-244626,Plainte,Villeray-Saint-Michel - Parc-Extension,Villeray-Saint-Michel-Parc-Extension,2021-09-07T15:21:01,-73.612258672,45.546259075
21-244651,Plainte,Côte-des-Neiges - Notre-Dame-de-Grâce,Côte-des-Neiges-Notre-Dame-de-Grâce,2021-09-07T15:33:19,-73.65186963948754,45.4989051112475
21-244742,Plainte,Mercier - Hochelaga-Maisonneuve,Mercier-Hochelaga-Maisonneuve,2021-09-07T16:18:25,-73.541969194053,45.59392474830835
21-244776,Plainte,Mercier - Hochelaga-Maisonneuve,Mercier-Hochelaga-Maisonneuve,2021-09-07T16:36:13,-73.52630153911277,45.5690162739176
21-24481,Plainte,Saint-Léonard,Saint-Léonard,2021-02-03T14:57:55,-73.595108732,45.580012739
21-245136,Plainte,Rosemont - La Petite-Patrie,Rosemont-La Petite-Patrie,2021-09-08T08:57:50,-73.59924505490588,45.54035274783278
21-24503,Plainte,Saint-Léonard,Saint-Léonard,2021-02-03T15:10:11,-73.60619147732471,45.58057666880765
21-244868,Plainte,Mercier - Hochelaga-Maisonneuve,Mercier-Hochelaga-Maisonneuve,2021-09-07T17:42:57,-73.55182300338099,45.54976466294151
21-244970,Plainte,Pierrefonds - Roxboro,Pierrefonds-Roxboro,2021-09-07T20:45:05,-73.827410172,45.50413026
21-24542,Plainte,Villeray-Saint-Michel - Parc-Extension,Villeray-Saint-Michel-Parc-Extension,2021-02-03T15:33:12,-73.62319727178986,45.54044793264036
21-245199,Plainte,Rosemont - La Petite-Patrie,Rosemont-La Petite-Patrie,2021-09-08T09:23:04,-73.59633222236822,45.54213628876268
21-24522,Plainte,Le Plateau-Mont-Royal,Le Plateau-Mont-Royal,2021-02-03T15:24:20,-73.57776006726313,45.52954205018391
21-245459,Plainte,Ahuntsic - Cartierville,Ahuntsic-Cartierville,2021-09-08T10:53:56,-73.657884316,45.57414061
21-24545,Plainte,Pierrefonds - Roxboro,Pierrefonds-Roxboro,2021-02-03T15:33:52,-73.84818620969796,45.49442058130631
21-24582,Plainte,Côte-des-Neiges - Notre-Dame-de-Grâce,Côte-des-Neiges-Notre-Dame-de-Grâce,2021-02-03T15:55:13,-73.61365304950928,45.4732685884544
21-245497,Plainte,L'Île-Bizard - Sainte-Geneviève,L'Île-Bizard-Sainte-Geneviève,2021-09-08T11:07:10,-73.87327092847158,45.487519838670245
21-245583,Plainte,Outremont,Outremont,2021-09-08T11:42:59,-73.61303918589836,45.51766778971446
21-24563,Plainte,Côte-des-Neiges - Notre-Dame-de-Grâce,Côte-des-Neiges-Notre-Dame-de-Grâce,2021-02-03T15:43:48,-73.62893320629897,45.49611524631824
21-245696,Plainte,Anjou,Anjou,2021-09-08T12:46:20,-73.58975691167693,45.60711964694924
21-245762,Plainte,Ville-Marie,Ville-Marie,2021-09-08T13:18:41,-73.557974548,45.502036084
21-245661,Plainte,Anjou,Anjou,2021-09-08T12:20:03,-73.54970299437493,45.59250693308266
21-24569,Plainte,Pierrefonds - Roxboro,Pierrefonds-Roxboro,2021-02-03T15:44:59,-73.83278552855091,45.50259377576019
21-2461,Plainte,Rivière-des-Prairies - Pointe-aux-Trembles,Rivière-des-Prairies-Pointe-aux-Trembles,2021-01-05T13:30:00,-73.48585701529707,45.69036785536222
21-245831,Plainte,Ville-Marie,Ville-Marie,2021-09-08T13:50:08,-73.56080986,45.529705
21-24593,Plainte,Ahuntsic - Cartierville,Ahuntsic-Cartierville,2021-02-03T16:02:51,-73.659861987,45.546973141
21-246161,Plainte,Ahuntsic - Cartierville,Ahuntsic-Cartierville,2021-09-08T16:52:30,-73.721784138,45.531223581
21-24612,Plainte,Côte-des-Neiges - Notre-Dame-de-Grâce,Côte-des-Neiges-Notre-Dame-de-Grâce,2021-02-03T16:18:24,-73.61927743887743,45.47286591328402
21-246132,Plainte,Rivière-des-Prairies - Pointe-aux-Trembles,Rivière-des-Prairies-Pointe-aux-Trembles,2021-09-08T16:25:28,-73.58239690275234,45.64401711535687
21-246368,Plainte,Verdun,Verdun,2021-09-09T08:43:59,-73.567775901,45.454541797
21-246240,Plainte,Rosemont - La Petite-Patrie,Rosemont-La Petite-Patrie,2021-09-08T19:12:36,-73.55624323883909,45.566005184170805
21-24617,Plainte,Le Sud-Ouest,Le Sud-Ouest,2021-02-03T16:19:42,-73.600636244,45.448148039
21-246487,Plainte,Rosemont - La Petite-Patrie,Rosemont-La Petite-Patrie,2021-09-09T09:29:39,-73.57471442894278,45.56832082441658
21-246431,Plainte,Rosemont - La Petite-Patrie,Rosemont-La Petite-Patrie,2021-09-09T09:08:06,-73.596552698,45.533165321
21-24648,Plainte,L'Île-Bizard - Sainte-Geneviève,L'Île-Bizard-Sainte-Geneviève,2021-02-03T16:37:39,-73.88674475272522,45.492401502448445
21-246472,Plainte,Rosemont - La Petite-Patrie,Rosemont-La Petite-Patrie,2021-09-09T09:22:11,-73.573578964,45.547031337
21-246585,Plainte,Rivière-des-Prairies - Pointe-aux-Trembles,Rivière-des-Prairies-Pointe-aux-Trembles,2021-09-09T10:08:22,-73.56518702279122,45.66008615114033
21-246523,Plainte,Le Plateau-Mont-Royal,Le Plateau-Mont-Royal,2021-09-09T09:43:18,-73.59996331929938,45.52293578590578
21-246586,Plainte,Ahuntsic - Cartierville,Ahuntsic-Cartierville,2021-09-09T10:08:57,-73.70267198215119,45.53395799522324
21-24674,Plainte,Ahuntsic - Cartierville,Ahuntsic-Cartierville,2021-02-03T17:02:20,-73.65193099692071,45.561193261077335
21-246627,Plainte,Rivière-des-Prairies - Pointe-aux-Trembles,Rivière-des-Prairies-Pointe-aux-Trembles,2021-09-09T10:23:49,-73.51872329741487,45.66489949657977
21-246630,Plainte,Villeray-Saint-Michel - Parc-Extension,Villeray-Saint-Michel-Parc-Extension,2021-09-09T10:24:37,-73.62427811169186,45.538604593633885
21-246807,Plainte,Ville-Marie,Ville-Marie,2021-09-09T11:34:00,-73.558735586,45.497373624
21-246797,Plainte,Côte-des-Neiges - Notre-Dame-de-Grâce,Côte-des-Neiges-Notre-Dame-de-Grâce,2021-09-09T11:30:52,-73.62541815849416,45.475211594462856
21-246903,Plainte,Le Plateau-Mont-Royal,Le Plateau-Mont-Royal,2021-09-09T12:29:37,-73.57762693644656,45.52683912226938
21-246896,Plainte,Mercier - Hochelaga-Maisonneuve,Mercier-Hochelaga-Maisonneuve,2021-09-09T12:21:56,-73.562385,45.585322853
21-24684,Plainte,Le Plateau-Mont-Royal,Le Plateau-Mont-Royal,2021-02-03T17:12:34,-73.58933873221808,45.53077643244405
21-247188,Plainte,LaSalle,LaSalle,2021-09-09T14:31:32,-73.6294516171879,45.44048404385262
21-247,Plainte,Saint-Laurent,Saint-Laurent,2021-01-02T11:01:19,-73.70490907220912,45.51696789581124
21-247097,Plainte,Le Plateau-Mont-Royal,Le Plateau-Mont-Royal,2021-09-09T13:53:38,-73.56920862443602,45.5212251472445
21-247098,Plainte,Le Plateau-Mont-Royal,Le Plateau-Mont-Royal,2021-09-09T13:53:52,-73.60723342672104,45.52540933601952
21-247110,Plainte,Rivière-des-Prairies - Pointe-aux-Trembles,Rivière-des-Prairies-Pointe-aux-Trembles,2021-09-09T13:58:12,-73.49229786160008,45.63776749599227
21-247234,Plainte,Le Plateau-Mont-Royal,Le Plateau-Mont-Royal,2021-09-09T14:48:49,-73.57340219592703,45.514280409369306
21-247123,Plainte,Verdun,Verdun,2021-09-09T14:04:34,-73.58945281328712,45.446677435662096
21-247143,Plainte,Saint-Léonard,Saint-Léonard,2021-09-09T14:13:34,-73.58896141258569,45.5788101433147
21-247183,Plainte,Villeray-Saint-Michel - Parc-Extension,Villeray-Saint-Michel-Parc-Extension,2021-09-09T14:29:11,-73.59025014076826,45.56345041059104
21-247269,Plainte,Le Plateau-Mont-Royal,Le Plateau-Mont-Royal,2021-09-09T15:03:34,-73.58817958421125,45.52272751497094
21-247259,Plainte,Rivière-des-Prairies - Pointe-aux-Trembles,Rivière-des-Prairies-Pointe-aux-Trembles,2021-09-09T14:59:23,-73.49073264985662,45.69003733222314
21-247297,Plainte,Saint-Léonard,Saint-Léonard,2021-09-09T15:15:42,-73.57168415483675,45.58547916205111
21-247409,Plainte,Rivière-des-Prairies - Pointe-aux-Trembles,Rivière-des-Prairies-Pointe-aux-Trembles,2021-09-09T16:07:53,-73.5110087175578,45.65187506209947
21-247394,Plainte,Rivière-des-Prairies - Pointe-aux-Trembles,Rivière-des-Prairies-Pointe-aux-Trembles,2021-09-09T15:59:30,-73.49772572,45.678533586
21-247579,Plainte,Ahuntsic - Cartierville,Ahuntsic-Cartierville,2021-09-09T18:19:31,-73.72773467409128,45.52216434594449
21-247638,Plainte,Mercier - Hochelaga-Maisonneuve,Mercier-Hochelaga-Maisonneuve,2021-09-09T20:33:19,-73.551334419,45.582183797
21-247620,Plainte,Mercier - Hochelaga-Maisonneuve,Mercier-Hochelaga-Maisonneuve,2021-09-09T19:50:55,-73.52833678030453,45.60554181968839
21-247598,Plainte,Rosemont - La Petite-Patrie,Rosemont-La Petite-Patrie,2021-09-09T18:58:22,-73.60257935178379,45.53935816472038
21-247725,Plainte,Rosemont - La Petite-Patrie,Rosemont-La Petite-Patrie,2021-09-10T08:47:28,-73.60467424135814,45.53438133786083
21-24771,Plainte,Mercier - Hochelaga-Maisonneuve,Mercier-Hochelaga-Maisonneuve,2021-02-03T19:39:02,-73.546768013,45.576885772
21-247777,Plainte,Ville-Marie,Ville-Marie,2021-09-10T09:06:23,-73.55734798926387,45.49869369259288
21-24774,Plainte,Mercier - Hochelaga-Maisonneuve,Mercier-Hochelaga-Maisonneuve,2021-02-03T19:48:33,-73.541615975,45.575538656
21-247762,Plainte,Lachine,Lachine,2021-09-10T09:01:05,-73.6745885996521,45.43576346978418
21-247847,Plainte,Rosemont - La Petite-Patrie,Rosemont-La Petite-Patrie,2021-09-10T09:31:31,-73.58833198712742,45.54410342965341
21-247838,Plainte,Rivière-des-Prairies - Pointe-aux-Trembles,Rivière-des-Prairies-Pointe-aux-Trembles,2021-09-10T09:27:58,-73.51056999908107,45.64664385587192
21-247806,Plainte,Rosemont - La Petite-Patrie,Rosemont-La Petite-Patrie,2021-09-10T09:14:01,-73.60604610452654,45.54090038728075
21-247870,Plainte,Lachine,Lachine,2021-09-10T09:42:02,-73.670258,45.434893618
21-247851,Plainte,Ahuntsic - Cartierville,Ahuntsic-Cartierville,2021-09-10T09:32:47,-73.67314424881171,45.55383960092272
21-247856,Plainte,Ahuntsic - Cartierville,Ahuntsic-Cartierville,2021-09-10T09:35:56,-73.67314424881171,45.55383960092272
21-247958,Plainte,L'Île-Bizard - Sainte-Geneviève,L'Île-Bizard-Sainte-Geneviève,2021-09-10T10:18:39,-73.87939929359229,45.49333444657627
21-247931,Plainte,Rosemont - La Petite-Patrie,Rosemont-La Petite-Patrie,2021-09-10T10:07:05,-73.57209826254092,45.54625384940127
21-248008,Plainte,Montréal-Nord,Montréal-Nord,2021-09-10T10:38:31,-73.63351725651098,45.57966402116919
21-248342,Plainte,Saint-Léonard,Saint-Léonard,2021-09-10T13:46:22,-73.60992777108181,45.59134747179751
21-248118,Plainte,Ville-Marie,Ville-Marie,2021-09-10T11:24:01,-73.55768025478851,45.53067589318749
21-248166,Plainte,Le Plateau-Mont-Royal,Le Plateau-Mont-Royal,2021-09-10T11:49:27,-73.57650149469256,45.52182652029762
21-248281,Plainte,Côte-des-Neiges - Notre-Dame-de-Grâce,Côte-des-Neiges-Notre-Dame-de-Grâce,2021-09-10T13:13:46,-73.61839704165912,45.511242579209934
21-248324,Plainte,Saint-Léonard,Saint-Léonard,2021-09-10T13:37:44,-73.61988755034251,45.58646922789072
21-248348,Plainte,Outremont,Outremont,2021-09-10T13:48:07,-73.61775304636551,45.52017954481047
21-248062,Plainte,Rosemont - La Petite-Patrie,Rosemont-La Petite-Patrie,2021-09-10T10:59:12,-73.56858277208502,45.54371635303792
21-248200,Plainte,Anjou,Anjou,2021-09-10T12:04:17,-73.54857352708133,45.59911923168917
21-248203,Plainte,Ville-Marie,Ville-Marie,2021-09-10T12:06:46,-73.596442783,45.494912998
21-2484,Plainte,Villeray-Saint-Michel - Parc-Extension,Villeray-Saint-Michel-Parc-Extension,2021-01-05T13:46:37,-73.62594703259855,45.52600935521716
21-248548,Plainte,Villeray-Saint-Michel - Parc-Extension,Villeray-Saint-Michel-Parc-Extension,2021-09-10T15:34:56,-73.62336864448312,45.53442293366918
21-248473,Plainte,Rosemont - La Petite-Patrie,Rosemont-La Petite-Patrie,2021-09-10T14:44:48,-73.60826010728967,45.538472329122925
21-248476,Plainte,Lachine,Lachine,2021-09-10T14:49:02,-73.685477589,45.438867518
21-248455,Plainte,Rosemont - La Petite-Patrie,Rosemont-La Petite-Patrie,2021-09-10T14:38:49,-73.59456717429428,45.54281413227373
21-248602,Plainte,Rosemont - La Petite-Patrie,Rosemont-La Petite-Patrie,2021-09-10T16:01:05,-73.598929561,45.543353902
21-248719,Plainte,Saint-Laurent,Saint-Laurent,2021-09-10T18:24:31,-73.67120081586599,45.52002147739074
21-248693,Plainte,Lachine,Lachine,2021-09-10T17:31:34,-73.69729812169982,45.44445509571534
21-248715,Plainte,Côte-des-Neiges - Notre-Dame-de-Grâce,Côte-des-Neiges-Notre-Dame-de-Grâce,2021-09-10T18:17:18,-73.65186963948754,45.4989051112475
21-248707,Plainte,Montréal-Nord,Montréal-Nord,2021-09-10T18:00:24,-73.61872698626395,45.61684002553464
21-24881,Plainte,Anjou,Anjou,2021-02-04T08:35:30,-73.5473767697908,45.608873890220096
21-248736,Plainte,Ahuntsic - Cartierville,Ahuntsic-Cartierville,2021-09-10T19:12:27,-73.66372837778042,45.54442979831387
21-248757,Plainte,Villeray-Saint-Michel - Parc-Extension,Villeray-Saint-Michel-Parc-Extension,2021-09-10T20:03:32,-73.62562426207549,45.52655023934157
21-249509,Plainte,Ville-Marie,Ville-Marie,2021-09-13T08:53:36,-73.5842127369641,45.49051652627952
21-248829,Plainte,Rosemont - La Petite-Patrie,Rosemont-La Petite-Patrie,2021-09-11T09:17:39,-73.608464129,45.540901317
21-24905,Plainte,Villeray-Saint-Michel - Parc-Extension,Villeray-Saint-Michel-Parc-Extension,2021-02-04T08:44:01,-73.64671974300614,45.531475096541854
21-249262,Plainte,Verdun,Verdun,2021-09-12T13:26:05,-73.56671605634477,45.46601823123845
21-249571,Plainte,Lachine,Lachine,2021-09-13T09:13:44,-73.6729020719353,45.44346690829547
21-249494,Plainte,Le Plateau-Mont-Royal,Le Plateau-Mont-Royal,2021-09-13T08:50:31,-73.577925382,45.52651381
21-248887,Plainte,Rosemont - La Petite-Patrie,Rosemont-La Petite-Patrie,2021-09-11T11:11:36,-73.60881199592632,45.54051620878581
21-248967,Plainte,Saint-Laurent,Saint-Laurent,2021-09-11T13:49:32,-73.68915204759412,45.50534210916221
21-249005,Plainte,Outremont,Outremont,2021-09-11T15:08:50,-73.618935583,45.518838553
21-249006,Plainte,Le Sud-Ouest,Le Sud-Ouest,2021-09-11T15:08:58,-73.58155077426125,45.48010845779983
21-24913,Plainte,Villeray-Saint-Michel - Parc-Extension,Villeray-Saint-Michel-Parc-Extension,2021-02-04T08:46:24,-73.635062304,45.52930724
21-249876,Plainte,LaSalle,LaSalle,2021-09-13T10:51:45,-73.597340789,45.432805883
21-249566,Plainte,Rosemont - La Petite-Patrie,Rosemont-La Petite-Patrie,2021-09-13T09:11:48,-73.59924505490588,45.54035274783278
21-249588,Plainte,Rosemont - La Petite-Patrie,Rosemont-La Petite-Patrie,2021-09-13T09:19:54,-73.59924505490588,45.54035274783278
21-249592,Plainte,Montréal-Nord,Montréal-Nord,2021-09-13T09:20:58,-73.64109058357357,45.590805414789855
21-249640,Plainte,Le Sud-Ouest,Le Sud-Ouest,2021-09-13T09:36:56,-73.59808253552418,45.451821766982
21-249761,Plainte,Ahuntsic - Cartierville,Ahuntsic-Cartierville,2021-09-13T10:12:49,-73.67702259581695,45.540267314022685
21-249860,Plainte,Rosemont - La Petite-Patrie,Rosemont-La Petite-Patrie,2021-09-13T10:45:08,-73.58899537338468,45.54489550825423
21-249699,Plainte,Côte-des-Neiges - Notre-Dame-de-Grâce,Côte-des-Neiges-Notre-Dame-de-Grâce,2021-09-13T09:54:34,-73.65516425782891,45.45868587239645
21-249772,Plainte,Ahuntsic - Cartierville,Ahuntsic-Cartierville,2021-09-13T10:14:56,-73.70536696600232,45.537480902025706
21-24987,Plainte,Ville-Marie,Ville-Marie,2021-02-04T09:11:30,-73.55855951961041,45.51218281764195
21-250034,Plainte,Ville-Marie,Ville-Marie,2021-09-13T11:48:06,-73.55851897877497,45.50039284154068
21-249933,Plainte,Le Plateau-Mont-Royal,Le Plateau-Mont-Royal,2021-09-13T11:12:59,-73.59612465190811,45.520720211184695
21-24998,Plainte,L'Île-Bizard - Sainte-Geneviève,L'Île-Bizard-Sainte-Geneviève,2021-02-04T09:14:14,-73.87174314021253,45.47986786223929
21-2500,Plainte,Ahuntsic - Cartierville,Ahuntsic-Cartierville,2021-01-05T13:56:21,-73.66798122219346,45.55743780392815
21-24996,Plainte,Côte-des-Neiges - Notre-Dame-de-Grâce,Côte-des-Neiges-Notre-Dame-de-Grâce,2021-02-04T09:14:04,-73.63431642631447,45.47213083017003
21-249964,Plainte,Le Plateau-Mont-Royal,Le Plateau-Mont-Royal,2021-09-13T11:25:14,-73.58579884307503,45.534326452142544
21-250152,Plainte,Anjou,Anjou,2021-09-13T12:46:43,-73.57134514120077,45.602261532019966
21-250081,Plainte,Saint-Laurent,Saint-Laurent,2021-09-13T12:04:35,-73.67876629806277,45.5256552244116
21-250253,Plainte,Le Sud-Ouest,Le Sud-Ouest,2021-09-13T13:36:38,-73.59586520312979,45.45222256195212
21-25048,Plainte,Le Plateau-Mont-Royal,Le Plateau-Mont-Royal,2021-02-04T09:34:54,-73.60490616,45.524375391
21-250417,Plainte,Le Sud-Ouest,Le Sud-Ouest,2021-09-13T14:32:59,-73.5830638417719,45.47497637998488
21-25077,Plainte,LaSalle,LaSalle,2021-02-04T09:46:26,-73.64835541444242,45.420975100256896
21-250519,Plainte,Rivière-des-Prairies - Pointe-aux-Trembles,Rivière-des-Prairies-Pointe-aux-Trembles,2021-09-13T15:08:02,-73.53595511835599,45.671327943895406
21-250634,Plainte,Le Plateau-Mont-Royal,Le Plateau-Mont-Royal,2021-09-13T15:54:39,-73.59941473366857,45.52352558661722
21-250688,Plainte,Côte-des-Neiges - Notre-Dame-de-Grâce,Côte-des-Neiges-Notre-Dame-de-Grâce,2021-09-13T16:19:50,-73.64016847162826,45.50447417233652
21-250534,Plainte,Villeray-Saint-Michel - Parc-Extension,Villeray-Saint-Michel-Parc-Extension,2021-09-13T15:11:51,-73.63292435041717,45.54249578139852
21-250821,Plainte,Ville-Marie,Ville-Marie,2021-09-13T18:09:04,-73.5649623594003,45.49481989619179
21-25112,Plainte,L'Île-Bizard - Sainte-Geneviève,L'Île-Bizard-Sainte-Geneviève,2021-02-04T10:04:29,-73.88013677992897,45.49867964457962
21-250987,Plainte,Ahuntsic - Cartierville,Ahuntsic-Cartierville,2021-09-14T08:35:02,-73.73778085145872,45.522387041762826
21-251015,Plainte,Villeray-Saint-Michel - Parc-Extension,Villeray-Saint-Michel-Parc-Extension,2021-09-14T08:45:59,-73.61384988562305,45.54577201431035
21-251107,Plainte,Pierrefonds - Roxboro,Pierrefonds-Roxboro,2021-09-14T09:20:24,-73.84818620969796,45.49442058130631
21-250909,Plainte,Côte-des-Neiges - Notre-Dame-de-Grâce,Côte-des-Neiges-Notre-Dame-de-Grâce,2021-09-13T22:27:06,-73.63958735775941,45.46918133723611
21-251092,Plainte,Le Plateau-Mont-Royal,Le Plateau-Mont-Royal,2021-09-14T09:13:36,-73.60161204377738,45.52540118557432
21-251510,Plainte,Ahuntsic - Cartierville,Ahuntsic-Cartierville,2021-09-14T11:33:54,-73.64605398386492,45.56787525175383
21-251183,Plainte,Rivière-des-Prairies - Pointe-aux-Trembles,Rivière-des-Prairies-Pointe-aux-Trembles,2021-09-14T09:47:27,-73.57618554386057,45.64096274787684
21-25136,Plainte,Saint-Léonard,Saint-Léonard,2021-02-04T10:10:51,-73.61609346133328,45.583229228232895
21-251474,Plainte,Le Plateau-Mont-Royal,Le Plateau-Mont-Royal,2021-09-14T11:22:46,-73.56631461045019,45.53228451435516
21-251148,Plainte,Le Sud-Ouest,Le Sud-Ouest,2021-09-14T09:36:38,-73.56429727468421,45.49046286403875
21-251605,Plainte,Villeray-Saint-Michel - Parc-Extension,Villeray-Saint-Michel-Parc-Extension,2021-09-14T12:12:22,-73.59070806420819,45.56107709223965
21-25157,Plainte,LaSalle,LaSalle,2021-02-04T10:18:21,-73.63142724828047,45.42390774752887
21-251657,Plainte,LaSalle,LaSalle,2021-09-14T12:37:44,-73.60880594,45.420170569
21-251638,Plainte,Montréal-Nord,Montréal-Nord,2021-09-14T12:25:49,-73.63272936427774,45.601823752322055
21-251683,Plainte,Montréal-Nord,Montréal-Nord,2021-09-14T12:51:12,-73.61658710977355,45.61218948971588
21-25170,Plainte,Le Sud-Ouest,Le Sud-Ouest,2021-02-04T10:24:30,-73.56431000605305,45.49219119657141
21-251699,Plainte,Montréal-Nord,Montréal-Nord,2021-09-14T12:58:36,-73.6163783954435,45.60979045043624
21-251727,Plainte,Pierrefonds - Roxboro,Pierrefonds-Roxboro,2021-09-14T13:14:35,-73.84818620969796,45.49442058130631
21-251765,Plainte,Côte-des-Neiges - Notre-Dame-de-Grâce,Côte-des-Neiges-Notre-Dame-de-Grâce,2021-09-14T13:28:22,-73.63576223338204,45.46808464168353
21-25183,Plainte,Le Plateau-Mont-Royal,Le Plateau-Mont-Royal,2021-02-04T10:29:28,-73.59660883,45.518709659
21-251833,Plainte,Villeray-Saint-Michel - Parc-Extension,Villeray-Saint-Michel-Parc-Extension,2021-09-14T13:53:13,-73.62530362076095,45.52709242891388
21-251909,Plainte,Saint-Léonard,Saint-Léonard,2021-09-14T14:25:42,-73.61110964892646,45.58712060855141
21-252356,Plainte,Ahuntsic - Cartierville,Ahuntsic-Cartierville,2021-09-14T19:52:42,-73.71032909328044,45.52772439298096
21-252083,Plainte,Ahuntsic - Cartierville,Ahuntsic-Cartierville,2021-09-14T15:46:27,-73.7180189489617,45.53215591995501
21-252178,Plainte,Le Plateau-Mont-Royal,Le Plateau-Mont-Royal,2021-09-14T16:35:31,-73.59079570565522,45.525330312167895
21-252229,Plainte,Rosemont - La Petite-Patrie,Rosemont-La Petite-Patrie,2021-09-14T17:16:00,-73.60812040293987,45.54128400825288
21-251914,Plainte,Verdun,Verdun,2021-09-14T14:27:02,-73.581932117445,45.453195520826974
21-252076,Plainte,Ville-Marie,Ville-Marie,2021-09-14T15:44:37,-73.55423667350055,45.51018610802454
21-25213,Plainte,Rosemont - La Petite-Patrie,Rosemont-La Petite-Patrie,2021-02-04T10:43:37,-73.61489639398332,45.53064099519357
21-252543,Plainte,Villeray-Saint-Michel - Parc-Extension,Villeray-Saint-Michel-Parc-Extension,2021-09-15T08:53:24,-73.59563343642799,45.55963963976548
21-252505,Plainte,Le Sud-Ouest,Le Sud-Ouest,2021-09-15T08:41:36,-73.57307573607719,45.48812247913047
21-252599,Plainte,Verdun,Verdun,2021-09-15T09:15:20,-73.55154350488698,45.462938027856126
21-252589,Plainte,Saint-Laurent,Saint-Laurent,2021-09-15T09:12:07,-73.68523686527189,45.52451455909098
21-252553,Plainte,Rivière-des-Prairies - Pointe-aux-Trembles,Rivière-des-Prairies-Pointe-aux-Trembles,2021-09-15T08:55:19,-73.51056999908107,45.64664385587192
21-252739,Plainte,LaSalle,LaSalle,2021-09-15T10:05:57,-73.60689350516589,45.43759133124588
21-252635,Plainte,Villeray-Saint-Michel - Parc-Extension,Villeray-Saint-Michel-Parc-Extension,2021-09-15T09:29:19,-73.61645467660038,45.56915728688576
21-252785,Plainte,Côte-des-Neiges - Notre-Dame-de-Grâce,Côte-des-Neiges-Notre-Dame-de-Grâce,2021-09-15T10:23:04,-73.6123483543991,45.4940902305838
21-252791,Plainte,Mercier - Hochelaga-Maisonneuve,Mercier-Hochelaga-Maisonneuve,2021-09-15T10:25:11,-73.53649586500427,45.550177935664685
21-252826,Plainte,Le Plateau-Mont-Royal,Le Plateau-Mont-Royal,2021-09-15T10:39:27,-73.57743938476531,45.52256827050535
21-252908,Plainte,Mercier - Hochelaga-Maisonneuve,Mercier-Hochelaga-Maisonneuve,2021-09-15T11:05:54,-73.51918763907055,45.60055968956088
21-253084,Plainte,Côte-des-Neiges - Notre-Dame-de-Grâce,Côte-des-Neiges-Notre-Dame-de-Grâce,2021-09-15T12:24:44,-73.62738984143277,45.51566360402387
21-252914,Plainte,Mercier - Hochelaga-Maisonneuve,Mercier-Hochelaga-Maisonneuve,2021-09-15T11:08:49,-73.51918763907055,45.60055968956088
21-252981,Plainte,Ahuntsic - Cartierville,Ahuntsic-Cartierville,2021-09-15T11:31:17,-73.71252840400852,45.52631640446989
21-253085,Plainte,Rosemont - La Petite-Patrie,Rosemont-La Petite-Patrie,2021-09-15T12:25:17,-73.615297089,45.53081213
21-253175,Plainte,Côte-des-Neiges - Notre-Dame-de-Grâce,Côte-des-Neiges-Notre-Dame-de-Grâce,2021-09-15T13:12:07,-73.62199016788907,45.51097657136461
21-253206,Plainte,Pierrefonds - Roxboro,Pierrefonds-Roxboro,2021-09-15T13:22:45,-73.892240259916,45.45548118674545
21-253208,Plainte,Le Plateau-Mont-Royal,Le Plateau-Mont-Royal,2021-09-15T13:23:09,-73.56865455107645,45.535666073626565
21-25321,Plainte,Rivière-des-Prairies - Pointe-aux-Trembles,Rivière-des-Prairies-Pointe-aux-Trembles,2021-02-04T11:40:54,-73.575313722,45.654854841
21-253211,Plainte,Rosemont - La Petite-Patrie,Rosemont-La Petite-Patrie,2021-09-15T13:24:35,-73.60215220063692,45.5347126159436
21-253339,Plainte,Rivière-des-Prairies - Pointe-aux-Trembles,Rivière-des-Prairies-Pointe-aux-Trembles,2021-09-15T14:30:25,-73.55279145335841,45.66703782973303
21-253321,Plainte,Le Plateau-Mont-Royal,Le Plateau-Mont-Royal,2021-09-15T14:22:28,-73.5760918876011,45.522270505098646
21-253285,Plainte,Rosemont - La Petite-Patrie,Rosemont-La Petite-Patrie,2021-09-15T14:03:44,-73.60748177594225,45.53665916454989
21-253332,Plainte,Ville-Marie,Ville-Marie,2021-09-15T14:27:24,-73.56007533339144,45.50531975148076
21-253470,Plainte,Le Sud-Ouest,Le Sud-Ouest,2021-09-15T15:41:18,-73.58351260686807,45.4822605249263
21-253474,Plainte,Rivière-des-Prairies - Pointe-aux-Trembles,Rivière-des-Prairies-Pointe-aux-Trembles,2021-09-15T15:42:03,-73.60202280540477,45.63501162813986
21-25344,Plainte,Ahuntsic - Cartierville,Ahuntsic-Cartierville,2021-02-04T11:53:20,-73.6730582496932,45.55098121188847
21-253563,Plainte,Outremont,Outremont,2021-09-15T16:25:47,-73.62235760067117,45.51759579195983
21-253555,Plainte,Le Sud-Ouest,Le Sud-Ouest,2021-09-15T16:18:36,-73.55999849253256,45.49324995434867
21-253611,Plainte,Lachine,Lachine,2021-09-15T17:13:18,-73.66760286707489,45.44101256072711
21-253886,Plainte,Le Plateau-Mont-Royal,Le Plateau-Mont-Royal,2021-09-16T09:07:40,-73.57227217632558,45.51628819869164
21-253803,Plainte,Montréal-Nord,Montréal-Nord,2021-09-16T08:39:03,-73.61941450659967,45.61210804985903
21-253805,Plainte,Montréal-Nord,Montréal-Nord,2021-09-16T08:39:23,-73.61941450659967,45.61210804985903
21-253858,Plainte,Rosemont - La Petite-Patrie,Rosemont-La Petite-Patrie,2021-09-16T08:58:32,-73.592037858,45.535459585
21-253936,Plainte,L'Île-Bizard - Sainte-Geneviève,L'Île-Bizard-Sainte-Geneviève,2021-09-16T09:28:16,-73.90860107744173,45.4986524923105
21-254024,Plainte,Outremont,Outremont,2021-09-16T10:01:47,-73.61174248300189,45.51892468370913
21-25395,Plainte,Ville-Marie,Ville-Marie,2021-02-04T12:25:28,-73.55594066799495,45.52832281884486
21-254,Plainte,Ville-Marie,Ville-Marie,2021-01-02T11:05:45,-73.55214951684354,45.53712856392824
21-25401,Plainte,Le Sud-Ouest,Le Sud-Ouest,2021-02-04T12:33:29,-73.5578118639883,45.49088980342688
21-254095,Plainte,Montréal-Nord,Montréal-Nord,2021-09-16T10:30:01,-73.63733940770834,45.606221341291445
21-254056,Plainte,Pierrefonds - Roxboro,Pierrefonds-Roxboro,2021-09-16T10:12:33,-73.84152669416078,45.500922233955805
21-254155,Plainte,Rosemont - La Petite-Patrie,Rosemont-La Petite-Patrie,2021-09-16T10:48:49,-73.6066882917126,45.53145196706418
21-254241,Plainte,Pierrefonds - Roxboro,Pierrefonds-Roxboro,2021-09-16T11:12:22,-73.82803119937782,45.5049674190741
21-254220,Plainte,Rosemont - La Petite-Patrie,Rosemont-La Petite-Patrie,2021-09-16T11:05:52,-73.60466442949243,45.53158223207087
21-254259,Plainte,Montréal-Nord,Montréal-Nord,2021-09-16T11:20:42,-73.63736246301657,45.59375802460729
21-254249,Plainte,Rosemont - La Petite-Patrie,Rosemont-La Petite-Patrie,2021-09-16T11:14:47,-73.6066882917126,45.53145196706418
21-254423,Plainte,Mercier - Hochelaga-Maisonneuve,Mercier-Hochelaga-Maisonneuve,2021-09-16T12:36:59,-73.55072541334775,45.551822825863134
21-254274,Plainte,Le Plateau-Mont-Royal,Le Plateau-Mont-Royal,2021-09-16T11:27:45,-73.56848100677381,45.52173047772068
21-25458,Plainte,Verdun,Verdun,2021-02-04T13:06:25,-73.58270595478594,45.44579737397276
21-254433,Plainte,Rivière-des-Prairies - Pointe-aux-Trembles,Rivière-des-Prairies-Pointe-aux-Trembles,2021-09-16T12:46:44,-73.59390813211934,45.63570814598446
21-254459,Plainte,Côte-des-Neiges - Notre-Dame-de-Grâce,Côte-des-Neiges-Notre-Dame-de-Grâce,2021-09-16T12:59:57,-73.639699023,45.502489352
21-254450,Plainte,Rosemont - La Petite-Patrie,Rosemont-La Petite-Patrie,2021-09-16T12:54:22,-73.60558307453311,45.53059027960977
21-254675,Plainte,Rivière-des-Prairies - Pointe-aux-Trembles,Rivière-des-Prairies-Pointe-aux-Trembles,2021-09-16T14:36:05,-73.52306753195579,45.64811833718295
21-25460,Plainte,Ahuntsic - Cartierville,Ahuntsic-Cartierville,2021-02-04T13:06:58,-73.65502918627324,45.537893874954776
21-254663,Plainte,Rosemont - La Petite-Patrie,Rosemont-La Petite-Patrie,2021-09-16T14:31:54,-73.60894806828405,45.543122846241246
21-25461,Plainte,Ville-Marie,Ville-Marie,2021-02-04T13:07:07,-73.55842376345743,45.52291329690915
21-254928,Plainte,Montréal-Nord,Montréal-Nord,2021-09-16T16:38:11,-73.63109568232784,45.6096894746127
21-254744,Plainte,Mercier - Hochelaga-Maisonneuve,Mercier-Hochelaga-Maisonneuve,2021-09-16T15:05:15,-73.55070589431342,45.54800813433694
21-254745,Plainte,Rosemont - La Petite-Patrie,Rosemont-La Petite-Patrie,2021-09-16T15:05:18,-73.5629618875195,45.57349946808691
21-254814,Plainte,Rivière-des-Prairies - Pointe-aux-Trembles,Rivière-des-Prairies-Pointe-aux-Trembles,2021-09-16T15:32:11,-73.56812906192728,45.650986596716095
21-254891,Plainte,Le Plateau-Mont-Royal,Le Plateau-Mont-Royal,2021-09-16T16:11:52,-73.57736241779989,45.52819848404162
21-254913,Plainte,Rivière-des-Prairies - Pointe-aux-Trembles,Rivière-des-Prairies-Pointe-aux-Trembles,2021-09-16T16:32:04,-73.49749650812323,45.67471164565627
21-254687,Plainte,Côte-des-Neiges - Notre-Dame-de-Grâce,Côte-des-Neiges-Notre-Dame-de-Grâce,2021-09-16T14:40:32,-73.622493451,45.481039133
21-254829,Plainte,Montréal-Nord,Montréal-Nord,2021-09-16T15:37:39,-73.62397098060957,45.59658772340066
21-254916,Plainte,Rivière-des-Prairies - Pointe-aux-Trembles,Rivière-des-Prairies-Pointe-aux-Trembles,2021-09-16T16:32:41,-73.55567618983198,45.66289292936378
21-255033,Plainte,Ahuntsic - Cartierville,Ahuntsic-Cartierville,2021-09-16T18:36:19,-73.66133702568037,45.54944087601111
21-255299,Plainte,Mercier - Hochelaga-Maisonneuve,Mercier-Hochelaga-Maisonneuve,2021-09-17T09:44:20,-73.53708509069892,45.544371566732536
21-255065,Plainte,Ahuntsic - Cartierville,Ahuntsic-Cartierville,2021-09-16T19:44:26,-73.65634108458565,45.56287933931876
21-255305,Plainte,Mercier - Hochelaga-Maisonneuve,Mercier-Hochelaga-Maisonneuve,2021-09-17T09:46:11,-73.53708509069892,45.544371566732536
21-255304,Plainte,Mercier - Hochelaga-Maisonneuve,Mercier-Hochelaga-Maisonneuve,2021-09-17T09:45:34,-73.53708509069892,45.544371566732536
21-255445,Plainte,Côte-des-Neiges - Notre-Dame-de-Grâce,Côte-des-Neiges-Notre-Dame-de-Grâce,2021-09-17T10:37:03,-73.61890735870578,45.49891788507462
21-255363,Plainte,Mercier - Hochelaga-Maisonneuve,Mercier-Hochelaga-Maisonneuve,2021-09-17T10:05:15,-73.54937469159994,45.54433787067336
21-255450,Plainte,Le Plateau-Mont-Royal,Le Plateau-Mont-Royal,2021-09-17T10:38:10,-73.57871340215301,45.52204069454904
21-255453,Plainte,Villeray-Saint-Michel - Parc-Extension,Villeray-Saint-Michel-Parc-Extension,2021-09-17T10:38:49,-73.6264198381982,45.52710059736612
21-255638,Plainte,Le Plateau-Mont-Royal,Le Plateau-Mont-Royal,2021-09-17T11:53:27,-73.58336189239802,45.518007235819454
21-2556,Plainte,Ahuntsic - Cartierville,Ahuntsic-Cartierville,2021-01-05T14:26:47,-73.69659251548774,45.535599961991466
21-25575,Plainte,Le Sud-Ouest,Le Sud-Ouest,2021-02-04T13:57:59,-73.60014154030185,45.45758829442417
21-255640,Plainte,Ville-Marie,Ville-Marie,2021-09-17T11:54:40,-73.58052918462907,45.48815757138549
21-25570,Plainte,Outremont,Outremont,2021-02-04T13:55:12,-73.61952431219319,45.5167502939673
21-255772,Plainte,Rosemont - La Petite-Patrie,Rosemont-La Petite-Patrie,2021-09-17T13:14:22,-73.609672823,45.530351579
21-255925,Plainte,Saint-Léonard,Saint-Léonard,2021-09-17T14:44:55,-73.60724917723834,45.5972133259842
21-255845,Plainte,Rosemont - La Petite-Patrie,Rosemont-La Petite-Patrie,2021-09-17T13:52:16,-73.5558185712678,45.55494113779548
21-256020,Plainte,Mercier - Hochelaga-Maisonneuve,Mercier-Hochelaga-Maisonneuve,2021-09-17T15:40:22,-73.54884602230759,45.57936242749227
21-255934,Plainte,Rosemont - La Petite-Patrie,Rosemont-La Petite-Patrie,2021-09-17T14:48:56,-73.605583304,45.530590038
21-255944,Plainte,Rosemont - La Petite-Patrie,Rosemont-La Petite-Patrie,2021-09-17T14:55:25,-73.56233843758548,45.55413433354274
21-255946,Plainte,Lachine,Lachine,2021-09-17T14:56:40,-73.686483786,45.441842143
21-255966,Plainte,Le Plateau-Mont-Royal,Le Plateau-Mont-Royal,2021-09-17T15:09:16,-73.5870845297207,45.52976204444873
21-256040,Plainte,Ahuntsic - Cartierville,Ahuntsic-Cartierville,2021-09-17T15:51:57,-73.7520549322607,45.51011508756846
21-256182,Plainte,Ahuntsic - Cartierville,Ahuntsic-Cartierville,2021-09-17T17:41:25,-73.65291160871372,45.541479306062406
21-257109,Plainte,LaSalle,LaSalle,2021-09-20T09:36:50,-73.60194968264008,45.42919619032265
21-256176,Plainte,Ville-Marie,Ville-Marie,2021-09-17T17:33:59,-73.55580423099713,45.52216898109437
21-257126,Plainte,Pierrefonds - Roxboro,Pierrefonds-Roxboro,2021-09-20T09:47:00,-73.800548238,45.507769271
21-256200,Plainte,Ahuntsic - Cartierville,Ahuntsic-Cartierville,2021-09-17T18:14:58,-73.7088755523797,45.53995602424784
21-256347,Plainte,Villeray-Saint-Michel - Parc-Extension,Villeray-Saint-Michel-Parc-Extension,2021-09-18T10:39:32,-73.64424325647671,45.53315732953215
21-256489,Plainte,Côte-des-Neiges - Notre-Dame-de-Grâce,Côte-des-Neiges-Notre-Dame-de-Grâce,2021-09-18T14:30:55,-73.62636942843672,45.5093725108066
21-25649,Plainte,Ahuntsic - Cartierville,Ahuntsic-Cartierville,2021-02-04T14:41:21,-73.67213885774464,45.54091211015508
21-256784,Plainte,Rosemont - La Petite-Patrie,Rosemont-La Petite-Patrie,2021-09-19T14:19:41,-73.57181814075633,45.55895886155885
21-257040,Plainte,Ahuntsic - Cartierville,Ahuntsic-Cartierville,2021-09-20T09:09:58,-73.7088755523797,45.53995602424784
21-25624,Plainte,Villeray-Saint-Michel - Parc-Extension,Villeray-Saint-Michel-Parc-Extension,2021-02-04T14:24:22,-73.60281900036136,45.56426366831143
21-256307,Plainte,Rivière-des-Prairies - Pointe-aux-Trembles,Rivière-des-Prairies-Pointe-aux-Trembles,2021-09-18T09:33:24,-73.59458904199589,45.63860916847441
21-256518,Plainte,Côte-des-Neiges - Notre-Dame-de-Grâce,Côte-des-Neiges-Notre-Dame-de-Grâce,2021-09-18T15:24:10,-73.6322336334093,45.50226029397837
21-257015,Plainte,Rosemont - La Petite-Patrie,Rosemont-La Petite-Patrie,2021-09-20T08:58:41,-73.56705716846054,45.568443062460176
21-257069,Plainte,Rosemont - La Petite-Patrie,Rosemont-La Petite-Patrie,2021-09-20T09:18:50,-73.57798109169947,45.57291136357149
21-25732,Plainte,Rivière-des-Prairies - Pointe-aux-Trembles,Rivière-des-Prairies-Pointe-aux-Trembles,2021-02-04T15:26:08,-73.48696500582315,45.699256260377375
21-257155,Plainte,Ville-Marie,Ville-Marie,2021-09-20T09:59:04,-73.55005392135854,45.52384310526202
21-257207,Plainte,Le Plateau-Mont-Royal,Le Plateau-Mont-Royal,2021-09-20T10:19:20,-73.57186310695106,45.52002202593085
21-257210,Plainte,Rosemont - La Petite-Patrie,Rosemont-La Petite-Patrie,2021-09-20T10:20:33,-73.566546977,45.547477847
21-25729,Plainte,Anjou,Anjou,2021-02-04T15:22:23,-73.55416041457065,45.59433889566296
21-257166,Plainte,Ahuntsic - Cartierville,Ahuntsic-Cartierville,2021-09-20T10:04:38,-73.638518131,45.547207933
21-257280,Plainte,Rivière-des-Prairies - Pointe-aux-Trembles,Rivière-des-Prairies-Pointe-aux-Trembles,2021-09-20T10:49:17,-73.49929460139121,45.66584704701879
21-257472,Plainte,Le Plateau-Mont-Royal,Le Plateau-Mont-Royal,2021-09-20T12:01:12,-73.5889804898082,45.517144823466886
21-257328,Plainte,Le Plateau-Mont-Royal,Le Plateau-Mont-Royal,2021-09-20T11:04:03,-73.57448379768013,45.53822556138649
21-257368,Plainte,Ville-Marie,Ville-Marie,2021-09-20T11:15:57,-73.56076496716022,45.49928704231794
21-257416,Plainte,Rivière-des-Prairies - Pointe-aux-Trembles,Rivière-des-Prairies-Pointe-aux-Trembles,2021-09-20T11:36:45,-73.55563701837606,45.65583597306486
21-257397,Plainte,Côte-des-Neiges - Notre-Dame-de-Grâce,Côte-des-Neiges-Notre-Dame-de-Grâce,2021-09-20T11:27:09,-73.62461967598487,45.47821882710628
21-25747,Plainte,Outremont,Outremont,2021-02-04T15:36:47,-73.617993272,45.517012089
21-25753,Plainte,Le Plateau-Mont-Royal,Le Plateau-Mont-Royal,2021-02-04T15:39:44,-73.56689842532377,45.53167234832386
21-257653,Plainte,Ville-Marie,Ville-Marie,2021-09-20T13:40:04,-73.5656263747847,45.50273520361724
21-257570,Plainte,Rivière-des-Prairies - Pointe-aux-Trembles,Rivière-des-Prairies-Pointe-aux-Trembles,2021-09-20T13:01:58,-73.5943982964652,45.63263313853583
21-257598,Plainte,Rivière-des-Prairies - Pointe-aux-Trembles,Rivière-des-Prairies-Pointe-aux-Trembles,2021-09-20T13:16:42,-73.492035649,45.643768835
21-2576,Plainte,Ahuntsic - Cartierville,Ahuntsic-Cartierville,2021-01-05T14:34:47,-73.66214273099592,45.55303350362605
21-257578,Plainte,Rivière-des-Prairies - Pointe-aux-Trembles,Rivière-des-Prairies-Pointe-aux-Trembles,2021-09-20T13:06:22,-73.5943982964652,45.63263313853583
21-257705,Plainte,Le Plateau-Mont-Royal,Le Plateau-Mont-Royal,2021-09-20T13:56:36,-73.5675623512382,45.53855493086564
21-257802,Plainte,Le Sud-Ouest,Le Sud-Ouest,2021-09-20T14:39:38,-73.57623892435512,45.48230062940118
21-257803,Plainte,Ahuntsic - Cartierville,Ahuntsic-Cartierville,2021-09-20T14:39:44,-73.65502918627324,45.537893874954776
21-258100,Plainte,Pierrefonds - Roxboro,Pierrefonds-Roxboro,2021-09-20T17:00:47,-73.87425082447884,45.46986971865226
21-25782,Plainte,Villeray-Saint-Michel - Parc-Extension,Villeray-Saint-Michel-Parc-Extension,2021-02-04T15:53:18,-73.61740208900822,45.55847941447757
21-257913,Plainte,Le Plateau-Mont-Royal,Le Plateau-Mont-Royal,2021-09-20T15:24:45,-73.59079570565522,45.525330312167895
21-257934,Plainte,Rosemont - La Petite-Patrie,Rosemont-La Petite-Patrie,2021-09-20T15:31:39,-73.599954926,45.537109993
21-258071,Plainte,Villeray-Saint-Michel - Parc-Extension,Villeray-Saint-Michel-Parc-Extension,2021-09-20T16:31:29,-73.6402994389895,45.53271831497121
21-25788,Plainte,Ville-Marie,Ville-Marie,2021-02-04T15:58:10,-73.56480793538408,45.52101923891659
21-258353,Plainte,Pierrefonds - Roxboro,Pierrefonds-Roxboro,2021-09-21T08:49:21,-73.88142018582688,45.461845964571246
21-258343,Plainte,Côte-des-Neiges - Notre-Dame-de-Grâce,Côte-des-Neiges-Notre-Dame-de-Grâce,2021-09-21T08:44:43,-73.64666817084868,45.4711600743651
21-258629,Plainte,Mercier - Hochelaga-Maisonneuve,Mercier-Hochelaga-Maisonneuve,2021-09-21T10:44:26,-73.5578819924595,45.578332512673626
21-25848,Plainte,Ahuntsic - Cartierville,Ahuntsic-Cartierville,2021-02-04T16:43:13,-73.667397892,45.544358193
21-258399,Plainte,Mercier - Hochelaga-Maisonneuve,Mercier-Hochelaga-Maisonneuve,2021-09-21T09:10:08,-73.51093322060409,45.60714085655752
21-25852,Plainte,Lachine,Lachine,2021-02-04T16:48:08,-73.70302883,45.443573146
21-258650,Plainte,Ahuntsic - Cartierville,Ahuntsic-Cartierville,2021-09-21T10:51:08,-73.634379845,45.555239138
21-2587,Plainte,Côte-des-Neiges - Notre-Dame-de-Grâce,Côte-des-Neiges-Notre-Dame-de-Grâce,2021-01-05T14:39:40,-73.62607788442655,45.48322044648201
21-25866,Plainte,Le Plateau-Mont-Royal,Le Plateau-Mont-Royal,2021-02-04T16:53:18,-73.56974910448196,45.51513595170764
21-258703,Plainte,Le Plateau-Mont-Royal,Le Plateau-Mont-Royal,2021-09-21T11:11:56,-73.58933873221808,45.53077643244405
21-258735,Plainte,Rosemont - La Petite-Patrie,Rosemont-La Petite-Patrie,2021-09-21T11:27:18,-73.60288454418077,45.54439872604439
21-258737,Plainte,Villeray-Saint-Michel - Parc-Extension,Villeray-Saint-Michel-Parc-Extension,2021-09-21T11:28:01,-73.62924209017976,45.52986422455453
21-25896,Plainte,Villeray-Saint-Michel - Parc-Extension,Villeray-Saint-Michel-Parc-Extension,2021-02-04T17:24:35,-73.6270015470959,45.5698595095942
21-258747,Plainte,Ville-Marie,Ville-Marie,2021-09-21T11:30:47,-73.55210302452255,45.53420365011045
21-258887,Plainte,Le Plateau-Mont-Royal,Le Plateau-Mont-Royal,2021-09-21T12:31:32,-73.57188351264192,45.53402101788194
21-259,Plainte,LaSalle,LaSalle,2021-01-02T11:09:16,-73.617610483,45.432588843
21-258822,Plainte,Rivière-des-Prairies - Pointe-aux-Trembles,Rivière-des-Prairies-Pointe-aux-Trembles,2021-09-21T12:02:05,-73.489863873,45.687526085
21-25901,Plainte,Ahuntsic - Cartierville,Ahuntsic-Cartierville,2021-02-04T17:28:56,-73.64118355505539,45.54896941317405
21-260209,Plainte,Mercier - Hochelaga-Maisonneuve,Mercier-Hochelaga-Maisonneuve,2021-09-22T12:52:04,-73.51023687077112,45.58745343307752
21-259024,Plainte,Ville-Marie,Ville-Marie,2021-09-21T13:45:20,-73.56070728789884,45.51626841468941
21-25919,Plainte,Côte-des-Neiges - Notre-Dame-de-Grâce,Côte-des-Neiges-Notre-Dame-de-Grâce,2021-02-04T17:51:35,-73.620515467,45.468193159
21-259241,Plainte,LaSalle,LaSalle,2021-09-21T15:18:53,-73.62888502138105,45.43211699859323
21-259314,Plainte,Ahuntsic - Cartierville,Ahuntsic-Cartierville,2021-09-21T15:57:26,-73.72742377458857,45.5316107108908
21-259406,Plainte,Le Plateau-Mont-Royal,Le Plateau-Mont-Royal,2021-09-21T16:53:38,-73.56374549650728,45.53653895348283
21-259432,Plainte,Rivière-des-Prairies - Pointe-aux-Trembles,Rivière-des-Prairies-Pointe-aux-Trembles,2021-09-21T17:17:42,-73.49794610462165,45.635129296243335
21-259631,Plainte,Lachine,Lachine,2021-09-22T08:41:24,-73.65002682893292,45.44929632589318
21-259667,Plainte,Le Plateau-Mont-Royal,Le Plateau-Mont-Royal,2021-09-22T08:52:38,-73.57815714568981,45.53827118647297
21-259685,Plainte,Côte-des-Neiges - Notre-Dame-de-Grâce,Côte-des-Neiges-Notre-Dame-de-Grâce,2021-09-22T08:59:51,-73.62775529279796,45.47263386419857
21-259865,Plainte,Montréal-Nord,Montréal-Nord,2021-09-22T10:06:11,-73.63310443207901,45.60782208746361
21-259995,Plainte,Le Plateau-Mont-Royal,Le Plateau-Mont-Royal,2021-09-22T10:57:04,-73.580528225,45.520056185
21-2601,Plainte,Ahuntsic - Cartierville,Ahuntsic-Cartierville,2021-01-05T14:48:49,-73.66941434201641,45.560675633099386
21-26021,Plainte,Rosemont - La Petite-Patrie,Villeray-Saint-Michel-Parc-Extension,2021-02-04T20:26:00,-73.610078838,45.544632043
21-259172,Plainte,Mercier - Hochelaga-Maisonneuve,Mercier-Hochelaga-Maisonneuve,2021-09-21T14:47:27,-73.51246845907266,45.60473868769432
21-25927,Plainte,Rosemont - La Petite-Patrie,Rosemont-La Petite-Patrie,2021-02-04T18:00:58,-73.566151461,45.55736166
21-259335,Plainte,Ahuntsic - Cartierville,Ahuntsic-Cartierville,2021-09-21T16:05:40,-73.72742377458857,45.5316107108908
21-259359,Plainte,Pierrefonds - Roxboro,Pierrefonds-Roxboro,2021-09-21T16:21:53,-73.87629987246751,45.46832282094829
21-259659,Plainte,Montréal-Nord,Montréal-Nord,2021-09-22T08:49:58,-73.62553960202277,45.612023570376905
21-259803,Plainte,Côte-des-Neiges - Notre-Dame-de-Grâce,Côte-des-Neiges-Notre-Dame-de-Grâce,2021-09-22T09:42:49,-73.65118756579099,45.50274682785922
21-259824,Plainte,Côte-des-Neiges - Notre-Dame-de-Grâce,Côte-des-Neiges-Notre-Dame-de-Grâce,2021-09-22T09:50:57,-73.64637275602855,45.46037309415676
21-26006,Plainte,Mercier - Hochelaga-Maisonneuve,Mercier-Hochelaga-Maisonneuve,2021-02-04T19:49:27,-73.53528222106772,45.57118626671808
21-260340,Plainte,Le Sud-Ouest,Le Sud-Ouest,2021-09-22T13:49:26,-73.55772749981313,45.49562487255688
21-260287,Plainte,Montréal-Nord,Montréal-Nord,2021-09-22T13:32:11,-73.64059403595867,45.59838748141722
21-260328,Plainte,Mercier - Hochelaga-Maisonneuve,Mercier-Hochelaga-Maisonneuve,2021-09-22T13:46:19,-73.51779487556512,45.59119979198937
21-260341,Plainte,Ville-Marie,Ville-Marie,2021-09-22T13:49:47,-73.554892069,45.49940471
21-260612,Plainte,Ahuntsic - Cartierville,Ahuntsic-Cartierville,2021-09-22T16:19:38,-73.64701682880407,45.55133401150699
21-260604,Plainte,Ahuntsic - Cartierville,Ahuntsic-Cartierville,2021-09-22T16:14:54,-73.64701682880407,45.55133401150699
21-260418,Plainte,Le Sud-Ouest,Le Sud-Ouest,2021-09-22T14:29:37,-73.60076970897353,45.454410863228944
21-260462,Plainte,Le Plateau-Mont-Royal,Le Plateau-Mont-Royal,2021-09-22T14:53:27,-73.573714787902,45.52055113673198
21-260509,Plainte,Ahuntsic - Cartierville,Ahuntsic-Cartierville,2021-09-22T15:20:16,-73.66549752689649,45.54285764992348
21-260511,Plainte,Le Plateau-Mont-Royal,Le Plateau-Mont-Royal,2021-09-22T15:22:20,-73.56944138526946,45.539325056980026
21-260894,Plainte,Rivière-des-Prairies - Pointe-aux-Trembles,Rivière-des-Prairies-Pointe-aux-Trembles,2021-09-23T08:52:53,-73.54461713189205,45.66294053869648
21-260646,Plainte,Mercier - Hochelaga-Maisonneuve,Mercier-Hochelaga-Maisonneuve,2021-09-22T16:48:24,-73.55025327152708,45.54874851451514
21-260739,Plainte,Lachine,Lachine,2021-09-22T18:48:03,-73.69221469064772,45.43824767644038
21-2609,Plainte,Lachine,Lachine,2021-01-05T14:51:38,-73.68065360251542,45.43590349756097
21-261439,Plainte,Mercier - Hochelaga-Maisonneuve,Mercier-Hochelaga-Maisonneuve,2021-09-23T12:40:04,-73.55239516106138,45.54523730529736
21-260961,Plainte,Rosemont - La Petite-Patrie,Rosemont-La Petite-Patrie,2021-09-23T09:18:59,-73.5995118220809,45.53254675736071
21-260971,Plainte,Le Plateau-Mont-Royal,Le Plateau-Mont-Royal,2021-09-23T09:22:54,-73.56535093083698,45.53485474490703
21-261065,Plainte,Saint-Léonard,Saint-Léonard,2021-09-23T10:00:28,-73.59773083870645,45.58428894016698
21-260986,Plainte,Le Plateau-Mont-Royal,Le Plateau-Mont-Royal,2021-09-23T09:30:04,-73.56535093083698,45.53485474490703
21-261509,Plainte,Rivière-des-Prairies - Pointe-aux-Trembles,Rivière-des-Prairies-Pointe-aux-Trembles,2021-09-23T13:12:09,-73.55563701837606,45.65583597306486
21-261457,Plainte,Rosemont - La Petite-Patrie,Rosemont-La Petite-Patrie,2021-09-23T12:51:37,-73.57258310521942,45.557780764957705
21-261477,Plainte,Anjou,Anjou,2021-09-23T13:01:56,-73.54331720121995,45.60136719488621
21-26191,Plainte,Lachine,Lachine,2021-02-05T08:52:18,-73.65002682893292,45.44929632589318
21-261699,Plainte,Côte-des-Neiges - Notre-Dame-de-Grâce,Côte-des-Neiges-Notre-Dame-de-Grâce,2021-09-23T14:44:31,-73.6508765621277,45.4638675314319
21-261747,Plainte,Saint-Laurent,Saint-Laurent,2021-09-23T15:07:46,-73.72660390977406,45.51255397178489
21-26152,Plainte,Rivière-des-Prairies - Pointe-aux-Trembles,Rivière-des-Prairies-Pointe-aux-Trembles,2021-02-05T08:37:14,-73.571922079,45.654592489
21-261610,Plainte,Verdun,Verdun,2021-09-23T13:59:59,-73.5674302437973,45.458137010064725
21-261672,Plainte,Le Plateau-Mont-Royal,Le Plateau-Mont-Royal,2021-09-23T14:30:09,-73.60025849617384,45.52434662631788
21-261785,Plainte,Verdun,Verdun,2021-09-23T15:20:49,-73.56857909303177,45.46957314342768
21-261791,Plainte,Le Plateau-Mont-Royal,Le Plateau-Mont-Royal,2021-09-23T15:23:50,-73.562789856,45.531543928
21-261896,Plainte,Montréal-Nord,Montréal-Nord,2021-09-23T16:21:17,-73.619952298,45.613154477
21-261946,Plainte,Ahuntsic - Cartierville,Ahuntsic-Cartierville,2021-09-23T16:55:10,-73.64774990852065,45.568205249238325
21-261919,Plainte,Le Plateau-Mont-Royal,Le Plateau-Mont-Royal,2021-09-23T16:40:08,-73.573714787902,45.52055113673198
21-261950,Plainte,Côte-des-Neiges - Notre-Dame-de-Grâce,Côte-des-Neiges-Notre-Dame-de-Grâce,2021-09-23T16:57:58,-73.6216242265292,45.50510676932815
21-262047,Plainte,Montréal-Nord,Montréal-Nord,2021-09-23T18:53:12,-73.61707966331696,45.61314264582043
21-26205,Plainte,Rivière-des-Prairies - Pointe-aux-Trembles,Rivière-des-Prairies-Pointe-aux-Trembles,2021-02-05T08:57:06,-73.4802348366627,45.701212560834655
21-262059,Plainte,Rivière-des-Prairies - Pointe-aux-Trembles,Rivière-des-Prairies-Pointe-aux-Trembles,2021-09-23T19:05:07,-73.57056818652592,45.65156060375608
21-26213,Plainte,Rivière-des-Prairies - Pointe-aux-Trembles,Rivière-des-Prairies-Pointe-aux-Trembles,2021-02-05T09:00:45,-73.4802348366627,45.701212560834655
21-26226,Plainte,Ville-Marie,Ville-Marie,2021-02-05T09:08:50,-73.56034973429762,45.50893174325418
21-26217,Plainte,Outremont,Outremont,2021-02-05T09:03:50,-73.61710219426558,45.51801447320909
21-26223,Plainte,Montréal-Nord,Montréal-Nord,2021-02-05T09:07:17,-73.62681464799971,45.6056351048172
21-262914,Plainte,Ville-Marie,Ville-Marie,2021-09-24T13:51:09,-73.55211067533038,45.52397308410866
21-262271,Plainte,Rosemont - La Petite-Patrie,Rosemont-La Petite-Patrie,2021-09-24T09:09:56,-73.588882998206,45.53974510152965
21-262297,Plainte,Lachine,Lachine,2021-09-24T09:20:51,-73.6729020719353,45.44346690829547
21-26230,Plainte,Outremont,Outremont,2021-02-05T09:10:39,-73.61168444748898,45.52407623391115
21-262394,Plainte,Mercier - Hochelaga-Maisonneuve,Mercier-Hochelaga-Maisonneuve,2021-09-24T10:04:49,-73.51371476296188,45.59894559085772
21-262639,Plainte,Côte-des-Neiges - Notre-Dame-de-Grâce,Côte-des-Neiges-Notre-Dame-de-Grâce,2021-09-24T11:39:51,-73.61885299746079,45.50471891093304
21-26266,Plainte,Lachine,Lachine,2021-02-05T09:22:25,-73.670813226,45.434906287
21-26268,Plainte,Rivière-des-Prairies - Pointe-aux-Trembles,Rivière-des-Prairies-Pointe-aux-Trembles,2021-02-05T09:22:44,-73.58063345459885,45.63345467293492
21-262280,Plainte,Ahuntsic - Cartierville,Ahuntsic-Cartierville,2021-09-24T09:12:27,-73.6264245629429,45.55450616617517
21-262854,Plainte,Le Plateau-Mont-Royal,Le Plateau-Mont-Royal,2021-09-24T13:24:11,-73.57503246869265,45.50789629550136
21-262878,Plainte,Ahuntsic - Cartierville,Ahuntsic-Cartierville,2021-09-24T13:34:34,-73.64469787431833,45.57181214476531
21-26288,Plainte,Lachine,Lachine,2021-02-05T09:29:20,-73.700584169,45.447437831
21-263190,Plainte,Le Plateau-Mont-Royal,Le Plateau-Mont-Royal,2021-09-24T16:15:17,-73.57575698966122,45.51724588197222
21-263024,Plainte,Rosemont - La Petite-Patrie,Rosemont-La Petite-Patrie,2021-09-24T14:48:53,-73.5637582744681,45.55231837051901
21-263194,Plainte,Rosemont - La Petite-Patrie,Rosemont-La Petite-Patrie,2021-09-24T16:19:32,-73.61319073543292,45.53771799721213
21-263229,Plainte,Villeray-Saint-Michel - Parc-Extension,Villeray-Saint-Michel-Parc-Extension,2021-09-24T16:49:42,-73.626970487,45.574518623
21-262943,Plainte,Rosemont - La Petite-Patrie,Rosemont-La Petite-Patrie,2021-09-24T14:04:49,-73.60215220063692,45.5347126159436
21-263158,Plainte,Le Plateau-Mont-Royal,Le Plateau-Mont-Royal,2021-09-24T15:59:34,-73.58383527831857,45.538881797006944
21-263181,Plainte,Le Plateau-Mont-Royal,Le Plateau-Mont-Royal,2021-09-24T16:11:18,-73.57575698966122,45.51724588197222
21-263206,Plainte,Anjou,Anjou,2021-09-24T16:28:01,-73.55607339960599,45.60140321388808
21-263233,Plainte,Villeray-Saint-Michel - Parc-Extension,Villeray-Saint-Michel-Parc-Extension,2021-09-24T16:53:27,-73.59697480874978,45.55389486370716
21-263234,Plainte,Rosemont - La Petite-Patrie,Rosemont-La Petite-Patrie,2021-09-24T16:55:03,-73.57669364801374,45.55475828295401
21-263294,Plainte,Villeray-Saint-Michel - Parc-Extension,Villeray-Saint-Michel-Parc-Extension,2021-09-24T18:08:31,-73.63785616016415,45.53075170970838
21-263277,Plainte,Rosemont - La Petite-Patrie,Rosemont-La Petite-Patrie,2021-09-24T17:46:50,-73.57578587035253,45.54966169569096
21-263317,Plainte,Pierrefonds - Roxboro,Pierrefonds-Roxboro,2021-09-24T18:34:46,-73.76637903057379,45.50555328121799
21-263361,Plainte,L'Île-Bizard - Sainte-Geneviève,L'Île-Bizard-Sainte-Geneviève,2021-09-24T20:24:02,-73.868455442,45.481483381
21-263347,Plainte,Côte-des-Neiges - Notre-Dame-de-Grâce,Côte-des-Neiges-Notre-Dame-de-Grâce,2021-09-24T19:44:29,-73.65692501375322,45.49819541266074
21-263427,Plainte,Côte-des-Neiges - Notre-Dame-de-Grâce,Côte-des-Neiges-Notre-Dame-de-Grâce,2021-09-25T09:03:12,-73.63208091820249,45.50536265986484
21-263642,Plainte,Côte-des-Neiges - Notre-Dame-de-Grâce,Côte-des-Neiges-Notre-Dame-de-Grâce,2021-09-25T14:47:37,-73.62860058902982,45.49033983589017
21-263627,Plainte,Saint-Laurent,Saint-Laurent,2021-09-25T14:20:16,-73.72388787956679,45.51207799767032
21-263692,Plainte,Le Plateau-Mont-Royal,Le Plateau-Mont-Royal,2021-09-25T16:49:25,-73.57805186716985,45.525680112424936
21-26394,Plainte,Ville-Marie,Ville-Marie,2021-02-05T10:11:45,-73.55882857370764,45.51669669617837
21-26400,Plainte,Ahuntsic - Cartierville,Ahuntsic-Cartierville,2021-02-05T10:13:40,-73.6881920228816,45.53075275226354
21-26470,Plainte,Rivière-des-Prairies - Pointe-aux-Trembles,Rivière-des-Prairies-Pointe-aux-Trembles,2021-02-05T10:45:05,-73.53405375851221,45.65349966041213
21-26404,Plainte,Saint-Léonard,Saint-Léonard,2021-02-05T10:14:04,-73.57953342588222,45.58174441991374
21-264372,Plainte,Ahuntsic - Cartierville,Ahuntsic-Cartierville,2021-09-27T10:42:29,-73.64184139365118,45.554489019133726
21-264417,Plainte,Le Sud-Ouest,Le Sud-Ouest,2021-09-27T10:57:41,-73.59011556489381,45.47856914618981
21-26468,Plainte,Lachine,Lachine,2021-02-05T10:45:01,-73.66846890351655,45.43906414542085
21-264388,Plainte,Ahuntsic - Cartierville,Ahuntsic-Cartierville,2021-09-27T10:46:21,-73.64826102375821,45.571687536034055
21-264776,Plainte,Côte-des-Neiges - Notre-Dame-de-Grâce,Côte-des-Neiges-Notre-Dame-de-Grâce,2021-09-27T13:40:09,-73.65383122572639,45.462569828506034
21-26480,Plainte,Saint-Léonard,Saint-Léonard,2021-02-05T10:50:38,-73.59867495488783,45.59810781567265
21-26500,Plainte,Côte-des-Neiges - Notre-Dame-de-Grâce,Côte-des-Neiges-Notre-Dame-de-Grâce,2021-02-05T11:00:27,-73.60991718149153,45.47293400122951
21-264832,Plainte,Le Plateau-Mont-Royal,Le Plateau-Mont-Royal,2021-09-27T14:05:35,-73.58663225349481,45.52440580163537
21-264834,Plainte,Côte-des-Neiges - Notre-Dame-de-Grâce,Côte-des-Neiges-Notre-Dame-de-Grâce,2021-09-27T14:06:13,-73.63731743668627,45.4970446445754
21-26486,Plainte,Le Plateau-Mont-Royal,Le Plateau-Mont-Royal,2021-02-05T10:54:29,-73.60105704627263,45.52169142138251
21-264872,Plainte,Mercier - Hochelaga-Maisonneuve,Mercier-Hochelaga-Maisonneuve,2021-09-27T14:30:35,-73.536465512,45.58592288
21-26505,Plainte,Montréal-Nord,Montréal-Nord,2021-02-05T11:02:46,-73.61762870349628,45.609873210879634
21-265129,Plainte,Verdun,Verdun,2021-09-27T16:54:37,-73.54314707314163,45.46059924202964
21-265532,Plainte,L'Île-Bizard - Sainte-Geneviève,L'Île-Bizard-Sainte-Geneviève,2021-09-28T09:53:27,-73.93757920119613,45.48951424393879
21-265360,Plainte,Le Sud-Ouest,Le Sud-Ouest,2021-09-28T08:47:57,-73.591746172905,45.45493946019569
21-265478,Plainte,Rivière-des-Prairies - Pointe-aux-Trembles,Rivière-des-Prairies-Pointe-aux-Trembles,2021-09-28T09:33:07,-73.5043437621826,45.666391599129255
21-265521,Plainte,Côte-des-Neiges - Notre-Dame-de-Grâce,Côte-des-Neiges-Notre-Dame-de-Grâce,2021-09-28T09:50:12,-73.61459686786297,45.478030330290416
21-265249,Plainte,Le Plateau-Mont-Royal,Le Plateau-Mont-Royal,2021-09-27T20:19:13,-73.56374549650728,45.53653895348283
21-265537,Plainte,Verdun,Verdun,2021-09-28T09:55:33,-73.58349198736768,45.451677642938535
21-26579,Plainte,Rosemont - La Petite-Patrie,Rosemont-La Petite-Patrie,2021-02-05T11:39:41,-73.56772668054798,45.54932224124932
21-265717,Plainte,Mercier - Hochelaga-Maisonneuve,Mercier-Hochelaga-Maisonneuve,2021-09-28T11:06:05,-73.55274647184932,45.54909020581207
21-265753,Plainte,Villeray-Saint-Michel - Parc-Extension,Villeray-Saint-Michel-Parc-Extension,2021-09-28T11:20:16,-73.6158711691409,45.53873799133791
21-265758,Plainte,Le Plateau-Mont-Royal,Le Plateau-Mont-Royal,2021-09-28T11:21:39,-73.56201278072072,45.53697113619692
21-265788,Plainte,Montréal-Nord,Montréal-Nord,2021-09-28T11:32:10,-73.63191403395145,45.59773450535647
21-265798,Plainte,LaSalle,LaSalle,2021-09-28T11:34:57,-73.60070362719514,45.43303021225994
21-265821,Plainte,Rosemont - La Petite-Patrie,Rosemont-La Petite-Patrie,2021-09-28T11:41:48,-73.56273945779799,45.55351228719401
21-26601,Plainte,Ahuntsic - Cartierville,Ahuntsic-Cartierville,2021-02-05T11:59:20,-73.65472296518887,45.55131067883367
21-26586,Plainte,Ahuntsic - Cartierville,Ahuntsic-Cartierville,2021-02-05T11:44:18,-73.692938693,45.533750732
21-265865,Plainte,Anjou,Anjou,2021-09-28T12:05:12,-73.55827905445805,45.603315087018565
21-265900,Plainte,Rosemont - La Petite-Patrie,Rosemont-La Petite-Patrie,2021-09-28T12:27:29,-73.577896942,45.553112712
21-265883,Plainte,Le Plateau-Mont-Royal,Le Plateau-Mont-Royal,2021-09-28T12:15:48,-73.5820240036156,45.52637894266887
21-265911,Plainte,LaSalle,LaSalle,2021-09-28T12:32:02,-73.61621961987892,45.42204566157883
21-265941,Plainte,Montréal-Nord,Montréal-Nord,2021-09-28T12:54:44,-73.63272936427774,45.601823752322055
21-26618,Plainte,Verdun,Verdun,2021-02-05T12:12:21,-73.59582844020997,45.43730663031495
21-266128,Plainte,Ahuntsic - Cartierville,Ahuntsic-Cartierville,2021-09-28T14:18:45,-73.66894535978864,45.55412344468408
21-266144,Plainte,Mercier - Hochelaga-Maisonneuve,Mercier-Hochelaga-Maisonneuve,2021-09-28T14:26:07,-73.55070589431342,45.54800813433694
21-266718,Plainte,Rivière-des-Prairies - Pointe-aux-Trembles,Rivière-des-Prairies-Pointe-aux-Trembles,2021-09-29T09:16:09,-73.49778698222038,45.64058081363908
21-266237,Plainte,Ahuntsic - Cartierville,Ahuntsic-Cartierville,2021-09-28T15:04:34,-73.64512222100805,45.54277762504586
21-266316,Plainte,Rosemont - La Petite-Patrie,Rosemont-La Petite-Patrie,2021-09-28T15:40:52,-73.611930526,45.537142636
21-266338,Plainte,Saint-Léonard,Saint-Léonard,2021-09-28T15:53:29,-73.59773083870645,45.58428894016698
21-266362,Plainte,Pierrefonds - Roxboro,Pierrefonds-Roxboro,2021-09-28T16:09:37,-73.90229809785502,45.457563559242125
21-266433,Plainte,Villeray-Saint-Michel - Parc-Extension,Villeray-Saint-Michel-Parc-Extension,2021-09-28T16:51:03,-73.61645467660038,45.56915728688576
21-26673,Plainte,Côte-des-Neiges - Notre-Dame-de-Grâce,Côte-des-Neiges-Notre-Dame-de-Grâce,2021-02-05T13:00:58,-73.64692574171082,45.49330502848047
21-26623,Plainte,Saint-Léonard,Saint-Léonard,2021-02-05T12:15:39,-73.5684418905458,45.58640164095168
21-26628,Plainte,Montréal-Nord,Montréal-Nord,2021-02-05T12:18:27,-73.64526854435101,45.5840486038945
21-266511,Plainte,Ahuntsic - Cartierville,Ahuntsic-Cartierville,2021-09-28T18:28:15,-73.63793179387197,45.57584578160171
21-266514,Plainte,Ville-Marie,Ville-Marie,2021-09-28T18:36:47,-73.581309943,45.490683687
21-266634,Plainte,Montréal-Nord,Montréal-Nord,2021-09-29T08:40:58,-73.6357447472678,45.60348181679162
21-26672,Plainte,Ahuntsic - Cartierville,Ahuntsic-Cartierville,2021-02-05T13:00:09,-73.65704693861889,45.57332068495157
21-26697,Plainte,Rosemont - La Petite-Patrie,Rosemont-La Petite-Patrie,2021-02-05T13:10:24,-73.607891739,45.530878286
21-266837,Plainte,Rosemont - La Petite-Patrie,Rosemont-La Petite-Patrie,2021-09-29T09:57:37,-73.56938586067103,45.54986487899091
21-267069,Plainte,Ahuntsic - Cartierville,Ahuntsic-Cartierville,2021-09-29T11:23:57,-73.65321442465736,45.57346294686098
21-267002,Plainte,Montréal-Nord,Montréal-Nord,2021-09-29T10:52:56,-73.64293434487624,45.59200716402348
21-26706,Plainte,Côte-des-Neiges - Notre-Dame-de-Grâce,Côte-des-Neiges-Notre-Dame-de-Grâce,2021-02-05T13:14:38,-73.61792695711922,45.46785931187365
21-267211,Plainte,Villeray-Saint-Michel - Parc-Extension,Villeray-Saint-Michel-Parc-Extension,2021-09-29T12:44:23,-73.62345393531969,45.525281230114615
21-267100,Plainte,Rosemont - La Petite-Patrie,Rosemont-La Petite-Patrie,2021-09-29T11:39:38,-73.57540062905234,45.54306991358919
21-267102,Plainte,Rivière-des-Prairies - Pointe-aux-Trembles,Rivière-des-Prairies-Pointe-aux-Trembles,2021-09-29T11:40:49,-73.59988866787361,45.624393156627285
21-267171,Plainte,Ahuntsic - Cartierville,Ahuntsic-Cartierville,2021-09-29T12:14:31,-73.7237042034074,45.52941266173362
21-267209,Plainte,Le Plateau-Mont-Royal,Le Plateau-Mont-Royal,2021-09-29T12:43:54,-73.58326674631545,45.53130721967855
21-267214,Plainte,Villeray-Saint-Michel - Parc-Extension,Villeray-Saint-Michel-Parc-Extension,2021-09-29T12:46:05,-73.62345393531969,45.525281230114615
21-267334,Plainte,Le Plateau-Mont-Royal,Le Plateau-Mont-Royal,2021-09-29T14:03:18,-73.57395098908135,45.50690360467289
21-26725,Plainte,Villeray-Saint-Michel - Parc-Extension,Villeray-Saint-Michel-Parc-Extension,2021-02-05T13:23:50,-73.62590294101992,45.545547957974094
21-267297,Plainte,Rosemont - La Petite-Patrie,Rosemont-La Petite-Patrie,2021-09-29T13:39:50,-73.59237252,45.538607802
21-267225,Plainte,Rosemont - La Petite-Patrie,Rosemont-La Petite-Patrie,2021-09-29T12:54:52,-73.5679500437224,45.56901173544967
21-267401,Plainte,Rivière-des-Prairies - Pointe-aux-Trembles,Rivière-des-Prairies-Pointe-aux-Trembles,2021-09-29T14:42:11,-73.50096518964033,45.66438569672816
21-2677,Plainte,Rosemont - La Petite-Patrie,Rosemont-La Petite-Patrie,2021-01-05T15:24:51,-73.58609867809535,45.5497828697605
21-26741,Plainte,LaSalle,LaSalle,2021-02-05T13:37:13,-73.62151925772221,45.43829930803783
21-267429,Plainte,Montréal-Nord,Montréal-Nord,2021-09-29T14:54:22,-73.62069163237328,45.61277024641716
21-26746,Plainte,Ahuntsic - Cartierville,Ahuntsic-Cartierville,2021-02-05T13:40:51,-73.6684990591132,45.558308090202445
21-267576,Plainte,L'Île-Bizard - Sainte-Geneviève,L'Île-Bizard-Sainte-Geneviève,2021-09-29T16:17:52,-73.881099886,45.488210862
21-267448,Plainte,Ville-Marie,Ville-Marie,2021-09-29T15:03:38,-73.555103192,45.530427784
21-26770,Plainte,Mercier - Hochelaga-Maisonneuve,Mercier-Hochelaga-Maisonneuve,2021-02-05T13:51:26,-73.541969194053,45.59392474830835
21-267848,Plainte,Rosemont - La Petite-Patrie,Rosemont-La Petite-Patrie,2021-09-30T08:45:59,-73.55434213647251,45.571532784896746
21-267934,Plainte,Rivière-des-Prairies - Pointe-aux-Trembles,Rivière-des-Prairies-Pointe-aux-Trembles,2021-09-30T09:17:19,-73.49217106796031,45.65722069728305
21-267918,Plainte,Rosemont - La Petite-Patrie,Rosemont-La Petite-Patrie,2021-09-30T09:10:16,-73.57036776080894,45.54540979770819
21-267860,Plainte,Rosemont - La Petite-Patrie,Rosemont-La Petite-Patrie,2021-09-30T08:50:45,-73.55434213647251,45.571532784896746
21-267883,Plainte,Ahuntsic - Cartierville,Ahuntsic-Cartierville,2021-09-30T08:57:12,-73.72911849850185,45.52647078525912
21-26816,Plainte,Le Plateau-Mont-Royal,Le Plateau-Mont-Royal,2021-02-05T14:22:54,-73.59451705289453,45.520023210560666
21-267985,Plainte,Villeray-Saint-Michel - Parc-Extension,Villeray-Saint-Michel-Parc-Extension,2021-09-30T09:30:00,-73.63785616016415,45.53075170970838
21-268119,Plainte,Côte-des-Neiges - Notre-Dame-de-Grâce,Côte-des-Neiges-Notre-Dame-de-Grâce,2021-09-30T10:22:49,-73.62014433569954,45.4840507249516
21-268161,Plainte,Verdun,Verdun,2021-09-30T10:41:44,-73.57747140110283,45.44373927671117
21-268175,Plainte,L'Île-Bizard - Sainte-Geneviève,L'Île-Bizard-Sainte-Geneviève,2021-09-30T10:52:19,-73.88347630269574,45.4936267708288
21-268378,Plainte,Saint-Laurent,Saint-Laurent,2021-09-30T12:29:14,-73.6817023268868,45.50672764186433
21-268202,Plainte,Ville-Marie,Ville-Marie,2021-09-30T11:05:53,-73.56486698944607,45.52500222573945
21-268225,Plainte,Rivière-des-Prairies - Pointe-aux-Trembles,Rivière-des-Prairies-Pointe-aux-Trembles,2021-09-30T11:14:09,-73.49280141547813,45.645889599764295
21-268320,Plainte,Le Plateau-Mont-Royal,Le Plateau-Mont-Royal,2021-09-30T11:52:54,-73.57503246869265,45.50789629550136
21-268321,Plainte,Rosemont - La Petite-Patrie,Rosemont-La Petite-Patrie,2021-09-30T11:54:02,-73.61929881640347,45.53193170471584
21-268364,Plainte,Le Plateau-Mont-Royal,Le Plateau-Mont-Royal,2021-09-30T12:21:28,-73.571775282,45.518890374
21-268279,Plainte,Ahuntsic - Cartierville,Ahuntsic-Cartierville,2021-09-30T11:39:38,-73.64832778636274,45.54906742389157
21-268733,Plainte,Saint-Léonard,Saint-Léonard,2021-09-30T14:33:25,-73.59013189442533,45.57667675505704
21-268580,Plainte,Ahuntsic - Cartierville,Ahuntsic-Cartierville,2021-09-30T13:25:22,-73.72222807533048,45.5307494213881
21-268744,Plainte,Le Sud-Ouest,Le Sud-Ouest,2021-09-30T14:40:39,-73.56279966930539,45.480649608200096
21-268810,Plainte,Mercier - Hochelaga-Maisonneuve,Mercier-Hochelaga-Maisonneuve,2021-09-30T15:16:53,-73.54273998994005,45.58359820761564
21-268966,Plainte,Le Plateau-Mont-Royal,Le Plateau-Mont-Royal,2021-09-30T17:06:12,-73.59799959976476,45.52331951132169
21-268816,Plainte,Mercier - Hochelaga-Maisonneuve,Mercier-Hochelaga-Maisonneuve,2021-09-30T15:23:12,-73.54273998994005,45.58359820761564
21-268818,Plainte,Saint-Léonard,Saint-Léonard,2021-09-30T15:24:28,-73.6096012834149,45.57992826335845
21-26884,Plainte,Pierrefonds - Roxboro,Pierrefonds-Roxboro,2021-02-05T15:04:39,-73.80885690961308,45.5149335684317
21-268883,Plainte,Côte-des-Neiges - Notre-Dame-de-Grâce,Côte-des-Neiges-Notre-Dame-de-Grâce,2021-09-30T15:54:39,-73.63090143820527,45.484212202818775
21-26896,Plainte,Ahuntsic - Cartierville,Ahuntsic-Cartierville,2021-02-05T15:09:37,-73.675366609,45.546141366
21-269017,Plainte,Rosemont - La Petite-Patrie,Rosemont-La Petite-Patrie,2021-09-30T18:12:16,-73.60215220063692,45.5347126159436
21-26904,Plainte,Rivière-des-Prairies - Pointe-aux-Trembles,Rivière-des-Prairies-Pointe-aux-Trembles,2021-02-05T15:11:53,-73.60511172282813,45.63213084265581
21-269012,Plainte,Verdun,Verdun,2021-09-30T18:02:28,-73.567615579,45.45607953
21-269176,Plainte,Ahuntsic - Cartierville,Ahuntsic-Cartierville,2021-10-01T08:52:32,-73.66105511707677,45.560971796922736
21-269168,Plainte,Le Plateau-Mont-Royal,Le Plateau-Mont-Royal,2021-10-01T08:49:44,-73.58123085951682,45.53113098303127
21-269347,Plainte,Villeray-Saint-Michel - Parc-Extension,Villeray-Saint-Michel-Parc-Extension,2021-10-01T10:07:57,-73.6158711691409,45.53873799133791
21-269323,Plainte,Outremont,Outremont,2021-10-01T09:57:45,-73.60127001017955,45.51829098804512
21-26938,Plainte,L'Île-Bizard - Sainte-Geneviève,L'Île-Bizard-Sainte-Geneviève,2021-02-05T15:35:05,-73.88358546042085,45.49729441365138
21-269548,Plainte,Ville-Marie,Ville-Marie,2021-10-01T11:41:58,-73.55211067533038,45.52397308410866
21-269465,Plainte,Côte-des-Neiges - Notre-Dame-de-Grâce,Côte-des-Neiges-Notre-Dame-de-Grâce,2021-10-01T10:59:08,-73.6359146509458,45.51326764286164
21-269406,Plainte,Villeray-Saint-Michel - Parc-Extension,Villeray-Saint-Michel-Parc-Extension,2021-10-01T10:31:40,-73.64488330411552,45.53088850164271
21-269411,Plainte,Ahuntsic - Cartierville,Ahuntsic-Cartierville,2021-10-01T10:34:32,-73.65178940732623,45.53694889466624
21-269455,Plainte,L'Île-Bizard - Sainte-Geneviève,L'Île-Bizard-Sainte-Geneviève,2021-10-01T10:55:58,-73.86918361330876,45.481191648532366
21-26953,Plainte,Rivière-des-Prairies - Pointe-aux-Trembles,Rivière-des-Prairies-Pointe-aux-Trembles,2021-02-05T15:39:59,-73.50071999625065,45.64677494707031
21-269576,Plainte,Saint-Léonard,Saint-Léonard,2021-10-01T12:01:29,-73.59785925859555,45.60186049673681
21-270450,Plainte,Le Plateau-Mont-Royal,Le Plateau-Mont-Royal,2021-10-03T11:05:19,-73.59059311074648,45.52938522145023
21-26964,Plainte,Rosemont - La Petite-Patrie,Rosemont-La Petite-Patrie,2021-02-05T15:43:59,-73.5999588054063,45.53710576576916
21-269731,Plainte,Ahuntsic - Cartierville,Ahuntsic-Cartierville,2021-10-01T13:35:54,-73.69526513130168,45.53286045801232
21-269732,Plainte,Lachine,Lachine,2021-10-01T13:36:09,-73.68125106850185,45.43396212716359
21-269818,Plainte,Villeray-Saint-Michel - Parc-Extension,Villeray-Saint-Michel-Parc-Extension,2021-10-01T14:25:49,-73.61484287762305,45.5534539962537
21-26982,Plainte,Côte-des-Neiges - Notre-Dame-de-Grâce,Côte-des-Neiges-Notre-Dame-de-Grâce,2021-02-05T15:55:47,-73.6450477101076,45.49336760514153
21-2699,Plainte,Rosemont - La Petite-Patrie,Rosemont-La Petite-Patrie,2021-01-05T15:32:57,-73.58401186227253,45.541083341133465
21-27017,Plainte,Ville-Marie,Ville-Marie,2021-02-05T16:11:50,-73.548032714,45.529481646
21-270218,Plainte,Villeray-Saint-Michel - Parc-Extension,Villeray-Saint-Michel-Parc-Extension,2021-10-02T11:06:11,-73.62203189362138,45.53969312872662
21-269606,Plainte,Mercier - Hochelaga-Maisonneuve,Mercier-Hochelaga-Maisonneuve,2021-10-01T12:19:45,-73.5107268721207,45.58978427130193
21-269651,Plainte,Le Plateau-Mont-Royal,Le Plateau-Mont-Royal,2021-10-01T12:54:32,-73.59165179894666,45.52214623541157
21-269838,Plainte,Le Sud-Ouest,Le Sud-Ouest,2021-10-01T14:42:41,-73.58030237539087,45.48335622400702
21-269955,Plainte,Villeray-Saint-Michel - Parc-Extension,Villeray-Saint-Michel-Parc-Extension,2021-10-01T15:57:04,-73.60781313030056,45.55618684789297
21-269985,Plainte,Rosemont - La Petite-Patrie,Rosemont-La Petite-Patrie,2021-10-01T16:24:25,-73.602151642,45.534713221
21-270238,Plainte,Ahuntsic - Cartierville,Ahuntsic-Cartierville,2021-10-02T11:40:24,-73.63793988416374,45.55087449260839
21-27030,Plainte,L'Île-Bizard - Sainte-Geneviève,L'Île-Bizard-Sainte-Geneviève,2021-02-05T16:19:16,-73.86023260200444,45.48692329634386
21-27039,Plainte,Saint-Léonard,Saint-Léonard,2021-02-05T16:23:23,-73.57186735969012,45.581216772169135
21-270454,Plainte,Rosemont - La Petite-Patrie,Rosemont-La Petite-Patrie,2021-10-03T11:16:01,-73.58899537338468,45.54489550825423
21-270658,Plainte,Villeray-Saint-Michel - Parc-Extension,Villeray-Saint-Michel-Parc-Extension,2021-10-04T07:49:51,-73.626578503,45.52682989
21-270711,Plainte,Le Plateau-Mont-Royal,Le Plateau-Mont-Royal,2021-10-04T08:42:16,-73.56956296420009,45.536457692922966
21-270950,Plainte,Ville-Marie,Ville-Marie,2021-10-04T10:06:59,-73.55129394008675,45.53242467585591
21-270741,Plainte,Mercier - Hochelaga-Maisonneuve,Mercier-Hochelaga-Maisonneuve,2021-10-04T08:50:59,-73.55069266042518,45.545104068364815
21-270791,Plainte,Ville-Marie,Ville-Marie,2021-10-04T09:06:42,-73.55882857370764,45.51669669617837
21-270889,Plainte,Ville-Marie,Ville-Marie,2021-10-04T09:42:16,-73.54595958952765,45.52779893537232
21-27109,Plainte,Saint-Léonard,Saint-Léonard,2021-02-05T17:08:25,-73.57106280671792,45.583124205934695
21-27106,Plainte,Le Plateau-Mont-Royal,Le Plateau-Mont-Royal,2021-02-05T17:08:00,-73.57887812838753,45.51502568308913
21-271063,Plainte,Mercier - Hochelaga-Maisonneuve,Mercier-Hochelaga-Maisonneuve,2021-10-04T10:45:34,-73.55069266042518,45.545104068364815
21-271127,Plainte,Rivière-des-Prairies - Pointe-aux-Trembles,Rivière-des-Prairies-Pointe-aux-Trembles,2021-10-04T11:08:32,-73.55567618983198,45.66289292936378
21-27099,Plainte,Ahuntsic - Cartierville,Ahuntsic-Cartierville,2021-02-05T17:00:49,-73.657565016,45.554685286
21-271116,Plainte,Côte-des-Neiges - Notre-Dame-de-Grâce,Côte-des-Neiges-Notre-Dame-de-Grâce,2021-10-04T11:04:47,-73.6309404143376,45.48150288200385
21-271135,Plainte,Pierrefonds - Roxboro,Pierrefonds-Roxboro,2021-10-04T11:11:16,-73.85704090475386,45.48910537838189
21-271199,Plainte,Mercier - Hochelaga-Maisonneuve,Mercier-Hochelaga-Maisonneuve,2021-10-04T11:34:14,-73.55069266042518,45.545104068364815
21-271210,Plainte,Pierrefonds - Roxboro,Pierrefonds-Roxboro,2021-10-04T11:38:36,-73.88536706796906,45.466012237371054
21-271183,Plainte,Rivière-des-Prairies - Pointe-aux-Trembles,Rivière-des-Prairies-Pointe-aux-Trembles,2021-10-04T11:28:56,-73.49601544179842,45.69757753271077
21-2712,Plainte,Anjou,Anjou,2021-01-05T15:37:29,-73.5720531135237,45.60471512201837
21-271700,Plainte,Le Sud-Ouest,Le Sud-Ouest,2021-10-04T15:16:00,-73.57985511816605,45.48627835029812
21-27122,Plainte,Lachine,Lachine,2021-02-05T17:20:32,-73.67240958712496,45.44497169001731
21-271221,Plainte,Côte-des-Neiges - Notre-Dame-de-Grâce,Côte-des-Neiges-Notre-Dame-de-Grâce,2021-10-04T11:43:45,-73.64656649531514,45.48950189143251
21-271374,Plainte,Côte-des-Neiges - Notre-Dame-de-Grâce,Côte-des-Neiges-Notre-Dame-de-Grâce,2021-10-04T13:04:20,-73.6553229670268,45.45970150419279
21-271476,Plainte,Rivière-des-Prairies - Pointe-aux-Trembles,Rivière-des-Prairies-Pointe-aux-Trembles,2021-10-04T13:38:46,-73.55563701837606,45.65583597306486
21-271528,Plainte,Lachine,Lachine,2021-10-04T14:02:47,-73.70654102065636,45.44676839484376
21-271694,Plainte,Rivière-des-Prairies - Pointe-aux-Trembles,Rivière-des-Prairies-Pointe-aux-Trembles,2021-10-04T15:14:14,-73.49010178082432,45.64064847709761
21-271403,Plainte,Villeray-Saint-Michel - Parc-Extension,Villeray-Saint-Michel-Parc-Extension,2021-10-04T13:11:29,-73.591650079,45.560945392
21-271542,Plainte,Ahuntsic - Cartierville,Ahuntsic-Cartierville,2021-10-04T14:10:02,-73.67018778337294,45.5549274296236
21-271617,Plainte,Le Plateau-Mont-Royal,Le Plateau-Mont-Royal,2021-10-04T14:42:52,-73.568413231,45.535922577
21-271877,Plainte,Rosemont - La Petite-Patrie,Rosemont-La Petite-Patrie,2021-10-04T16:43:01,-73.578239055,45.543079281
21-271749,Plainte,Le Plateau-Mont-Royal,Le Plateau-Mont-Royal,2021-10-04T15:36:39,-73.57157902062531,45.51441079051603
21-271826,Plainte,Rivière-des-Prairies - Pointe-aux-Trembles,Rivière-des-Prairies-Pointe-aux-Trembles,2021-10-04T16:16:05,-73.51697080689998,45.65968888178594
21-27184,Plainte,Montréal-Nord,Montréal-Nord,2021-02-05T18:31:50,-73.62073554924233,45.60410485527569
21-272227,Plainte,Ahuntsic - Cartierville,Ahuntsic-Cartierville,2021-10-05T09:21:50,-73.68586986128955,45.53662953530903
21-272110,Plainte,Le Sud-Ouest,Le Sud-Ouest,2021-10-05T08:35:44,-73.60361201053718,45.45659608046423
21-272192,Plainte,Côte-des-Neiges - Notre-Dame-de-Grâce,Côte-des-Neiges-Notre-Dame-de-Grâce,2021-10-05T09:05:04,-73.61295259191053,45.47043317694303
21-272453,Plainte,L'Île-Bizard - Sainte-Geneviève,L'Île-Bizard-Sainte-Geneviève,2021-10-05T10:59:03,-73.87167675421941,45.497541734972806
21-272399,Plainte,Montréal-Nord,Montréal-Nord,2021-10-05T10:34:35,-73.63875410184203,45.6059783908703
21-272366,Plainte,Le Plateau-Mont-Royal,Le Plateau-Mont-Royal,2021-10-05T10:22:25,-73.5811498373104,45.53763984686663
21-27246,Plainte,Montréal-Nord,Montréal-Nord,2021-02-05T19:45:38,-73.63487004430588,45.593632224834
21-272978,Plainte,Montréal-Nord,Montréal-Nord,2021-10-05T15:10:48,-73.62076478749044,45.60273900098135
21-27255,Plainte,Anjou,Anjou,2021-02-05T20:07:09,-73.55313966622101,45.61053437870667
21-272772,Plainte,Ville-Marie,Ville-Marie,2021-10-05T13:36:11,-73.58356113122379,45.50068832452973
21-272961,Plainte,Rosemont - La Petite-Patrie,Rosemont-La Petite-Patrie,2021-10-05T15:02:45,-73.56412509677465,45.5577002300354
21-27257,Plainte,Anjou,Anjou,2021-02-05T20:10:58,-73.55797547894305,45.61183794862048
21-27264,Plainte,Rosemont - La Petite-Patrie,Rosemont-La Petite-Patrie,2021-02-05T20:32:04,-73.571159378,45.554614955
21-272828,Plainte,Verdun,Verdun,2021-10-05T14:01:03,-73.572044013,45.455217754
21-272831,Plainte,Le Plateau-Mont-Royal,Le Plateau-Mont-Royal,2021-10-05T14:02:30,-73.59079570565522,45.525330312167895
21-272949,Plainte,Le Plateau-Mont-Royal,Le Plateau-Mont-Royal,2021-10-05T14:56:50,-73.57195093471262,45.509717516161984
21-273203,Plainte,Ahuntsic - Cartierville,Ahuntsic-Cartierville,2021-10-05T17:37:48,-73.68661818158519,45.54276169814936
21-273,Plainte,Rivière-des-Prairies - Pointe-aux-Trembles,Rivière-des-Prairies-Pointe-aux-Trembles,2021-01-02T11:28:38,-73.4932107670928,45.65860703459302
21-273231,Plainte,Rivière-des-Prairies - Pointe-aux-Trembles,Rivière-des-Prairies-Pointe-aux-Trembles,2021-10-05T18:20:52,-73.50280445336826,45.665840976914815
21-273143,Plainte,Montréal-Nord,Montréal-Nord,2021-10-05T16:43:38,-73.64526854435101,45.5840486038945
21-273239,Plainte,Rivière-des-Prairies - Pointe-aux-Trembles,Rivière-des-Prairies-Pointe-aux-Trembles,2021-10-05T18:29:56,-73.50280445336826,45.665840976914815
21-273240,Plainte,Mercier - Hochelaga-Maisonneuve,Mercier-Hochelaga-Maisonneuve,2021-10-05T18:30:49,-73.53490360605751,45.55815056780771
21-273494,Plainte,Verdun,Verdun,2021-10-06T09:16:39,-73.56605418,45.468196215
21-273414,Plainte,Rosemont - La Petite-Patrie,Rosemont-La Petite-Patrie,2021-10-06T08:47:23,-73.60764529532358,45.54457198936284
21-273642,Plainte,Rosemont - La Petite-Patrie,Rosemont-La Petite-Patrie,2021-10-06T10:14:59,-73.5814967208909,45.54445174204635
21-27372,Plainte,Le Plateau-Mont-Royal,Le Plateau-Mont-Royal,2021-02-06T09:01:33,-73.57903796115191,45.50911458314806
21-273656,Plainte,Villeray-Saint-Michel - Parc-Extension,Villeray-Saint-Michel-Parc-Extension,2021-10-06T10:18:03,-73.62976376561808,45.549177091538354
21-274,Plainte,Villeray-Saint-Michel - Parc-Extension,Villeray-Saint-Michel-Parc-Extension,2021-01-02T11:30:49,-73.619800145,45.542099893
21-273865,Plainte,Le Plateau-Mont-Royal,Le Plateau-Mont-Royal,2021-10-06T11:41:15,-73.586618765,45.536473081
21-27391,Plainte,Côte-des-Neiges - Notre-Dame-de-Grâce,Côte-des-Neiges-Notre-Dame-de-Grâce,2021-02-06T09:20:17,-73.62591332595404,45.46885647619606
21-273803,Plainte,LaSalle,LaSalle,2021-10-06T11:12:33,-73.65216212465218,45.43303029810054
21-27383,Plainte,Rosemont - La Petite-Patrie,Rosemont-La Petite-Patrie,2021-02-06T09:09:52,-73.571797894,45.550580684
21-273988,Plainte,Ville-Marie,Ville-Marie,2021-10-06T12:50:56,-73.58207805594081,45.49141490195331
21-274002,Plainte,Mercier - Hochelaga-Maisonneuve,Mercier-Hochelaga-Maisonneuve,2021-10-06T13:02:07,-73.54408224927293,45.559019176250494
21-274105,Plainte,Montréal-Nord,Montréal-Nord,2021-10-06T13:45:31,-73.6258773625131,45.62390938659338
21-274157,Plainte,Rosemont - La Petite-Patrie,Rosemont-La Petite-Patrie,2021-10-06T14:08:13,-73.61603692579878,45.534949530542505
21-274122,Plainte,Ville-Marie,Ville-Marie,2021-10-06T13:50:58,-73.5565791308276,45.53111239210382
21-274201,Plainte,Côte-des-Neiges - Notre-Dame-de-Grâce,Côte-des-Neiges-Notre-Dame-de-Grâce,2021-10-06T14:25:37,-73.6450477101076,45.49336760514153
21-27417,Plainte,Côte-des-Neiges - Notre-Dame-de-Grâce,Côte-des-Neiges-Notre-Dame-de-Grâce,2021-02-06T09:33:48,-73.62591332595404,45.46885647619606
21-27423,Plainte,Côte-des-Neiges - Notre-Dame-de-Grâce,Côte-des-Neiges-Notre-Dame-de-Grâce,2021-02-06T09:37:38,-73.62591332595404,45.46885647619606
21-274253,Plainte,Rosemont - La Petite-Patrie,Rosemont-La Petite-Patrie,2021-10-06T14:54:26,-73.58920457907924,45.557219662332365
21-274296,Plainte,LaSalle,LaSalle,2021-10-06T15:14:56,-73.60689350516589,45.43759133124588
21-27431,Plainte,Côte-des-Neiges - Notre-Dame-de-Grâce,Côte-des-Neiges-Notre-Dame-de-Grâce,2021-02-06T09:45:05,-73.62591332595404,45.46885647619606
21-27430,Plainte,Côte-des-Neiges - Notre-Dame-de-Grâce,Côte-des-Neiges-Notre-Dame-de-Grâce,2021-02-06T09:44:59,-73.62591332595404,45.46885647619606
21-27433,Plainte,Côte-des-Neiges - Notre-Dame-de-Grâce,Côte-des-Neiges-Notre-Dame-de-Grâce,2021-02-06T09:45:39,-73.62591332595404,45.46885647619606
21-274632,Plainte,Rosemont - La Petite-Patrie,Rosemont-La Petite-Patrie,2021-10-06T19:25:59,-73.60544932132585,45.5362078781873
21-27435,Plainte,Ville-Marie,Ville-Marie,2021-02-06T09:46:26,-73.55492412066428,45.529618419988495
21-27438,Plainte,Côte-des-Neiges - Notre-Dame-de-Grâce,Côte-des-Neiges-Notre-Dame-de-Grâce,2021-02-06T09:47:34,-73.62591332595404,45.46885647619606
21-274534,Plainte,Villeray-Saint-Michel - Parc-Extension,Villeray-Saint-Michel-Parc-Extension,2021-10-06T17:20:09,-73.62475354113015,45.52992252243281
21-274539,Plainte,Rivière-des-Prairies - Pointe-aux-Trembles,Rivière-des-Prairies-Pointe-aux-Trembles,2021-10-06T17:23:28,-73.4987571647794,45.63776543267254
21-275087,Plainte,Ahuntsic - Cartierville,Ahuntsic-Cartierville,2021-10-07T11:00:56,-73.65142977646508,45.55897394886484
21-274792,Plainte,Rosemont - La Petite-Patrie,Rosemont-La Petite-Patrie,2021-10-07T08:57:09,-73.573327946,45.567172502
21-274884,Plainte,Côte-des-Neiges - Notre-Dame-de-Grâce,Côte-des-Neiges-Notre-Dame-de-Grâce,2021-10-07T09:38:15,-73.62406828052613,45.47419684336972
21-274925,Plainte,Pierrefonds - Roxboro,Pierrefonds-Roxboro,2021-10-07T09:51:11,-73.87764485634669,45.46106740300608
21-27495,Plainte,Montréal-Nord,Montréal-Nord,2021-02-06T10:38:03,-73.62358312899967,45.60434387188169
21-274808,Plainte,Lachine,Lachine,2021-10-07T09:04:59,-73.6809801048671,45.4419258347401
21-275208,Plainte,Saint-Léonard,Saint-Léonard,2021-10-07T11:57:57,-73.60742976602613,45.58630899372378
21-275268,Plainte,Ville-Marie,Ville-Marie,2021-10-07T12:42:23,-73.56219744346461,45.51236527903579
21-275258,Plainte,Côte-des-Neiges - Notre-Dame-de-Grâce,Côte-des-Neiges-Notre-Dame-de-Grâce,2021-10-07T12:34:59,-73.6197841020836,45.50224187692076
21-275225,Plainte,Mont-Royal,Mont-Royal,2021-10-07T12:11:24,-73.65605013284983,45.51101182199838
21-275504,Plainte,Le Plateau-Mont-Royal,Le Plateau-Mont-Royal,2021-10-07T14:32:07,-73.58304093093379,45.53817471541547
21-275299,Plainte,Mercier - Hochelaga-Maisonneuve,Mercier-Hochelaga-Maisonneuve,2021-10-07T13:00:08,-73.522296336,45.592588114
21-275304,Plainte,Ahuntsic - Cartierville,Ahuntsic-Cartierville,2021-10-07T13:00:52,-73.65191884,45.577366326
21-27544,Plainte,Mercier - Hochelaga-Maisonneuve,Mercier-Hochelaga-Maisonneuve,2021-02-06T11:29:20,-73.53986583152414,45.59485219240269
21-275741,Plainte,Ville-Marie,Ville-Marie,2021-10-07T16:20:25,-73.55823465675553,45.51734567054272
21-27565,Plainte,Ahuntsic - Cartierville,Ahuntsic-Cartierville,2021-02-06T11:45:08,-73.65569775985738,45.55783139872542
21-275742,Plainte,Ahuntsic - Cartierville,Ahuntsic-Cartierville,2021-10-07T16:21:27,-73.65548459072058,45.57720592529154
21-275787,Plainte,LaSalle,LaSalle,2021-10-07T17:14:20,-73.6258955300064,45.438871009919296
21-275777,Plainte,Mercier - Hochelaga-Maisonneuve,Mercier-Hochelaga-Maisonneuve,2021-10-07T17:03:19,-73.54369529735618,45.53949120074554
21-275806,Plainte,Pierrefonds - Roxboro,Pierrefonds-Roxboro,2021-10-07T17:38:33,-73.85551867041593,45.48753112693832
21-276074,Plainte,Montréal-Nord,Montréal-Nord,2021-10-08T09:32:38,-73.63491926601803,45.5804932735633
21-275844,Plainte,Pierrefonds - Roxboro,Pierrefonds-Roxboro,2021-10-07T18:21:13,-73.83395933627943,45.50715926649293
21-275885,Plainte,Rivière-des-Prairies - Pointe-aux-Trembles,Rivière-des-Prairies-Pointe-aux-Trembles,2021-10-07T20:10:57,-73.49282339684413,45.6714595210077
21-275810,Plainte,Le Sud-Ouest,Le Sud-Ouest,2021-10-07T17:41:16,-73.59449054499201,45.46151542164664
21-275813,Plainte,Pierrefonds - Roxboro,Pierrefonds-Roxboro,2021-10-07T17:44:21,-73.85551867041593,45.48753112693832
21-27584,Plainte,LaSalle,LaSalle,2021-02-06T12:09:21,-73.62446962638536,45.43967169530144
21-275860,Plainte,Ahuntsic - Cartierville,Ahuntsic-Cartierville,2021-10-07T18:38:04,-73.63793988416374,45.55087449260839
21-275862,Plainte,Rosemont - La Petite-Patrie,Rosemont-La Petite-Patrie,2021-10-07T18:40:10,-73.606929329503,45.54535674975079
21-275882,Plainte,Le Plateau-Mont-Royal,Le Plateau-Mont-Royal,2021-10-07T19:46:45,-73.59079570565522,45.525330312167895
21-275903,Plainte,Mercier - Hochelaga-Maisonneuve,Mercier-Hochelaga-Maisonneuve,2021-10-07T22:09:42,-73.51344289842133,45.59141376893341
21-276462,Plainte,Rosemont - La Petite-Patrie,Rosemont-La Petite-Patrie,2021-10-08T13:07:08,-73.57475751460905,45.557336103259104
21-276453,Plainte,Rosemont - La Petite-Patrie,Rosemont-La Petite-Patrie,2021-10-08T13:01:15,-73.61417493198937,45.52649597348282
21-27614,Plainte,Rivière-des-Prairies - Pointe-aux-Trembles,Rivière-des-Prairies-Pointe-aux-Trembles,2021-02-06T12:48:20,-73.57686971171132,45.63990143366856
21-27624,Plainte,Mercier - Hochelaga-Maisonneuve,Mercier-Hochelaga-Maisonneuve,2021-02-06T13:00:08,-73.54032187637476,45.61237695240583
21-276490,Plainte,Ahuntsic - Cartierville,Ahuntsic-Cartierville,2021-10-08T13:19:16,-73.6865555623973,45.53116559811749
21-276475,Plainte,Rivière-des-Prairies - Pointe-aux-Trembles,Rivière-des-Prairies-Pointe-aux-Trembles,2021-10-08T13:13:47,-73.56431298118068,45.65299189742208
21-276916,Plainte,Côte-des-Neiges - Notre-Dame-de-Grâce,Côte-des-Neiges-Notre-Dame-de-Grâce,2021-10-08T18:46:31,-73.65692501375322,45.49819541266074
21-276597,Plainte,Ville-Marie,Ville-Marie,2021-10-08T14:08:25,-73.56076496716022,45.49928704231794
21-27680,Plainte,Le Sud-Ouest,Le Sud-Ouest,2021-02-06T14:26:05,-73.5989236886186,45.45167208323464
21-27653,Plainte,Rosemont - La Petite-Patrie,Rosemont-La Petite-Patrie,2021-02-06T13:42:49,-73.5986185419419,45.541046987754726
21-276601,Plainte,Ville-Marie,Ville-Marie,2021-10-08T14:10:27,-73.56328131628901,45.51743705113624
21-276834,Plainte,Montréal-Nord,Montréal-Nord,2021-10-08T16:24:36,-73.63158159651064,45.59525729308837
21-276857,Plainte,Le Plateau-Mont-Royal,Le Plateau-Mont-Royal,2021-10-08T16:46:47,-73.60104694421828,45.52601715910626
21-276903,Plainte,Rivière-des-Prairies - Pointe-aux-Trembles,Rivière-des-Prairies-Pointe-aux-Trembles,2021-10-08T18:06:10,-73.56087175301036,45.6391920054552
21-277170,Plainte,Ville-Marie,Ville-Marie,2021-10-09T13:55:29,-73.55816003144551,45.52724830276715
21-277139,Plainte,Saint-Léonard,Saint-Léonard,2021-10-09T13:08:43,-73.593801985,45.599795352
21-277145,Plainte,Rosemont - La Petite-Patrie,Rosemont-La Petite-Patrie,2021-10-09T13:20:46,-73.57044692243983,45.55361459921874
21-2770,Plainte,Lachine,Lachine,2021-01-05T16:06:10,-73.68191787412566,45.43981261917202
21-277001,Plainte,Le Plateau-Mont-Royal,Le Plateau-Mont-Royal,2021-10-09T09:36:15,-73.57312623758362,45.51803225648735
21-277066,Plainte,Rosemont - La Petite-Patrie,Rosemont-La Petite-Patrie,2021-10-09T11:18:17,-73.57044692243983,45.55361459921874
21-277183,Plainte,Rosemont - La Petite-Patrie,Rosemont-La Petite-Patrie,2021-10-09T14:15:48,-73.57044692243983,45.55361459921874
21-277184,Plainte,Rosemont - La Petite-Patrie,Rosemont-La Petite-Patrie,2021-10-09T14:16:37,-73.57044692243983,45.55361459921874
21-27731,Plainte,Rosemont - La Petite-Patrie,Rosemont-La Petite-Patrie,2021-02-06T15:45:07,-73.6014746347324,45.54326828489923
21-277235,Plainte,Pierrefonds - Roxboro,Pierrefonds-Roxboro,2021-10-09T16:09:04,-73.8553438793686,45.4917078752932
21-2775,Plainte,Rosemont - La Petite-Patrie,Rosemont-La Petite-Patrie,2021-01-05T16:09:10,-73.59697480874978,45.55389486370716
21-277373,Plainte,Le Plateau-Mont-Royal,Le Plateau-Mont-Royal,2021-10-10T11:40:58,-73.58326674631545,45.53130721967855
21-27734,Plainte,Le Plateau-Mont-Royal,Le Plateau-Mont-Royal,2021-02-06T15:50:12,-73.603266923,45.526156201
21-277394,Plainte,Villeray-Saint-Michel - Parc-Extension,Villeray-Saint-Michel-Parc-Extension,2021-10-10T12:23:48,-73.60620367872902,45.560606272085614
21-277457,Plainte,Anjou,Anjou,2021-10-10T15:13:30,-73.55827905445805,45.603315087018565
21-278067,Plainte,Rosemont - La Petite-Patrie,Rosemont-La Petite-Patrie,2021-10-12T09:34:19,-73.55892151787324,45.57066178742125
21-277704,Plainte,Verdun,Verdun,2021-10-11T13:31:05,-73.54450036,45.465831927
21-278001,Plainte,Rosemont - La Petite-Patrie,Rosemont-La Petite-Patrie,2021-10-12T09:09:02,-73.607646071,45.54457113
21-277654,Plainte,Le Plateau-Mont-Royal,Le Plateau-Mont-Royal,2021-10-11T11:45:31,-73.572810566,45.522440363
21-277696,Plainte,Mercier - Hochelaga-Maisonneuve,Mercier-Hochelaga-Maisonneuve,2021-10-11T13:12:15,-73.5430416769717,45.56040180478229
21-27772,Plainte,Mercier - Hochelaga-Maisonneuve,Mercier-Hochelaga-Maisonneuve,2021-02-06T16:58:51,-73.547021866,45.576251727
21-277963,Plainte,L'Île-Bizard - Sainte-Geneviève,L'Île-Bizard-Sainte-Geneviève,2021-10-12T08:55:46,-73.87964506252148,45.499889884290646
21-278119,Plainte,Lachine,Lachine,2021-10-12T09:49:59,-73.703879799,45.44204638
21-278124,Plainte,Rivière-des-Prairies - Pointe-aux-Trembles,Rivière-des-Prairies-Pointe-aux-Trembles,2021-10-12T09:52:31,-73.49675870458482,45.65624035700486
21-278636,Plainte,Ahuntsic - Cartierville,Ahuntsic-Cartierville,2021-10-12T12:50:23,-73.72586978672437,45.53033037464056
21-278468,Plainte,Villeray-Saint-Michel - Parc-Extension,Villeray-Saint-Michel-Parc-Extension,2021-10-12T11:37:26,-73.61740208900822,45.55847941447757
21-27841,Plainte,Côte-des-Neiges - Notre-Dame-de-Grâce,Hampstead,2021-02-07T00:28:44,-73.64078644189046,45.47591821639851
21-278463,Plainte,Rosemont - La Petite-Patrie,Rosemont-La Petite-Patrie,2021-10-12T11:36:31,-73.59948357541063,45.5427653273895
21-278530,Plainte,Montréal-Nord,Montréal-Nord,2021-10-12T11:59:15,-73.651864116,45.584454141
21-278633,Plainte,Rivière-des-Prairies - Pointe-aux-Trembles,Rivière-des-Prairies-Pointe-aux-Trembles,2021-10-12T12:47:42,-73.493663831,45.651099151
21-279211,Plainte,Ahuntsic - Cartierville,Ahuntsic-Cartierville,2021-10-12T16:43:45,-73.69435593552946,45.54308130812349
21-278850,Plainte,Côte-des-Neiges - Notre-Dame-de-Grâce,Côte-des-Neiges-Notre-Dame-de-Grâce,2021-10-12T14:14:52,-73.64328183395125,45.49091667810747
21-27887,Plainte,Lachine,Lachine,2021-02-07T09:16:08,-73.671874581,45.44106869
21-278771,Plainte,Rosemont - La Petite-Patrie,Rosemont-La Petite-Patrie,2021-10-12T13:45:13,-73.60552024798055,45.54417113385607
21-278950,Plainte,Verdun,Verdun,2021-10-12T14:52:39,-73.566440764,45.467615382
21-279174,Plainte,Côte-des-Neiges - Notre-Dame-de-Grâce,Côte-des-Neiges-Notre-Dame-de-Grâce,2021-10-12T16:18:06,-73.62686771544236,45.48357125093129
21-27934,Plainte,Ahuntsic - Cartierville,Ahuntsic-Cartierville,2021-02-07T10:23:05,-73.69075466814095,45.53451246031306
21-279237,Plainte,Montréal-Nord,Montréal-Nord,2021-10-12T17:03:37,-73.64175139336207,45.592543875788685
21-279333,Plainte,Côte-des-Neiges - Notre-Dame-de-Grâce,Côte-des-Neiges-Notre-Dame-de-Grâce,2021-10-12T19:19:44,-73.63633870067477,45.496606785576574
21-279494,Plainte,Ville-Marie,Ville-Marie,2021-10-13T08:59:09,-73.58356113122379,45.50068832452973
21-279480,Plainte,Le Plateau-Mont-Royal,Le Plateau-Mont-Royal,2021-10-13T08:54:05,-73.57274302539442,45.51050892964095
21-279631,Plainte,Ahuntsic - Cartierville,Ahuntsic-Cartierville,2021-10-13T09:57:01,-73.69494515668218,45.535004332237165
21-279504,Plainte,Le Plateau-Mont-Royal,Le Plateau-Mont-Royal,2021-10-13T09:03:06,-73.57158199717765,45.5212559545884
21-279528,Plainte,Ville-Marie,Ville-Marie,2021-10-13T09:14:43,-73.58356113122379,45.50068832452973
21-279587,Plainte,Rosemont - La Petite-Patrie,Rosemont-La Petite-Patrie,2021-10-13T09:37:07,-73.60702091473779,45.52919831215097
21-28032,Plainte,Le Sud-Ouest,Le Sud-Ouest,2021-02-07T13:53:53,-73.60017619222027,45.45911502460322
21-27968,Plainte,Ahuntsic - Cartierville,Ahuntsic-Cartierville,2021-02-07T11:19:33,-73.67259372385912,45.544596898907685
21-279876,Plainte,Ville-Marie,Ville-Marie,2021-10-13T11:44:30,-73.567360025,45.501981129
21-27993,Plainte,Villeray-Saint-Michel - Parc-Extension,Villeray-Saint-Michel-Parc-Extension,2021-02-07T12:10:59,-73.63352243545827,45.544541471940754
21-279945,Plainte,Ahuntsic - Cartierville,Ahuntsic-Cartierville,2021-10-13T12:19:22,-73.71048462053373,45.53601501638415
21-280024,Plainte,Ahuntsic - Cartierville,Ahuntsic-Cartierville,2021-10-13T13:00:53,-73.67787931277793,45.54990903492576
21-27965,Plainte,Mercier - Hochelaga-Maisonneuve,Mercier-Hochelaga-Maisonneuve,2021-02-07T11:17:09,-73.51700754985673,45.57877453079802
21-279697,Plainte,Montréal-Nord,Montréal-Nord,2021-10-13T10:29:46,-73.62627491082146,45.61593492414507
21-2797,Plainte,Ahuntsic - Cartierville,Ahuntsic-Cartierville,2021-01-05T16:20:35,-73.66585021196931,45.54227571879354
21-279716,Plainte,Ahuntsic - Cartierville,Ahuntsic-Cartierville,2021-10-13T10:38:08,-73.66032376975924,45.565208023813234
21-279868,Plainte,Rosemont - La Petite-Patrie,Rosemont-La Petite-Patrie,2021-10-13T11:39:53,-73.57608711317681,45.55221049579407
21-279888,Plainte,Mercier - Hochelaga-Maisonneuve,Mercier-Hochelaga-Maisonneuve,2021-10-13T11:48:50,-73.54151285473911,45.585683232018006
21-280029,Plainte,Ville-Marie,Ville-Marie,2021-10-13T13:02:57,-73.56260347732398,45.50229847975313
21-280053,Plainte,Ahuntsic - Cartierville,Ahuntsic-Cartierville,2021-10-13T13:12:31,-73.66993659232621,45.53763157254077
21-28010,Plainte,Le Sud-Ouest,Le Sud-Ouest,2021-02-07T13:08:01,-73.58225564146917,45.48328597673194
21-280192,Plainte,Villeray-Saint-Michel - Parc-Extension,Villeray-Saint-Michel-Parc-Extension,2021-10-13T14:11:29,-73.6137249532535,45.54324123849128
21-280288,Plainte,Ahuntsic - Cartierville,Ahuntsic-Cartierville,2021-10-13T14:54:07,-73.652033694,45.557936559
21-28031,Plainte,Verdun,Verdun,2021-02-07T13:50:13,-73.5458914294589,45.46097286364662
21-28067,Plainte,Villeray-Saint-Michel - Parc-Extension,Villeray-Saint-Michel-Parc-Extension,2021-02-07T15:10:16,-73.62475354113015,45.52992252243281
21-28070,Plainte,Ahuntsic - Cartierville,Ahuntsic-Cartierville,2021-02-07T15:13:28,-73.67147007020348,45.53760451059256
21-280783,Plainte,Le Plateau-Mont-Royal,Le Plateau-Mont-Royal,2021-10-14T08:59:49,-73.57282138534859,45.522436437454175
21-280752,Plainte,Ahuntsic - Cartierville,Ahuntsic-Cartierville,2021-10-14T08:48:58,-73.66537842581994,45.5506636011079
21-28076,Plainte,Mercier - Hochelaga-Maisonneuve,Mercier-Hochelaga-Maisonneuve,2021-02-07T15:26:48,-73.56357651294421,45.58836196362993
21-280740,Plainte,Ahuntsic - Cartierville,Ahuntsic-Cartierville,2021-10-14T08:46:13,-73.692232174,45.546047282
21-28085,Plainte,Rosemont - La Petite-Patrie,Rosemont-La Petite-Patrie,2021-02-07T15:59:52,-73.616651237,45.530646454
21-281107,Plainte,Montréal-Nord,Montréal-Nord,2021-10-14T11:02:14,-73.63705186489167,45.58870048403854
21-280854,Plainte,Villeray-Saint-Michel - Parc-Extension,Villeray-Saint-Michel-Parc-Extension,2021-10-14T09:26:31,-73.61485157811687,45.55096634817551
21-281066,Plainte,Le Sud-Ouest,Le Sud-Ouest,2021-10-14T10:46:02,-73.59061512486697,45.456737042058585
21-281084,Plainte,Côte-des-Neiges - Notre-Dame-de-Grâce,Côte-des-Neiges-Notre-Dame-de-Grâce,2021-10-14T10:51:02,-73.6508765621277,45.4638675314319
21-280864,Plainte,Côte-des-Neiges - Notre-Dame-de-Grâce,Côte-des-Neiges-Notre-Dame-de-Grâce,2021-10-14T09:28:58,-73.63714871114722,45.50308306717231
21-280940,Plainte,Montréal-Nord,Montréal-Nord,2021-10-14T09:50:20,-73.62183289916449,45.62495658622018
21-281190,Plainte,Le Plateau-Mont-Royal,Le Plateau-Mont-Royal,2021-10-14T11:33:41,-73.5814533176627,45.51824971473929
21-281122,Plainte,Rivière-des-Prairies - Pointe-aux-Trembles,Rivière-des-Prairies-Pointe-aux-Trembles,2021-10-14T11:06:51,-73.49599923559363,45.635204292132
21-281369,Plainte,Westmount,Westmount,2021-10-14T13:11:43,-73.60337866882642,45.47637812231027
21-281221,Plainte,Pierrefonds - Roxboro,Pierrefonds-Roxboro,2021-10-14T11:51:37,-73.87752143742017,45.46747105580892
21-281370,Plainte,Anjou,Anjou,2021-10-14T13:13:02,-73.57621481584547,45.611410154959295
21-281310,Plainte,Saint-Léonard,Saint-Léonard,2021-10-14T12:42:41,-73.58648223218361,45.59391851203305
21-281355,Plainte,Ville-Marie,Ville-Marie,2021-10-14T13:08:30,-73.56395134637967,45.521844366663565
21-281371,Plainte,Villeray-Saint-Michel - Parc-Extension,Villeray-Saint-Michel-Parc-Extension,2021-10-14T13:14:14,-73.60424956118766,45.55295986955287
21-281630,Plainte,Montréal-Nord,Montréal-Nord,2021-10-14T15:09:16,-73.62336753593894,45.62254134089339
21-281403,Plainte,Le Plateau-Mont-Royal,Le Plateau-Mont-Royal,2021-10-14T13:28:05,-73.56201278072072,45.53697113619692
21-281462,Plainte,Le Plateau-Mont-Royal,Le Plateau-Mont-Royal,2021-10-14T13:51:26,-73.59206551848678,45.51849889406578
21-281509,Plainte,Villeray-Saint-Michel - Parc-Extension,Villeray-Saint-Michel-Parc-Extension,2021-10-14T14:11:56,-73.61325755160375,45.55694908112821
21-281393,Plainte,Saint-Laurent,Saint-Laurent,2021-10-14T13:21:38,-73.71979135877528,45.52145492513901
21-281488,Plainte,Rivière-des-Prairies - Pointe-aux-Trembles,Rivière-des-Prairies-Pointe-aux-Trembles,2021-10-14T14:03:20,-73.56270743636831,45.65020304173887
21-282121,Plainte,Villeray-Saint-Michel - Parc-Extension,Villeray-Saint-Michel-Parc-Extension,2021-10-15T09:05:41,-73.58652667126995,45.56587773816264
21-281755,Plainte,Villeray-Saint-Michel - Parc-Extension,Villeray-Saint-Michel-Parc-Extension,2021-10-14T16:10:53,-73.61539591623485,45.55036099333714
21-281783,Plainte,Lachine,Lachine,2021-10-14T16:26:20,-73.68424824883073,45.43680494898747
21-28199,Plainte,Le Sud-Ouest,Le Sud-Ouest,2021-02-08T08:44:20,-73.583513513,45.482259569
21-282124,Plainte,Le Plateau-Mont-Royal,Le Plateau-Mont-Royal,2021-10-15T09:07:36,-73.581472233,45.518257869
21-281761,Plainte,Villeray-Saint-Michel - Parc-Extension,Villeray-Saint-Michel-Parc-Extension,2021-10-14T16:15:06,-73.63426175415441,45.527536306500025
21-282203,Plainte,Pierrefonds - Roxboro,Pierrefonds-Roxboro,2021-10-15T09:39:14,-73.89606502936758,45.45932402120588
21-282320,Plainte,Saint-Léonard,Saint-Léonard,2021-10-15T10:26:43,-73.59262175150756,45.59797765916184
21-282240,Plainte,Mercier - Hochelaga-Maisonneuve,Mercier-Hochelaga-Maisonneuve,2021-10-15T09:56:11,-73.55318922708952,45.54394839115613
21-282525,Plainte,Côte-des-Neiges - Notre-Dame-de-Grâce,Côte-des-Neiges-Notre-Dame-de-Grâce,2021-10-15T11:57:40,-73.63798026458802,45.48452801559414
21-282457,Plainte,Mercier - Hochelaga-Maisonneuve,Mercier-Hochelaga-Maisonneuve,2021-10-15T11:23:14,-73.542818668,45.57557228
21-282541,Plainte,Mercier - Hochelaga-Maisonneuve,Mercier-Hochelaga-Maisonneuve,2021-10-15T12:06:01,-73.53080928496375,45.60139866061883
21-282709,Plainte,Pierrefonds - Roxboro,Pierrefonds-Roxboro,2021-10-15T13:41:40,-73.88274518562095,45.46277893180601
21-282570,Plainte,Le Plateau-Mont-Royal,Le Plateau-Mont-Royal,2021-10-15T12:22:23,-73.57273702334555,45.53486403769866
21-282625,Plainte,Saint-Léonard,Saint-Léonard,2021-10-15T13:02:12,-73.6096012834149,45.57992826335845
21-282867,Plainte,Rosemont - La Petite-Patrie,Rosemont-La Petite-Patrie,2021-10-15T15:28:45,-73.60747341699579,45.542002653394775
21-282802,Plainte,Mercier - Hochelaga-Maisonneuve,Mercier-Hochelaga-Maisonneuve,2021-10-15T14:40:53,-73.50945938596209,45.61078086023129
21-282890,Plainte,Le Plateau-Mont-Royal,Le Plateau-Mont-Royal,2021-10-15T15:42:50,-73.57905817506399,45.53345112437725
21-283015,Plainte,Côte-des-Neiges - Notre-Dame-de-Grâce,Côte-des-Neiges-Notre-Dame-de-Grâce,2021-10-15T18:14:50,-73.63157537487746,45.4860335852984
21-283017,Plainte,Ahuntsic - Cartierville,Ahuntsic-Cartierville,2021-10-15T18:16:55,-73.65975159,45.574837868
21-283125,Plainte,Ville-Marie,Ville-Marie,2021-10-16T09:35:15,-73.56124277472637,45.51087145644868
21-283031,Plainte,Le Plateau-Mont-Royal,Le Plateau-Mont-Royal,2021-10-15T18:55:55,-73.56118636478205,45.5362362206216
21-283039,Plainte,Le Plateau-Mont-Royal,Le Plateau-Mont-Royal,2021-10-15T19:19:16,-73.56201278072072,45.53697113619692
21-283050,Plainte,Le Plateau-Mont-Royal,Le Plateau-Mont-Royal,2021-10-15T19:50:08,-73.59079570565522,45.525330312167895
21-283177,Plainte,Le Plateau-Mont-Royal,Le Plateau-Mont-Royal,2021-10-16T10:56:26,-73.56394090468608,45.53383068417084
21-283192,Plainte,Côte-des-Neiges - Notre-Dame-de-Grâce,Côte-des-Neiges-Notre-Dame-de-Grâce,2021-10-16T11:17:18,-73.6309752011593,45.47154442936734
21-283292,Plainte,Ahuntsic - Cartierville,Ahuntsic-Cartierville,2021-10-16T14:49:11,-73.65975159,45.574837868
21-283190,Plainte,Le Sud-Ouest,Le Sud-Ouest,2021-10-16T11:15:17,-73.56303268724011,45.48283276230527
21-283285,Plainte,Verdun,Verdun,2021-10-16T14:25:47,-73.57602743687757,45.45921981190904
21-283294,Plainte,Ahuntsic - Cartierville,Ahuntsic-Cartierville,2021-10-16T14:49:45,-73.65975159,45.574837868
21-283337,Plainte,Le Plateau-Mont-Royal,Le Plateau-Mont-Royal,2021-10-16T16:16:18,-73.5648738297623,45.53356093131059
21-283303,Plainte,Côte-des-Neiges - Notre-Dame-de-Grâce,Côte-des-Neiges-Notre-Dame-de-Grâce,2021-10-16T15:09:57,-73.618497609753,45.47210720529981
21-283329,Plainte,Rosemont - La Petite-Patrie,Rosemont-La Petite-Patrie,2021-10-16T16:08:57,-73.573813791,45.560703953
21-283349,Plainte,Le Plateau-Mont-Royal,Le Plateau-Mont-Royal,2021-10-16T16:32:45,-73.5648738297623,45.53356093131059
21-283722,Plainte,Mercier - Hochelaga-Maisonneuve,Mercier-Hochelaga-Maisonneuve,2021-10-18T08:38:06,-73.53180006806956,45.5541540958662
21-283483,Plainte,Rivière-des-Prairies - Pointe-aux-Trembles,Rivière-des-Prairies-Pointe-aux-Trembles,2021-10-17T10:46:48,-73.594555001,45.625029822
21-28343,Plainte,Mercier - Hochelaga-Maisonneuve,Mercier-Hochelaga-Maisonneuve,2021-02-08T09:46:27,-73.52016254626982,45.60719939799979
21-283479,Plainte,Ville-Marie,Ville-Marie,2021-10-17T10:41:14,-73.556997794,45.532605382
21-2836,Plainte,Villeray-Saint-Michel - Parc-Extension,Villeray-Saint-Michel-Parc-Extension,2021-01-05T16:52:52,-73.6250079857316,45.544609757342585
21-283740,Plainte,Montréal-Nord,Montréal-Nord,2021-10-18T08:43:55,-73.62556166811416,45.60688012634834
21-283906,Plainte,Le Plateau-Mont-Royal,Le Plateau-Mont-Royal,2021-10-18T10:08:55,-73.5882544063262,45.525929354364514
21-283773,Plainte,Mercier - Hochelaga-Maisonneuve,Mercier-Hochelaga-Maisonneuve,2021-10-18T08:56:19,-73.53288955858531,45.55409346696598
21-283780,Plainte,Rosemont - La Petite-Patrie,Rosemont-La Petite-Patrie,2021-10-18T09:00:52,-73.6140665806889,45.5386462724021
21-283932,Plainte,Anjou,Anjou,2021-10-18T10:21:17,-73.54230127416913,45.601645198643546
21-283922,Plainte,Côte-des-Neiges - Notre-Dame-de-Grâce,Côte-des-Neiges-Notre-Dame-de-Grâce,2021-10-18T10:14:47,-73.63090143820527,45.484212202818775
21-284179,Plainte,Ahuntsic - Cartierville,Ahuntsic-Cartierville,2021-10-18T12:03:41,-73.66941434201641,45.560675633099386
21-283950,Plainte,Mercier - Hochelaga-Maisonneuve,Mercier-Hochelaga-Maisonneuve,2021-10-18T10:29:42,-73.51053414782042,45.61097204051211
21-284004,Plainte,Le Plateau-Mont-Royal,Le Plateau-Mont-Royal,2021-10-18T10:52:52,-73.57471392734485,45.516143249223575
21-284027,Plainte,Côte-des-Neiges - Notre-Dame-de-Grâce,Côte-des-Neiges-Notre-Dame-de-Grâce,2021-10-18T11:01:29,-73.64407340434049,45.492656278730855
21-284122,Plainte,Mercier - Hochelaga-Maisonneuve,Mercier-Hochelaga-Maisonneuve,2021-10-18T11:41:28,-73.55640418630473,45.58579582164898
21-284236,Plainte,Ville-Marie,Ville-Marie,2021-10-18T12:49:16,-73.5631393431534,45.52089128317928
21-284186,Plainte,Verdun,Verdun,2021-10-18T12:11:29,-73.5849273240663,45.43769113353964
21-284423,Plainte,Rivière-des-Prairies - Pointe-aux-Trembles,Rivière-des-Prairies-Pointe-aux-Trembles,2021-10-18T14:07:11,-73.59037375926901,45.63465507346448
21-284241,Plainte,Le Plateau-Mont-Royal,Le Plateau-Mont-Royal,2021-10-18T12:52:49,-73.57471392734485,45.516143249223575
21-284619,Plainte,Mercier - Hochelaga-Maisonneuve,Mercier-Hochelaga-Maisonneuve,2021-10-18T15:31:49,-73.52460666520977,45.60368239169685
21-28448,Plainte,Côte-des-Neiges - Notre-Dame-de-Grâce,Côte-des-Neiges-Notre-Dame-de-Grâce,2021-02-08T10:36:28,-73.62818331190095,45.49437202422652
21-284744,Plainte,Mercier - Hochelaga-Maisonneuve,Mercier-Hochelaga-Maisonneuve,2021-10-18T16:37:02,-73.54151285473911,45.585683232018006
21-284878,Plainte,Ahuntsic - Cartierville,Ahuntsic-Cartierville,2021-10-18T19:38:56,-73.655157693,45.577795593
21-284758,Plainte,Villeray-Saint-Michel - Parc-Extension,Villeray-Saint-Michel-Parc-Extension,2021-10-18T16:47:43,-73.60836987343345,45.57557368294285
21-284793,Plainte,Rosemont - La Petite-Patrie,Rosemont-La Petite-Patrie,2021-10-18T17:21:09,-73.60594412481555,45.538328860785725
21-285030,Plainte,Rosemont - La Petite-Patrie,Rosemont-La Petite-Patrie,2021-10-19T08:58:45,-73.56688173747771,45.55405278046454
21-28489,Plainte,Rosemont - La Petite-Patrie,Rosemont-La Petite-Patrie,2021-02-08T10:53:18,-73.598494713,45.531036913
21-285017,Plainte,Saint-Laurent,Saint-Laurent,2021-10-19T08:51:57,-73.69032443758032,45.513406895137415
21-285186,Plainte,Saint-Laurent,Saint-Laurent,2021-10-19T10:09:22,-73.72749274652807,45.50220485275149
21-285069,Plainte,Verdun,Verdun,2021-10-19T09:15:26,-73.56764752651053,45.45573161461819
21-285140,Plainte,Rivière-des-Prairies - Pointe-aux-Trembles,Rivière-des-Prairies-Pointe-aux-Trembles,2021-10-19T09:45:36,-73.4999291402902,45.6389887069564
21-285272,Plainte,Le Plateau-Mont-Royal,Le Plateau-Mont-Royal,2021-10-19T10:42:25,-73.60025849617384,45.52434662631788
21-285310,Plainte,Rosemont - La Petite-Patrie,Rosemont-La Petite-Patrie,2021-10-19T10:56:46,-73.58195168768522,45.5472456312672
21-285261,Plainte,Rosemont - La Petite-Patrie,Rosemont-La Petite-Patrie,2021-10-19T10:38:13,-73.56812357000453,45.55081769237992
21-285783,Plainte,Ahuntsic - Cartierville,Ahuntsic-Cartierville,2021-10-19T14:43:17,-73.72586076880643,45.53157617650753
21-285705,Plainte,Ville-Marie,Ville-Marie,2021-10-19T14:06:42,-73.55129394008675,45.53242467585591
21-285726,Plainte,Anjou,Anjou,2021-10-19T14:17:48,-73.54230127416913,45.601645198643546
21-2854,Plainte,Montréal-Nord,Montréal-Nord,2021-01-05T17:32:21,-73.63494179388329,45.59950204356519
21-285449,Plainte,Le Sud-Ouest,Le Sud-Ouest,2021-10-19T11:50:21,-73.58351260686807,45.4822605249263
21-285511,Plainte,Le Plateau-Mont-Royal,Le Plateau-Mont-Royal,2021-10-19T12:25:16,-73.56934508770482,45.53281678693749
21-285874,Plainte,Montréal-Nord,Montréal-Nord,2021-10-19T15:33:59,-73.64072629139076,45.59422263342824
21-285794,Plainte,Verdun,Verdun,2021-10-19T14:47:27,-73.56671605634477,45.46601823123845
21-285817,Plainte,Montréal-Nord,Montréal-Nord,2021-10-19T15:01:15,-73.64057019302473,45.57964061533322
21-285863,Plainte,Montréal-Nord,Montréal-Nord,2021-10-19T15:29:07,-73.64057019302473,45.57964061533322
21-286000,Plainte,Ahuntsic - Cartierville,Ahuntsic-Cartierville,2021-10-19T16:45:17,-73.655433758,45.572151815
21-285932,Plainte,Villeray-Saint-Michel - Parc-Extension,Villeray-Saint-Michel-Parc-Extension,2021-10-19T16:00:18,-73.60957394161593,45.54656026547691
21-286005,Plainte,Villeray-Saint-Michel - Parc-Extension,Villeray-Saint-Michel-Parc-Extension,2021-10-19T16:51:07,-73.61645467660038,45.56915728688576
21-28607,Plainte,Villeray-Saint-Michel - Parc-Extension,Villeray-Saint-Michel-Parc-Extension,2021-02-08T11:43:55,-73.6141682621044,45.54981825638869
21-286074,Plainte,Le Sud-Ouest,Le Sud-Ouest,2021-10-19T18:39:25,-73.595274999,45.453873468
21-286070,Plainte,Côte-des-Neiges - Notre-Dame-de-Grâce,Côte-des-Neiges-Notre-Dame-de-Grâce,2021-10-19T18:33:40,-73.60736212469457,45.475581261
21-286290,Plainte,Villeray-Saint-Michel - Parc-Extension,Villeray-Saint-Michel-Parc-Extension,2021-10-20T09:18:35,-73.63200368591662,45.5313645952651
21-286121,Plainte,Côte-des-Neiges - Notre-Dame-de-Grâce,Côte-des-Neiges-Notre-Dame-de-Grâce,2021-10-19T22:25:12,-73.60736212469457,45.475581261
21-286112,Plainte,Côte-des-Neiges - Notre-Dame-de-Grâce,Côte-des-Neiges-Notre-Dame-de-Grâce,2021-10-19T20:29:37,-73.60736212469457,45.475581261
21-286113,Plainte,Côte-des-Neiges - Notre-Dame-de-Grâce,Côte-des-Neiges-Notre-Dame-de-Grâce,2021-10-19T20:30:47,-73.60736212469457,45.475581261
21-286457,Plainte,Le Sud-Ouest,Le Sud-Ouest,2021-10-20T10:23:55,-73.57652251023627,45.48858612970456
21-286416,Plainte,Ahuntsic - Cartierville,Ahuntsic-Cartierville,2021-10-20T10:05:08,-73.647281296,45.541577959
21-286737,Plainte,Rivière-des-Prairies - Pointe-aux-Trembles,Rivière-des-Prairies-Pointe-aux-Trembles,2021-10-20T12:45:50,-73.57628652365716,45.63774833969212
21-286563,Plainte,Rivière-des-Prairies - Pointe-aux-Trembles,Rivière-des-Prairies-Pointe-aux-Trembles,2021-10-20T11:02:49,-73.48862521093994,45.63965247705476
21-28664,Plainte,Lachine,Lachine,2021-02-08T12:17:58,-73.69457632322224,45.43768210723164
21-286686,Plainte,Rivière-des-Prairies - Pointe-aux-Trembles,Rivière-des-Prairies-Pointe-aux-Trembles,2021-10-20T12:08:32,-73.4928218513434,45.68997287558909
21-286566,Plainte,Le Plateau-Mont-Royal,Le Plateau-Mont-Royal,2021-10-20T11:03:05,-73.56220795561197,45.53335225978429
21-286958,Plainte,Villeray-Saint-Michel - Parc-Extension,Villeray-Saint-Michel-Parc-Extension,2021-10-20T14:48:34,-73.60228883539048,45.5533245629641
21-286749,Plainte,Verdun,Verdun,2021-10-20T12:52:04,-73.5393865714513,45.46502054991849
21-28676,Plainte,Anjou,Anjou,2021-02-08T12:26:16,-73.55593964160526,45.61406860261931
21-28680,Plainte,Villeray-Saint-Michel - Parc-Extension,Villeray-Saint-Michel-Parc-Extension,2021-02-08T12:29:39,-73.61620085904705,45.56439815446606
21-287104,Plainte,Ville-Marie,Ville-Marie,2021-10-20T15:58:53,-73.556997794,45.532605382
21-287059,Plainte,Outremont,Outremont,2021-10-20T15:37:12,-73.60215261076085,45.51688508272999
21-287074,Plainte,Outremont,Outremont,2021-10-20T15:45:02,-73.6145066237579,45.520167408451854
21-287254,Plainte,Mercier - Hochelaga-Maisonneuve,Mercier-Hochelaga-Maisonneuve,2021-10-20T18:33:53,-73.53332252233243,45.560676038454325
21-287140,Plainte,Ahuntsic - Cartierville,Ahuntsic-Cartierville,2021-10-20T16:23:41,-73.72742377458857,45.5316107108908
21-28718,Plainte,Ville-Marie,Ville-Marie,2021-02-08T13:04:12,-73.55285951,45.498779927
21-28720,Plainte,Le Plateau-Mont-Royal,Le Plateau-Mont-Royal,2021-02-08T13:04:36,-73.57037178844584,45.530428402642855
21-287250,Plainte,Le Plateau-Mont-Royal,Le Plateau-Mont-Royal,2021-10-20T18:27:01,-73.57098845477195,45.53669825467181
21-287270,Plainte,LaSalle,LaSalle,2021-10-20T19:02:19,-73.6283520622823,45.44144006668602
21-287519,Plainte,Le Sud-Ouest,Le Sud-Ouest,2021-10-21T09:40:08,-73.55459945192331,45.48126048600018
21-287576,Plainte,Lachine,Lachine,2021-10-21T10:02:04,-73.65560351817824,45.444785961504536
21-287604,Plainte,Le Plateau-Mont-Royal,Le Plateau-Mont-Royal,2021-10-21T10:17:55,-73.56567044856816,45.52875433222148
21-287710,Plainte,Mercier - Hochelaga-Maisonneuve,Mercier-Hochelaga-Maisonneuve,2021-10-21T11:02:15,-73.5427441150925,45.54822586401584
21-287704,Plainte,Ahuntsic - Cartierville,Ahuntsic-Cartierville,2021-10-21T10:59:28,-73.72222807533048,45.5307494213881
21-287853,Plainte,Rivière-des-Prairies - Pointe-aux-Trembles,Rivière-des-Prairies-Pointe-aux-Trembles,2021-10-21T12:32:43,-73.5685621578147,45.65442570685012
21-287722,Plainte,Villeray-Saint-Michel - Parc-Extension,Villeray-Saint-Michel-Parc-Extension,2021-10-21T11:08:44,-73.59635168665348,45.56363933006588
21-287922,Plainte,Le Plateau-Mont-Royal,Le Plateau-Mont-Royal,2021-10-21T13:07:18,-73.57273702334555,45.53486403769866
21-287871,Plainte,Ville-Marie,Ville-Marie,2021-10-21T12:42:25,-73.57714520896393,45.49260332516283
21-287915,Plainte,Rivière-des-Prairies - Pointe-aux-Trembles,Rivière-des-Prairies-Pointe-aux-Trembles,2021-10-21T13:04:40,-73.50142679243054,45.662995698632095
21-288115,Plainte,Ville-Marie,Ville-Marie,2021-10-21T14:48:51,-73.568254398,45.510812777
21-288037,Plainte,Rosemont - La Petite-Patrie,Rosemont-La Petite-Patrie,2021-10-21T14:03:18,-73.56714860002513,45.54473440256001
21-288003,Plainte,Le Sud-Ouest,Le Sud-Ouest,2021-10-21T13:46:18,-73.5642102603277,45.4786352254575
21-288223,Plainte,Rosemont - La Petite-Patrie,Rosemont-La Petite-Patrie,2021-10-21T15:44:38,-73.574704999,45.551445272
21-288313,Plainte,Ville-Marie,Ville-Marie,2021-10-21T16:38:23,-73.55882857370764,45.51669669617837
21-288258,Plainte,LaSalle,LaSalle,2021-10-21T16:03:42,-73.62939131156315,45.42216115095881
21-288299,Plainte,Mercier - Hochelaga-Maisonneuve,Mercier-Hochelaga-Maisonneuve,2021-10-21T16:28:14,-73.53616185226966,45.558134891570845
21-288395,Plainte,Saint-Léonard,Saint-Léonard,2021-10-21T18:40:38,-73.61243261218698,45.58314161377353
21-28844,Plainte,Lachine,Lachine,2021-02-08T14:25:06,-73.67829504135923,45.43544670554469
21-288399,Plainte,Montréal-Nord,Montréal-Nord,2021-10-21T18:50:11,-73.636379566,45.596837968
21-2884,Plainte,Villeray-Saint-Michel - Parc-Extension,Villeray-Saint-Michel-Parc-Extension,2021-01-05T18:56:05,-73.60798956234115,45.55420294701757
21-288919,Plainte,Ville-Marie,Ville-Marie,2021-10-22T11:58:58,-73.56292743555176,45.52749394580568
21-288562,Plainte,Saint-Laurent,Saint-Laurent,2021-10-22T09:07:33,-73.69283052333147,45.49793113172586
21-288775,Plainte,Villeray-Saint-Michel - Parc-Extension,Villeray-Saint-Michel-Parc-Extension,2021-10-22T10:52:40,-73.60028137040644,45.55284953310752
21-28882,Plainte,Outremont,Outremont,2021-02-08T14:51:01,-73.61180036418908,45.51651435269758
21-288894,Plainte,Le Plateau-Mont-Royal,Le Plateau-Mont-Royal,2021-10-22T11:47:35,-73.57335291986666,45.517113313329006
21-28870,Plainte,Ahuntsic - Cartierville,Ahuntsic-Cartierville,2021-02-08T14:44:07,-73.6497329895861,45.570536744746775
21-288726,Plainte,Villeray-Saint-Michel - Parc-Extension,Villeray-Saint-Michel-Parc-Extension,2021-10-22T10:27:46,-73.63226942811282,45.527827653840895
21-288765,Plainte,Rosemont - La Petite-Patrie,Rosemont-La Petite-Patrie,2021-10-22T10:48:27,-73.60748177594225,45.53665916454989
21-288887,Plainte,Le Plateau-Mont-Royal,Le Plateau-Mont-Royal,2021-10-22T11:44:39,-73.56708785782914,45.52990276228781
21-288954,Plainte,Villeray-Saint-Michel - Parc-Extension,Villeray-Saint-Michel-Parc-Extension,2021-10-22T12:16:22,-73.6135565417892,45.555162063134574
21-288975,Plainte,Le Plateau-Mont-Royal,Le Plateau-Mont-Royal,2021-10-22T12:25:39,-73.57094104127546,45.536060822833655
21-28925,Plainte,LaSalle,LaSalle,2021-02-08T15:11:29,-73.65598552551256,45.42574162916444
21-289144,Plainte,Mercier - Hochelaga-Maisonneuve,Mercier-Hochelaga-Maisonneuve,2021-10-22T14:10:51,-73.55318922708952,45.54394839115613
21-288986,Plainte,Rivière-des-Prairies - Pointe-aux-Trembles,Rivière-des-Prairies-Pointe-aux-Trembles,2021-10-22T12:35:05,-73.55888636892773,45.64780706698516
21-289259,Plainte,Le Plateau-Mont-Royal,Le Plateau-Mont-Royal,2021-10-22T14:58:22,-73.58267923040844,45.522380661866286
21-289301,Plainte,Le Plateau-Mont-Royal,Le Plateau-Mont-Royal,2021-10-22T15:20:28,-73.59824238426728,45.52802586920264
21-28927,Plainte,Anjou,Anjou,2021-02-08T15:12:50,-73.58069077742539,45.606535371988286
21-289297,Plainte,Rosemont - La Petite-Patrie,Rosemont-La Petite-Patrie,2021-10-22T15:19:12,-73.58818736925161,45.55563484288193
21-289351,Plainte,Rosemont - La Petite-Patrie,Rosemont-La Petite-Patrie,2021-10-22T15:48:26,-73.589521148,45.542738363
21-289353,Plainte,Rosemont - La Petite-Patrie,Rosemont-La Petite-Patrie,2021-10-22T15:49:56,-73.607646071,45.54457113
21-289383,Plainte,Ahuntsic - Cartierville,Ahuntsic-Cartierville,2021-10-22T16:11:19,-73.6472462670307,45.5781741207665
21-289508,Plainte,Ville-Marie,Ville-Marie,2021-10-22T19:08:51,-73.55432718023697,45.50176681649897
21-289404,Plainte,Côte-des-Neiges - Notre-Dame-de-Grâce,Côte-des-Neiges-Notre-Dame-de-Grâce,2021-10-22T16:24:18,-73.63090143820527,45.484212202818775
21-289760,Plainte,Saint-Laurent,Saint-Laurent,2021-10-23T14:25:40,-73.73282919207112,45.51089266583352
21-289605,Plainte,Rosemont - La Petite-Patrie,Rosemont-La Petite-Patrie,2021-10-23T09:31:13,-73.5908670697739,45.5443034219206
21-289636,Plainte,Saint-Laurent,Saint-Laurent,2021-10-23T10:30:36,-73.73282919207112,45.51089266583352
21-28960,Plainte,Pierrefonds - Roxboro,Pierrefonds-Roxboro,2021-02-08T15:34:33,-73.80885690961308,45.5149335684317
21-289628,Plainte,Saint-Laurent,Saint-Laurent,2021-10-23T10:18:22,-73.73282919207112,45.51089266583352
21-289647,Plainte,Côte-des-Neiges - Notre-Dame-de-Grâce,Côte-des-Neiges-Notre-Dame-de-Grâce,2021-10-23T10:49:11,-73.60670080453788,45.47615570293358
21-29008,Plainte,Villeray-Saint-Michel - Parc-Extension,Villeray-Saint-Michel-Parc-Extension,2021-02-08T16:27:23,-73.64184957,45.533143537
21-290270,Plainte,Rivière-des-Prairies - Pointe-aux-Trembles,Rivière-des-Prairies-Pointe-aux-Trembles,2021-10-25T09:55:10,-73.5101824929036,45.650098134397176
21-290189,Plainte,Outremont,Outremont,2021-10-25T09:19:13,-73.61457629425254,45.52083954527665
21-290190,Plainte,Villeray-Saint-Michel - Parc-Extension,Villeray-Saint-Michel-Parc-Extension,2021-10-25T09:20:05,-73.62062432,45.549228303
21-290231,Plainte,L'Île-Bizard - Sainte-Geneviève,L'Île-Bizard-Sainte-Geneviève,2021-10-25T09:40:04,-73.86467803172559,45.48321383899847
21-290232,Plainte,Ahuntsic - Cartierville,Ahuntsic-Cartierville,2021-10-25T09:40:06,-73.662358201,45.562587533
21-290256,Plainte,Villeray-Saint-Michel - Parc-Extension,Villeray-Saint-Michel-Parc-Extension,2021-10-25T09:50:58,-73.61968777558283,45.550268435259866
21-290124,Plainte,Rivière-des-Prairies - Pointe-aux-Trembles,Rivière-des-Prairies-Pointe-aux-Trembles,2021-10-25T08:49:56,-73.5464359180686,45.66164503612132
21-290393,Plainte,Côte-des-Neiges - Notre-Dame-de-Grâce,Côte-des-Neiges-Notre-Dame-de-Grâce,2021-10-25T10:40:38,-73.630279434,45.480549172
21-290285,Plainte,Côte-des-Neiges - Notre-Dame-de-Grâce,Côte-des-Neiges-Notre-Dame-de-Grâce,2021-10-25T10:02:24,-73.62594679148002,45.474633523512445
21-290287,Plainte,Le Plateau-Mont-Royal,Le Plateau-Mont-Royal,2021-10-25T10:02:52,-73.577163321,45.536510256
21-290311,Plainte,Côte-des-Neiges - Notre-Dame-de-Grâce,Côte-des-Neiges-Notre-Dame-de-Grâce,2021-10-25T10:11:30,-73.63169346,45.459095851
21-290558,Plainte,Le Sud-Ouest,Le Sud-Ouest,2021-10-25T11:41:38,-73.56606144757708,45.47765730787898
21-290637,Plainte,Le Plateau-Mont-Royal,Le Plateau-Mont-Royal,2021-10-25T12:15:57,-73.59446697737454,45.52414155109386
21-290602,Plainte,Le Plateau-Mont-Royal,Le Plateau-Mont-Royal,2021-10-25T12:00:25,-73.57662036200276,45.51994630347628
21-290607,Plainte,Côte-des-Neiges - Notre-Dame-de-Grâce,Côte-des-Neiges-Notre-Dame-de-Grâce,2021-10-25T12:03:01,-73.63823044454332,45.50949441629077
21-290640,Plainte,Lachine,Lachine,2021-10-25T12:19:04,-73.697581466,45.439636844
21-290898,Plainte,Le Plateau-Mont-Royal,Le Plateau-Mont-Royal,2021-10-25T14:25:50,-73.577163321,45.536510256
21-290681,Plainte,Villeray-Saint-Michel - Parc-Extension,Villeray-Saint-Michel-Parc-Extension,2021-10-25T12:40:51,-73.6021147272083,45.55536651461527
21-29077,Plainte,Ville-Marie,Ville-Marie,2021-02-08T18:40:56,-73.55816056201735,45.52625324369279
21-290811,Plainte,Ahuntsic - Cartierville,Ahuntsic-Cartierville,2021-10-25T13:47:45,-73.71570143236161,45.53452919926102
21-29095,Plainte,Le Sud-Ouest,Le Sud-Ouest,2021-02-08T19:21:52,-73.558322179,45.491754461
21-29111,Plainte,Mercier - Hochelaga-Maisonneuve,Mercier-Hochelaga-Maisonneuve,2021-02-08T20:25:45,-73.53721566012243,45.55460402193843
21-291409,Plainte,Villeray-Saint-Michel - Parc-Extension,Villeray-Saint-Michel-Parc-Extension,2021-10-26T08:39:10,-73.62847971428576,45.52738308971866
21-291168,Plainte,Le Plateau-Mont-Royal,Le Plateau-Mont-Royal,2021-10-25T16:40:04,-73.58269549127867,45.53064962711082
21-291158,Plainte,Ville-Marie,Ville-Marie,2021-10-25T16:36:21,-73.552809165,45.538824429
21-291433,Plainte,Rosemont - La Petite-Patrie,Rosemont-La Petite-Patrie,2021-10-26T08:50:40,-73.57261920395317,45.5518570998324
21-29192,Plainte,Côte-des-Neiges - Notre-Dame-de-Grâce,Côte-des-Neiges-Notre-Dame-de-Grâce,2021-02-09T08:52:48,-73.63862502592607,45.50737197983542
21-291430,Plainte,Rivière-des-Prairies - Pointe-aux-Trembles,Rivière-des-Prairies-Pointe-aux-Trembles,2021-10-26T08:49:08,-73.49945454762991,45.66373488000117
21-291834,Plainte,Rivière-des-Prairies - Pointe-aux-Trembles,Rivière-des-Prairies-Pointe-aux-Trembles,2021-10-26T12:16:53,-73.58247886178567,45.633318749218446
21-291846,Plainte,Ahuntsic - Cartierville,Ahuntsic-Cartierville,2021-10-26T12:22:52,-73.65296219003781,45.57607025352444
21-291892,Plainte,Ahuntsic - Cartierville,Ahuntsic-Cartierville,2021-10-26T12:57:14,-73.6361912189994,45.55496618967768
21-292031,Plainte,Mercier - Hochelaga-Maisonneuve,Mercier-Hochelaga-Maisonneuve,2021-10-26T14:02:26,-73.53880860289355,45.58212126698088
21-292320,Plainte,Mercier - Hochelaga-Maisonneuve,Mercier-Hochelaga-Maisonneuve,2021-10-26T18:09:43,-73.543273403,45.560039582
21-292207,Plainte,Verdun,Verdun,2021-10-26T16:05:13,-73.57105332280042,45.448536727867065
21-29218,Plainte,Ahuntsic - Cartierville,Ahuntsic-Cartierville,2021-02-09T09:05:37,-73.69955384780089,45.54377541247157
21-29278,Plainte,Côte-des-Neiges - Notre-Dame-de-Grâce,Côte-des-Neiges-Notre-Dame-de-Grâce,2021-02-09T09:44:26,-73.61932681198955,45.50344285696765
21-292520,Plainte,Le Plateau-Mont-Royal,Le Plateau-Mont-Royal,2021-10-27T08:58:52,-73.58717713027902,45.52190759387089
21-292719,Plainte,Ville-Marie,Ville-Marie,2021-10-27T10:18:11,-73.56076496716022,45.49928704231794
21-292511,Plainte,Le Sud-Ouest,Le Sud-Ouest,2021-10-27T08:54:13,-73.58891281156096,45.471235122473374
21-292849,Plainte,Ahuntsic - Cartierville,Ahuntsic-Cartierville,2021-10-27T11:09:19,-73.63729531184363,45.56101817685367
21-292943,Plainte,Ahuntsic - Cartierville,Ahuntsic-Cartierville,2021-10-27T11:56:00,-73.74944764414424,45.51020986833014
21-292854,Plainte,Villeray-Saint-Michel - Parc-Extension,Villeray-Saint-Michel-Parc-Extension,2021-10-27T11:10:22,-73.598879511,45.558229053
21-292962,Plainte,Villeray-Saint-Michel - Parc-Extension,Villeray-Saint-Michel-Parc-Extension,2021-10-27T12:06:44,-73.61438099674706,45.54245346194877
21-292985,Plainte,Ville-Marie,Ville-Marie,2021-10-27T12:20:06,-73.55924614845672,45.51910903875685
21-29325,Plainte,Le Sud-Ouest,Le Sud-Ouest,2021-02-09T10:10:35,-73.5815292973824,45.48375318908632
21-293092,Plainte,Le Sud-Ouest,Le Sud-Ouest,2021-10-27T13:26:24,-73.59388054266887,45.45413258822531
21-293256,Plainte,LaSalle,LaSalle,2021-10-27T14:44:40,-73.59891538066883,45.42499737572479
21-293254,Plainte,Saint-Laurent,Saint-Laurent,2021-10-27T14:44:29,-73.71957230874936,45.515478319294445
21-293408,Plainte,Rivière-des-Prairies - Pointe-aux-Trembles,Rivière-des-Prairies-Pointe-aux-Trembles,2021-10-27T16:03:31,-73.5667770516144,45.65168737360959
21-293456,Plainte,Saint-Léonard,Saint-Léonard,2021-10-27T16:39:41,-73.59773083870645,45.58428894016698
21-295,Plainte,Montréal-Nord,Montréal-Nord,2021-01-02T11:48:10,-73.63751589748719,45.59969552385768
21-294183,Plainte,Le Plateau-Mont-Royal,Le Plateau-Mont-Royal,2021-10-28T12:45:49,-73.59206551848678,45.51849889406578
21-294575,Plainte,Côte-des-Neiges - Notre-Dame-de-Grâce,Côte-des-Neiges-Notre-Dame-de-Grâce,2021-10-28T16:22:12,-73.6391144426906,45.469771226978025
21-294644,Plainte,Villeray-Saint-Michel - Parc-Extension,Villeray-Saint-Michel-Parc-Extension,2021-10-28T17:16:46,-73.60746084095044,45.554792577159645
21-294721,Plainte,Mercier - Hochelaga-Maisonneuve,Mercier-Hochelaga-Maisonneuve,2021-10-28T18:36:42,-73.5436692825154,45.59075215355484
21-294862,Plainte,Rosemont - La Petite-Patrie,Rosemont-La Petite-Patrie,2021-10-29T08:48:30,-73.57341483410647,45.556504659172255
21-294925,Plainte,Ville-Marie,Ville-Marie,2021-10-29T09:18:10,-73.55262843693856,45.52044107470312
21-29496,Plainte,Ville-Marie,Ville-Marie,2021-02-09T12:03:41,-73.55744828811649,45.53503497748714
21-293465,Plainte,Ahuntsic - Cartierville,Ahuntsic-Cartierville,2021-10-27T16:48:53,-73.66116691070972,45.5735464853852
21-293886,Plainte,Côte-des-Neiges - Notre-Dame-de-Grâce,Côte-des-Neiges-Notre-Dame-de-Grâce,2021-10-28T10:12:31,-73.64993313241797,45.48990456689202
21-294031,Plainte,Rosemont - La Petite-Patrie,Rosemont-La Petite-Patrie,2021-10-28T11:18:51,-73.56891253919797,45.5780280639323
21-294185,Plainte,Villeray-Saint-Michel - Parc-Extension,Villeray-Saint-Michel-Parc-Extension,2021-10-28T12:46:12,-73.60392464113835,45.5569727362778
21-294209,Plainte,Montréal-Nord,Montréal-Nord,2021-10-28T13:02:16,-73.621961336309,45.61989716884515
21-294450,Plainte,Le Plateau-Mont-Royal,Le Plateau-Mont-Royal,2021-10-28T15:06:53,-73.58671849918599,45.53333213258199
21-294605,Plainte,Villeray-Saint-Michel - Parc-Extension,Villeray-Saint-Michel-Parc-Extension,2021-10-28T16:48:55,-73.60746084095044,45.554792577159645
21-294624,Plainte,Ahuntsic - Cartierville,Ahuntsic-Cartierville,2021-10-28T17:02:37,-73.65624307625215,45.57001101928965
21-294672,Plainte,Saint-Laurent,Saint-Laurent,2021-10-28T17:37:44,-73.675220305,45.505713171
21-294898,Plainte,Le Sud-Ouest,Le Sud-Ouest,2021-10-29T09:05:19,-73.58833425283447,45.45837977088118
21-294966,Plainte,Le Plateau-Mont-Royal,Le Plateau-Mont-Royal,2021-10-29T09:40:08,-73.582042158,45.535302189
21-295008,Plainte,Villeray-Saint-Michel - Parc-Extension,Villeray-Saint-Michel-Parc-Extension,2021-10-29T10:08:16,-73.600808991,45.552253373
21-295049,Plainte,Le Sud-Ouest,Le Sud-Ouest,2021-10-29T10:30:31,-73.587941039,45.46281829
21-295763,Plainte,Mercier - Hochelaga-Maisonneuve,Mercier-Hochelaga-Maisonneuve,2021-10-29T18:42:47,-73.55118765981756,45.547215172058905
21-295195,Plainte,Le Plateau-Mont-Royal,Le Plateau-Mont-Royal,2021-10-29T12:03:09,-73.57503246869265,45.50789629550136
21-295291,Plainte,Côte-des-Neiges - Notre-Dame-de-Grâce,Côte-des-Neiges-Notre-Dame-de-Grâce,2021-10-29T13:14:14,-73.63179156336939,45.48076013605614
21-295353,Plainte,Saint-Laurent,Saint-Laurent,2021-10-29T13:47:44,-73.70016157964879,45.525040628651496
21-295435,Plainte,Mercier - Hochelaga-Maisonneuve,Mercier-Hochelaga-Maisonneuve,2021-10-29T14:29:48,-73.53020242289494,45.55832577349717
21-295525,Plainte,Lachine,Lachine,2021-10-29T15:16:42,-73.69663373115033,45.43479779207672
21-295606,Plainte,Côte-des-Neiges - Notre-Dame-de-Grâce,Côte-des-Neiges-Notre-Dame-de-Grâce,2021-10-29T16:04:44,-73.64574816519833,45.47042871066126
21-295695,Plainte,Mercier - Hochelaga-Maisonneuve,Mercier-Hochelaga-Maisonneuve,2021-10-29T17:07:31,-73.53160648510598,45.58047590927264
21-295768,Plainte,Ville-Marie,Ville-Marie,2021-10-29T18:50:08,-73.557287791,45.51269321
21-295077,Plainte,Lachine,Lachine,2021-10-29T10:49:53,-73.6705824422244,45.44002164659654
21-295249,Plainte,Mercier - Hochelaga-Maisonneuve,Mercier-Hochelaga-Maisonneuve,2021-10-29T12:41:28,-73.55106788716228,45.57607630403037
21-295274,Plainte,Mercier - Hochelaga-Maisonneuve,Mercier-Hochelaga-Maisonneuve,2021-10-29T13:05:48,-73.51023687077112,45.58745343307752
21-295278,Plainte,Mercier - Hochelaga-Maisonneuve,Mercier-Hochelaga-Maisonneuve,2021-10-29T13:08:20,-73.51023687077112,45.58745343307752
21-295415,Plainte,Mercier - Hochelaga-Maisonneuve,Mercier-Hochelaga-Maisonneuve,2021-10-29T14:20:12,-73.52459969718838,45.60566945543884
21-295423,Plainte,Côte-des-Neiges - Notre-Dame-de-Grâce,Côte-des-Neiges-Notre-Dame-de-Grâce,2021-10-29T14:24:36,-73.63679318636635,45.50127636753823
21-295513,Plainte,Outremont,Outremont,2021-10-29T15:11:34,-73.60535365003554,45.51327814471736
21-295678,Plainte,Ahuntsic - Cartierville,Ahuntsic-Cartierville,2021-10-29T16:51:58,-73.67023122136641,45.55168290989083
21-29568,Plainte,Pierrefonds - Roxboro,Pierrefonds-Roxboro,2021-02-09T13:02:58,-73.77703055,45.503151389
21-295727,Plainte,LaSalle,LaSalle,2021-10-29T17:52:38,-73.60152907830452,45.43049501529318
21-29573,Plainte,LaSalle,LaSalle,2021-02-09T13:06:06,-73.61137295414822,45.41800709152048
21-295928,Plainte,Ville-Marie,Ville-Marie,2021-10-30T11:31:22,-73.55709903822545,45.50309152876303
21-295910,Plainte,Villeray-Saint-Michel - Parc-Extension,Villeray-Saint-Michel-Parc-Extension,2021-10-30T11:02:20,-73.59982360765443,45.554073360109896
21-296326,Plainte,Mercier - Hochelaga-Maisonneuve,Mercier-Hochelaga-Maisonneuve,2021-10-31T16:56:08,-73.52632970775109,45.598770123942586
21-296174,Plainte,Le Plateau-Mont-Royal,Le Plateau-Mont-Royal,2021-10-31T09:58:04,-73.59396782454937,45.51787379786104
21-296191,Plainte,Ville-Marie,Ville-Marie,2021-10-31T10:31:14,-73.54595958952765,45.52779893537232
21-296009,Plainte,Mercier - Hochelaga-Maisonneuve,Mercier-Hochelaga-Maisonneuve,2021-10-30T13:43:58,-73.54408224927293,45.559019176250494
21-29601,Plainte,Rosemont - La Petite-Patrie,Rosemont-La Petite-Patrie,2021-02-09T13:27:15,-73.588679876,45.549548503
21-296035,Plainte,Montréal-Nord,Montréal-Nord,2021-10-30T14:50:00,-73.62481345293172,45.62267962563164
21-296561,Plainte,Rosemont - La Petite-Patrie,Rosemont-La Petite-Patrie,2021-11-01T09:31:23,-73.5814967208909,45.54445174204635
21-296465,Plainte,Ahuntsic - Cartierville,Ahuntsic-Cartierville,2021-11-01T08:43:50,-73.65481460395988,45.57376417760052
21-296887,Plainte,Saint-Laurent,Saint-Laurent,2021-11-01T11:41:24,-73.67282385148705,45.50679542772623
21-296820,Plainte,Ahuntsic - Cartierville,Ahuntsic-Cartierville,2021-11-01T11:11:36,-73.66408023613643,45.549824033382464
21-29697,Plainte,Villeray-Saint-Michel - Parc-Extension,Villeray-Saint-Michel-Parc-Extension,2021-02-09T14:38:53,-73.59070806420819,45.56107709223965
21-297064,Plainte,Villeray-Saint-Michel - Parc-Extension,Villeray-Saint-Michel-Parc-Extension,2021-11-01T13:29:18,-73.6134136271823,45.55897950516987
21-296989,Plainte,Villeray-Saint-Michel - Parc-Extension,Villeray-Saint-Michel-Parc-Extension,2021-11-01T12:40:06,-73.63047779438965,45.54038447566481
21-297323,Plainte,Villeray-Saint-Michel - Parc-Extension,Villeray-Saint-Michel-Parc-Extension,2021-11-01T15:28:53,-73.62847971428576,45.52738308971866
21-297087,Plainte,Le Sud-Ouest,Le Sud-Ouest,2021-11-01T13:37:37,-73.58351260686807,45.4822605249263
21-29710,Plainte,Rosemont - La Petite-Patrie,Rosemont-La Petite-Patrie,2021-02-09T14:50:23,-73.55882340400929,45.54068029720323
21-29715,Plainte,Saint-Léonard,Saint-Léonard,2021-02-09T14:54:10,-73.60224491511632,45.59507061959068
21-297408,Plainte,Ville-Marie,Ville-Marie,2021-11-01T16:13:32,-73.56959994215906,45.4918094024235
21-297369,Plainte,Rosemont - La Petite-Patrie,Rosemont-La Petite-Patrie,2021-11-01T15:54:02,-73.56671570783763,45.547185146740816
21-297527,Plainte,Mercier - Hochelaga-Maisonneuve,Mercier-Hochelaga-Maisonneuve,2021-11-01T18:17:47,-73.52503216181975,45.59206224998557
21-29752,Plainte,Ville-Marie,Ville-Marie,2021-02-09T15:23:49,-73.54885520717124,45.52749494576341
21-297463,Plainte,Pierrefonds - Roxboro,Pierrefonds-Roxboro,2021-11-01T16:51:54,-73.85306744952969,45.50160499452328
21-297466,Plainte,Pierrefonds - Roxboro,Pierrefonds-Roxboro,2021-11-01T16:54:02,-73.84189412952306,45.508258195228905
21-297511,Plainte,Mercier - Hochelaga-Maisonneuve,Mercier-Hochelaga-Maisonneuve,2021-11-01T17:47:59,-73.53631509336641,45.60302671000413
21-297534,Plainte,Le Sud-Ouest,Le Sud-Ouest,2021-11-01T18:32:17,-73.56602190615054,45.478900485446765
21-297830,Plainte,Lachine,Lachine,2021-11-02T09:40:03,-73.68558880482242,45.44333820635018
21-29780,Plainte,Le Plateau-Mont-Royal,Le Plateau-Mont-Royal,2021-02-09T15:55:17,-73.59079570565522,45.525330312167895
21-297825,Plainte,Rosemont - La Petite-Patrie,Rosemont-La Petite-Patrie,2021-11-02T09:38:45,-73.56462175211165,45.54689829413171
21-297949,Plainte,LaSalle,LaSalle,2021-11-02T10:38:49,-73.63142724828047,45.42390774752887
21-29785,Plainte,Pierrefonds - Roxboro,Pierrefonds-Roxboro,2021-02-09T15:56:15,-73.8778933,45.457211165
21-298086,Plainte,Ville-Marie,Ville-Marie,2021-11-02T11:37:42,-73.5831679603905,45.493626505984224
21-298072,Plainte,Rivière-des-Prairies - Pointe-aux-Trembles,Rivière-des-Prairies-Pointe-aux-Trembles,2021-11-02T11:28:19,-73.5891131932779,45.63605450833523
21-298253,Plainte,Ahuntsic - Cartierville,Ahuntsic-Cartierville,2021-11-02T13:09:43,-73.64590268264251,45.54084196769523
21-298144,Plainte,Le Plateau-Mont-Royal,Le Plateau-Mont-Royal,2021-11-02T12:03:23,-73.57776006726313,45.52954205018391
21-298312,Plainte,Mercier - Hochelaga-Maisonneuve,Mercier-Hochelaga-Maisonneuve,2021-11-02T13:37:22,-73.54048470802668,45.55145206306181
21-298281,Plainte,Montréal-Nord,Montréal-Nord,2021-11-02T13:20:44,-73.62665512876524,45.613639132275246
21-298277,Plainte,Mercier - Hochelaga-Maisonneuve,Mercier-Hochelaga-Maisonneuve,2021-11-02T13:20:11,-73.54205167509281,45.5587833478931
21-298319,Plainte,LaSalle,LaSalle,2021-11-02T13:39:38,-73.60987434142025,45.41689731280728
21-298476,Plainte,Montréal-Nord,Montréal-Nord,2021-11-02T14:50:33,-73.62476194373178,45.60501201773904
21-299189,Plainte,Rivière-des-Prairies - Pointe-aux-Trembles,Rivière-des-Prairies-Pointe-aux-Trembles,2021-11-03T11:09:51,-73.5323417176064,45.673445155293024
21-298658,Plainte,Villeray-Saint-Michel - Parc-Extension,Villeray-Saint-Michel-Parc-Extension,2021-11-02T16:29:54,-73.63200368591662,45.5313645952651
21-298661,Plainte,Rivière-des-Prairies - Pointe-aux-Trembles,Rivière-des-Prairies-Pointe-aux-Trembles,2021-11-02T16:33:29,-73.59166816877266,45.637432968614206
21-299050,Plainte,L'Île-Bizard - Sainte-Geneviève,L'Île-Bizard-Sainte-Geneviève,2021-11-03T09:59:23,-73.87675415967438,45.50196205644458
21-29870,Plainte,Verdun,Verdun,2021-02-09T17:46:42,-73.59213277821338,45.43743101457876
21-298671,Plainte,Lachine,Lachine,2021-11-02T16:44:26,-73.67088902980456,45.44099643378853
21-298771,Plainte,Le Plateau-Mont-Royal,Le Plateau-Mont-Royal,2021-11-02T19:08:32,-73.56535093083698,45.53485474490703
21-298918,Plainte,Villeray-Saint-Michel - Parc-Extension,Villeray-Saint-Michel-Parc-Extension,2021-11-03T08:57:38,-73.60429586609547,45.55105821685776
21-299108,Plainte,Ville-Marie,Ville-Marie,2021-11-03T10:28:04,-73.56315309634427,45.53036272401725
21-299122,Plainte,Ville-Marie,Ville-Marie,2021-11-03T10:34:09,-73.55045838402869,45.52903207654197
21-299344,Plainte,Saint-Léonard,Saint-Léonard,2021-11-03T12:50:08,-73.59773083870645,45.58428894016698
21-299282,Plainte,Rivière-des-Prairies - Pointe-aux-Trembles,Rivière-des-Prairies-Pointe-aux-Trembles,2021-11-03T12:04:57,-73.56636226620584,45.656509017603256
21-299413,Plainte,Villeray-Saint-Michel - Parc-Extension,Villeray-Saint-Michel-Parc-Extension,2021-11-03T13:33:07,-73.61813943990224,45.55199459029368
21-299357,Plainte,Côte-des-Neiges - Notre-Dame-de-Grâce,Côte-des-Neiges-Notre-Dame-de-Grâce,2021-11-03T13:00:14,-73.631279394,45.513373339
21-299521,Plainte,Ville-Marie,Ville-Marie,2021-11-03T14:35:21,-73.556471581,45.531953962
21-299475,Plainte,Rosemont - La Petite-Patrie,Rosemont-La Petite-Patrie,2021-11-03T14:10:22,-73.61156547098271,45.53996713862055
21-299463,Plainte,Côte-des-Neiges - Notre-Dame-de-Grâce,Côte-des-Neiges-Notre-Dame-de-Grâce,2021-11-03T14:04:52,-73.63041609384503,45.49536701346814
21-300084,Plainte,LaSalle,LaSalle,2021-11-04T09:28:57,-73.6604937934585,45.42887352016884
21-299559,Plainte,Côte-des-Neiges - Notre-Dame-de-Grâce,Côte-des-Neiges-Notre-Dame-de-Grâce,2021-11-03T14:58:16,-73.64382343014985,45.497129030787725
21-29999,Plainte,Rivière-des-Prairies - Pointe-aux-Trembles,Rivière-des-Prairies-Pointe-aux-Trembles,2021-02-10T09:02:53,-73.59778071088407,45.61845273713721
21-300010,Plainte,Côte-des-Neiges - Notre-Dame-de-Grâce,Côte-des-Neiges-Notre-Dame-de-Grâce,2021-11-04T08:56:46,-73.6197841020836,45.50224187692076
21-299690,Plainte,Montréal-Nord,Montréal-Nord,2021-11-03T16:15:05,-73.63970931228276,45.59685821245564
21-299716,Plainte,Saint-Laurent,Saint-Laurent,2021-11-03T16:35:47,-73.74167115242945,45.50971650723879
21-3000,Plainte,Villeray-Saint-Michel - Parc-Extension,Villeray-Saint-Michel-Parc-Extension,2021-01-06T08:37:36,-73.624845372,45.546443374
21-30005,Plainte,Pierrefonds - Roxboro,Pierrefonds-Roxboro,2021-02-10T09:10:01,-73.89606502936758,45.45932402120588
21-300100,Plainte,Pierrefonds - Roxboro,Pierrefonds-Roxboro,2021-11-04T09:34:06,-73.85328239396067,45.50745809378306
21-300089,Plainte,Rosemont - La Petite-Patrie,Rosemont-La Petite-Patrie,2021-11-04T09:30:02,-73.56433254133952,45.57645943999973
21-300154,Plainte,Ahuntsic - Cartierville,Ahuntsic-Cartierville,2021-11-04T09:59:38,-73.6542140145092,45.56342247353584
21-300156,Plainte,Le Plateau-Mont-Royal,Le Plateau-Mont-Royal,2021-11-04T10:00:37,-73.57917331149149,45.51562003777521
21-300199,Plainte,Ville-Marie,Ville-Marie,2021-11-04T10:21:40,-73.55882857370764,45.51669669617837
21-300165,Plainte,Le Plateau-Mont-Royal,Le Plateau-Mont-Royal,2021-11-04T10:04:44,-73.57917331149149,45.51562003777521
21-300200,Plainte,Le Plateau-Mont-Royal,Le Plateau-Mont-Royal,2021-11-04T10:22:04,-73.57396437609997,45.50917853453356
21-300322,Plainte,LaSalle,LaSalle,2021-11-04T11:15:46,-73.63294553813361,45.42116562869754
21-300284,Plainte,Ville-Marie,Ville-Marie,2021-11-04T10:58:59,-73.55759163344693,45.52025846645412
21-30029,Plainte,Côte-des-Neiges - Notre-Dame-de-Grâce,Côte-des-Neiges-Notre-Dame-de-Grâce,2021-02-10T09:32:23,-73.644923402001,45.49742763497407
21-300559,Plainte,Montréal-Nord,Montréal-Nord,2021-11-04T13:44:45,-73.61285639471218,45.61253460661547
21-300362,Plainte,Pierrefonds - Roxboro,Pierrefonds-Roxboro,2021-11-04T11:33:27,-73.84808088160436,45.50375445740252
21-300343,Plainte,Ahuntsic - Cartierville,Ahuntsic-Cartierville,2021-11-04T11:26:36,-73.69696856,45.544173025
21-300594,Plainte,Côte-des-Neiges - Notre-Dame-de-Grâce,Côte-des-Neiges-Notre-Dame-de-Grâce,2021-11-04T14:03:01,-73.62738984143277,45.51566360402387
21-300568,Plainte,Montréal-Nord,Montréal-Nord,2021-11-04T13:47:33,-73.619952298,45.613154477
21-300952,Plainte,Le Plateau-Mont-Royal,Le Plateau-Mont-Royal,2021-11-04T18:48:10,-73.56585624,45.53860601
21-300782,Plainte,LaSalle,LaSalle,2021-11-04T15:53:58,-73.63170476132044,45.42626008408672
21-300875,Plainte,LaSalle,LaSalle,2021-11-04T16:48:35,-73.59720489367281,45.43313018168497
21-300602,Plainte,Côte-des-Neiges - Notre-Dame-de-Grâce,Côte-des-Neiges-Notre-Dame-de-Grâce,2021-11-04T14:09:02,-73.65190912096955,45.49537359554511
21-30082,Plainte,LaSalle,LaSalle,2021-02-10T10:10:03,-73.59217574000317,45.4319800820621
21-301052,Plainte,Montréal-Nord,Montréal-Nord,2021-11-05T08:41:52,-73.62627349364445,45.598045623061445
21-30102,Plainte,Mercier - Hochelaga-Maisonneuve,Mercier-Hochelaga-Maisonneuve,2021-02-10T10:19:41,-73.56207451209171,45.58197655108541
21-301140,Plainte,Rosemont - La Petite-Patrie,Rosemont-La Petite-Patrie,2021-11-05T09:15:33,-73.56132948726061,45.57644899895371
21-301101,Plainte,Le Sud-Ouest,Le Sud-Ouest,2021-11-05T09:01:54,-73.5878987851685,45.46325482287834
21-301214,Plainte,Outremont,Outremont,2021-11-05T09:51:06,-73.616207506,45.519014364
21-301177,Plainte,Le Plateau-Mont-Royal,Le Plateau-Mont-Royal,2021-11-05T09:33:14,-73.57843871940517,45.523340696899545
21-301207,Plainte,Rivière-des-Prairies - Pointe-aux-Trembles,Rivière-des-Prairies-Pointe-aux-Trembles,2021-11-05T09:48:41,-73.51147961649717,45.65885413662363
21-301216,Plainte,Outremont,Outremont,2021-11-05T09:51:15,-73.60118940271047,45.51983122132616
21-301222,Plainte,Le Plateau-Mont-Royal,Le Plateau-Mont-Royal,2021-11-05T09:55:25,-73.580629675,45.519155454
21-30126,Plainte,Rivière-des-Prairies - Pointe-aux-Trembles,Rivière-des-Prairies-Pointe-aux-Trembles,2021-02-10T10:32:40,-73.48906573994753,45.69523555061908
21-301309,Plainte,Villeray-Saint-Michel - Parc-Extension,Villeray-Saint-Michel-Parc-Extension,2021-11-05T10:42:37,-73.64687149217902,45.53298184298857
21-301372,Plainte,Villeray-Saint-Michel - Parc-Extension,Villeray-Saint-Michel-Parc-Extension,2021-11-05T11:13:19,-73.6263526648466,45.53820333297013
21-301345,Plainte,Rivière-des-Prairies - Pointe-aux-Trembles,Rivière-des-Prairies-Pointe-aux-Trembles,2021-11-05T10:59:23,-73.57511722019052,45.63995605096638
21-301430,Plainte,Rivière-des-Prairies - Pointe-aux-Trembles,Rivière-des-Prairies-Pointe-aux-Trembles,2021-11-05T11:38:55,-73.51384877669564,45.66722992166153
21-3017,Plainte,Mercier - Hochelaga-Maisonneuve,Mercier-Hochelaga-Maisonneuve,2021-01-06T08:46:01,-73.5254473278032,45.60024672387906
21-30167,Plainte,Ville-Marie,Ville-Marie,2021-02-10T11:01:56,-73.55002566741832,45.527316611004
21-30180,Plainte,Ville-Marie,Ville-Marie,2021-02-10T11:13:31,-73.56013056301478,45.50657722692441
21-30176,Plainte,Rosemont - La Petite-Patrie,Rosemont-La Petite-Patrie,2021-02-10T11:07:59,-73.57258310521942,45.557780764957705
21-301763,Plainte,Ville-Marie,Ville-Marie,2021-11-05T15:11:23,-73.57895260128925,45.492808583162514
21-30187,Plainte,LaSalle,LaSalle,2021-02-10T11:20:35,-73.6604937934585,45.42887352016884
21-301870,Plainte,Montréal-Nord,Montréal-Nord,2021-11-05T16:16:30,-73.62578101030266,45.598303854196416
21-301916,Plainte,Saint-Léonard,Saint-Léonard,2021-11-05T17:28:39,-73.59720796446518,45.60612226994406
21-301919,Plainte,Le Plateau-Mont-Royal,Le Plateau-Mont-Royal,2021-11-05T17:36:35,-73.57874496799946,45.52483125365176
21-301929,Plainte,Ville-Marie,Ville-Marie,2021-11-05T17:54:17,-73.5547859186572,45.52217053522646
21-302643,Plainte,Mercier - Hochelaga-Maisonneuve,Mercier-Hochelaga-Maisonneuve,2021-11-08T08:55:12,-73.53929545002377,45.57660641085839
21-302202,Plainte,Villeray-Saint-Michel - Parc-Extension,Villeray-Saint-Michel-Parc-Extension,2021-11-06T15:11:21,-73.60993882631674,45.57590802597489
21-30235,Plainte,Lachine,Lachine,2021-02-10T12:03:28,-73.68110688473027,45.432960569267664
21-30250,Plainte,Rivière-des-Prairies - Pointe-aux-Trembles,Rivière-des-Prairies-Pointe-aux-Trembles,2021-02-10T12:13:28,-73.56738186638701,45.65693219827712
21-302633,Plainte,Ahuntsic - Cartierville,Ahuntsic-Cartierville,2021-11-08T08:51:20,-73.71819620924052,45.5304282683666
21-302731,Plainte,Villeray-Saint-Michel - Parc-Extension,Villeray-Saint-Michel-Parc-Extension,2021-11-08T09:31:44,-73.6236856283433,45.54306128377154
21-302790,Plainte,Le Sud-Ouest,Le Sud-Ouest,2021-11-08T09:54:58,-73.5981655378829,45.46157092426184
21-302773,Plainte,L'Île-Bizard - Sainte-Geneviève,L'Île-Bizard-Sainte-Geneviève,2021-11-08T09:48:10,-73.8655968396902,45.5089009127956
21-302856,Plainte,L'Île-Bizard - Sainte-Geneviève,L'Île-Bizard-Sainte-Geneviève,2021-11-08T10:25:37,-73.87232080786498,45.49398902228989
21-302777,Plainte,Villeray-Saint-Michel - Parc-Extension,Villeray-Saint-Michel-Parc-Extension,2021-11-08T09:50:09,-73.60677657428901,45.55999971900168
21-303,Plainte,Rosemont - La Petite-Patrie,Rosemont-La Petite-Patrie,2021-01-02T11:53:43,-73.56501855250428,45.5739749493192
21-30314,Plainte,LaSalle,LaSalle,2021-02-10T13:13:52,-73.6604937934585,45.42887352016884
21-302874,Plainte,Le Plateau-Mont-Royal,Le Plateau-Mont-Royal,2021-11-08T10:31:02,-73.575020828,45.523459963
21-302968,Plainte,Côte-des-Neiges - Notre-Dame-de-Grâce,Côte-des-Neiges-Notre-Dame-de-Grâce,2021-11-08T11:01:57,-73.63378853717516,45.47279407453389
21-302988,Plainte,Rivière-des-Prairies - Pointe-aux-Trembles,Rivière-des-Prairies-Pointe-aux-Trembles,2021-11-08T11:08:31,-73.59988866787361,45.624393156627285
21-303059,Plainte,Mercier - Hochelaga-Maisonneuve,Mercier-Hochelaga-Maisonneuve,2021-11-08T11:37:50,-73.55070589431342,45.54800813433694
21-303099,Plainte,Ahuntsic - Cartierville,Ahuntsic-Cartierville,2021-11-08T11:59:30,-73.63282824036122,45.55857059982382
21-303079,Plainte,Ahuntsic - Cartierville,Ahuntsic-Cartierville,2021-11-08T11:47:41,-73.65540900476358,45.56140994612258
21-303147,Plainte,Rivière-des-Prairies - Pointe-aux-Trembles,Rivière-des-Prairies-Pointe-aux-Trembles,2021-11-08T12:27:11,-73.49834567574605,45.67226848953816
21-30312,Plainte,Rivière-des-Prairies - Pointe-aux-Trembles,Rivière-des-Prairies-Pointe-aux-Trembles,2021-02-10T13:12:31,-73.5350885138629,45.67464325263262
21-303122,Plainte,Le Plateau-Mont-Royal,Le Plateau-Mont-Royal,2021-11-08T12:11:11,-73.565853273,45.531182447
21-303157,Plainte,Ville-Marie,Ville-Marie,2021-11-08T12:32:07,-73.57572746090386,45.4951987493507
21-303180,Plainte,Le Plateau-Mont-Royal,Le Plateau-Mont-Royal,2021-11-08T12:52:29,-73.565853273,45.531182447
21-303162,Plainte,Anjou,Anjou,2021-11-08T12:38:30,-73.57675622394748,45.60536502178551
21-303184,Plainte,Le Plateau-Mont-Royal,Le Plateau-Mont-Royal,2021-11-08T12:54:40,-73.58464090880868,45.53556689472209
21-303883,Plainte,Ville-Marie,Ville-Marie,2021-11-09T08:42:39,-73.55001713203056,45.52658821414924
21-303360,Plainte,Rosemont - La Petite-Patrie,Rosemont-La Petite-Patrie,2021-11-08T14:15:38,-73.57540062905234,45.54306991358919
21-30342,Plainte,Pierrefonds - Roxboro,Pierrefonds-Roxboro,2021-02-10T13:29:47,-73.7684983607384,45.506901150692784
21-303474,Plainte,Le Plateau-Mont-Royal,Le Plateau-Mont-Royal,2021-11-08T15:08:10,-73.60045022251965,45.5223927665117
21-303521,Plainte,Ahuntsic - Cartierville,Ahuntsic-Cartierville,2021-11-08T15:34:12,-73.67974116095932,45.5331528682534
21-303831,Plainte,Verdun,Verdun,2021-11-09T07:49:18,-73.5662482602396,45.45532527958805
21-303211,Plainte,Villeray-Saint-Michel - Parc-Extension,Villeray-Saint-Michel-Parc-Extension,2021-11-08T13:09:37,-73.62751814416049,45.52901190906467
21-303215,Plainte,Le Plateau-Mont-Royal,Le Plateau-Mont-Royal,2021-11-08T13:10:09,-73.58865661958728,45.5222145155142
21-303906,Plainte,Villeray-Saint-Michel - Parc-Extension,Villeray-Saint-Michel-Parc-Extension,2021-11-09T08:48:25,-73.61602143030574,45.54199761109153
21-30479,Plainte,Ahuntsic - Cartierville,Ahuntsic-Cartierville,2021-02-10T15:22:02,-73.66909790226515,45.556277579722654
21-303961,Plainte,Le Plateau-Mont-Royal,Le Plateau-Mont-Royal,2021-11-09T09:08:51,-73.565205478,45.52952744
21-304006,Plainte,Ahuntsic - Cartierville,Ahuntsic-Cartierville,2021-11-09T09:22:17,-73.6979833533888,45.54056120187501
21-304044,Plainte,Rivière-des-Prairies - Pointe-aux-Trembles,Rivière-des-Prairies-Pointe-aux-Trembles,2021-11-09T09:36:00,-73.51067340789663,45.65938666309045
21-304070,Plainte,Ville-Marie,Ville-Marie,2021-11-09T09:44:00,-73.55335534697171,45.50572274290728
21-304299,Plainte,Le Sud-Ouest,Le Sud-Ouest,2021-11-09T11:01:41,-73.561816762,45.475558579
21-304322,Plainte,Ville-Marie,Ville-Marie,2021-11-09T11:12:16,-73.5528043577664,45.50788192354612
21-304121,Plainte,Le Sud-Ouest,Le Sud-Ouest,2021-11-09T09:58:55,-73.58235849329702,45.472668441126544
21-304319,Plainte,Rosemont - La Petite-Patrie,Rosemont-La Petite-Patrie,2021-11-09T11:10:30,-73.57401997777345,45.55260283512606
21-304579,Plainte,Le Plateau-Mont-Royal,Le Plateau-Mont-Royal,2021-11-09T13:29:22,-73.57809695537956,45.53553329265285
21-304749,Plainte,Pierrefonds - Roxboro,Pierrefonds-Roxboro,2021-11-09T14:46:31,-73.85551867041593,45.48753112693832
21-304871,Plainte,Ville-Marie,Ville-Marie,2021-11-09T15:41:36,-73.55815508815739,45.49997716884119
21-304850,Plainte,Le Plateau-Mont-Royal,Le Plateau-Mont-Royal,2021-11-09T15:29:11,-73.590884634,45.531889699
21-304854,Plainte,Le Plateau-Mont-Royal,Le Plateau-Mont-Royal,2021-11-09T15:31:05,-73.590884634,45.531889699
21-304856,Plainte,Le Plateau-Mont-Royal,Le Plateau-Mont-Royal,2021-11-09T15:33:03,-73.590884634,45.531889699
21-304859,Plainte,LaSalle,LaSalle,2021-11-09T15:33:58,-73.613686114,45.436610664
21-304997,Plainte,Ville-Marie,Ville-Marie,2021-11-09T17:16:46,-73.55313991,45.53244887
21-304932,Plainte,Rosemont - La Petite-Patrie,Rosemont-La Petite-Patrie,2021-11-09T16:19:57,-73.57540062905234,45.54306991358919
21-304988,Plainte,Montréal-Nord,Montréal-Nord,2021-11-09T17:06:30,-73.64175139336207,45.592543875788685
21-305061,Plainte,Outremont,Outremont,2021-11-09T19:34:38,-73.62077876885267,45.5195419108078
21-305004,Plainte,Le Plateau-Mont-Royal,Le Plateau-Mont-Royal,2021-11-09T17:30:13,-73.57266169161421,45.515842816673
21-305049,Plainte,Saint-Laurent,Saint-Laurent,2021-11-09T18:52:39,-73.69001173345612,45.52875873152144
21-30509,Plainte,Côte-des-Neiges - Notre-Dame-de-Grâce,Côte-des-Neiges-Notre-Dame-de-Grâce,2021-02-10T15:49:43,-73.629646292,45.509119411
21-30510,Plainte,Rivière-des-Prairies - Pointe-aux-Trembles,Rivière-des-Prairies-Pointe-aux-Trembles,2021-02-10T15:52:45,-73.48914195112992,45.69686651985524
21-30533,Plainte,Verdun,Verdun,2021-02-10T16:22:20,-73.57791100980998,45.45714534111998
21-30515,Plainte,Rivière-des-Prairies - Pointe-aux-Trembles,Rivière-des-Prairies-Pointe-aux-Trembles,2021-02-10T15:55:16,-73.59988866787361,45.624393156627285
21-30524,Plainte,Le Plateau-Mont-Royal,Le Plateau-Mont-Royal,2021-02-10T16:09:04,-73.59996331929938,45.52293578590578
21-305296,Plainte,Rivière-des-Prairies - Pointe-aux-Trembles,Rivière-des-Prairies-Pointe-aux-Trembles,2021-11-10T09:39:52,-73.53640287757318,45.67193146603346
21-30557,Plainte,Côte-des-Neiges - Notre-Dame-de-Grâce,Côte-des-Neiges-Notre-Dame-de-Grâce,2021-02-10T16:48:56,-73.61670548842486,45.46688024257414
21-305399,Plainte,Ahuntsic - Cartierville,Ahuntsic-Cartierville,2021-11-10T10:28:59,-73.65477178595232,45.58051188246604
21-30546,Plainte,Ahuntsic - Cartierville,Ahuntsic-Cartierville,2021-02-10T16:37:51,-73.6601711481708,45.56438563818433
21-305485,Plainte,Villeray-Saint-Michel - Parc-Extension,Villeray-Saint-Michel-Parc-Extension,2021-11-10T11:15:03,-73.62751814416049,45.52901190906467
21-305554,Plainte,Le Sud-Ouest,Le Sud-Ouest,2021-11-10T11:50:15,-73.575361501,45.480793917
21-305600,Plainte,Villeray-Saint-Michel - Parc-Extension,Villeray-Saint-Michel-Parc-Extension,2021-11-10T12:07:52,-73.61751966807176,45.53880068533832
21-30558,Plainte,Ahuntsic - Cartierville,Ahuntsic-Cartierville,2021-02-10T16:50:52,-73.66251417386087,45.564291838340665
21-305678,Plainte,Pierrefonds - Roxboro,Pierrefonds-Roxboro,2021-11-10T13:06:59,-73.85551867041593,45.48753112693832
21-305666,Plainte,Côte-des-Neiges - Notre-Dame-de-Grâce,Côte-des-Neiges-Notre-Dame-de-Grâce,2021-11-10T12:59:42,-73.62023204318206,45.46857740642958
21-305822,Plainte,Rivière-des-Prairies - Pointe-aux-Trembles,Rivière-des-Prairies-Pointe-aux-Trembles,2021-11-10T14:17:18,-73.57618554386057,45.64096274787684
21-305814,Plainte,Ville-Marie,Ville-Marie,2021-11-10T14:14:06,-73.55882857370764,45.51669669617837
21-305974,Plainte,Ahuntsic - Cartierville,Ahuntsic-Cartierville,2021-11-10T15:26:52,-73.6361912189994,45.55496618967768
21-306171,Plainte,Saint-Laurent,Saint-Laurent,2021-11-10T18:45:54,-73.74167115242945,45.50971650723879
21-30661,Plainte,Montréal-Nord,Montréal-Nord,2021-02-11T08:27:16,-73.63800695286047,45.59524251160615
21-306359,Plainte,Pierrefonds - Roxboro,Pierrefonds-Roxboro,2021-11-11T09:01:25,-73.77204402758989,45.50529915366474
21-3066,Plainte,Rosemont - La Petite-Patrie,Rosemont-La Petite-Patrie,2021-01-06T09:16:29,-73.584067647,45.560341577
21-306773,Plainte,Pierrefonds - Roxboro,Pierrefonds-Roxboro,2021-11-11T12:20:11,-73.80050483432218,45.50051373878041
21-306753,Plainte,Villeray-Saint-Michel - Parc-Extension,Villeray-Saint-Michel-Parc-Extension,2021-11-11T12:07:31,-73.62475354113015,45.52992252243281
21-306974,Plainte,Côte-des-Neiges - Notre-Dame-de-Grâce,Côte-des-Neiges-Notre-Dame-de-Grâce,2021-11-11T14:18:14,-73.61995888909534,45.47741073250124
21-306993,Plainte,Rivière-des-Prairies - Pointe-aux-Trembles,Rivière-des-Prairies-Pointe-aux-Trembles,2021-11-11T14:26:41,-73.58419490471037,45.632781557568215
21-306979,Plainte,Mercier - Hochelaga-Maisonneuve,Mercier-Hochelaga-Maisonneuve,2021-11-11T14:21:22,-73.5093674986337,45.609278232210414
21-306982,Plainte,Rosemont - La Petite-Patrie,Rosemont-La Petite-Patrie,2021-11-11T14:21:49,-73.556539056,45.549293789
21-307015,Plainte,Côte-des-Neiges - Notre-Dame-de-Grâce,Côte-des-Neiges-Notre-Dame-de-Grâce,2021-11-11T14:38:29,-73.6206994834993,45.49981813000475
21-307189,Plainte,Le Sud-Ouest,Le Sud-Ouest,2021-11-11T15:59:15,-73.56566784378091,45.47410404906928
21-30708,Plainte,Rivière-des-Prairies - Pointe-aux-Trembles,Rivière-des-Prairies-Pointe-aux-Trembles,2021-02-11T09:05:40,-73.56245777859,45.663004912575545
21-307080,Plainte,Le Sud-Ouest,Le Sud-Ouest,2021-11-11T15:07:17,-73.58357898317561,45.458423698653085
21-307138,Plainte,Ahuntsic - Cartierville,Ahuntsic-Cartierville,2021-11-11T15:34:21,-73.69733420410573,45.52912643309499
21-307232,Plainte,Rosemont - La Petite-Patrie,Rosemont-La Petite-Patrie,2021-11-11T16:52:05,-73.615735609,45.533507387
21-30726,Plainte,Le Plateau-Mont-Royal,Le Plateau-Mont-Royal,2021-02-11T09:17:52,-73.57557167828934,45.507331820750665
21-307261,Plainte,Côte-des-Neiges - Notre-Dame-de-Grâce,Côte-des-Neiges-Notre-Dame-de-Grâce,2021-11-11T17:40:44,-73.65302322844491,45.45809780643308
21-307276,Plainte,Ahuntsic - Cartierville,Ahuntsic-Cartierville,2021-11-11T18:16:46,-73.64297591514243,45.57150138382317
21-307852,Plainte,Rosemont - La Petite-Patrie,Rosemont-La Petite-Patrie,2021-11-12T12:27:52,-73.61137788164365,45.53394381426592
21-30770,Plainte,Villeray-Saint-Michel - Parc-Extension,Villeray-Saint-Michel-Parc-Extension,2021-02-11T09:46:38,-73.60879478941855,45.54871091317428
21-307781,Plainte,Ahuntsic - Cartierville,Ahuntsic-Cartierville,2021-11-12T11:46:34,-73.68200694415317,45.54173473511275
21-307310,Plainte,Côte-des-Neiges - Notre-Dame-de-Grâce,Côte-des-Neiges-Notre-Dame-de-Grâce,2021-11-11T20:24:14,-73.61683535134874,45.49458448413323
21-307519,Plainte,Verdun,Verdun,2021-11-12T09:37:30,-73.57460652141216,45.450840847315945
21-308030,Plainte,Mercier - Hochelaga-Maisonneuve,Mercier-Hochelaga-Maisonneuve,2021-11-12T14:14:23,-73.55591428669246,45.58773173880935
21-307899,Plainte,Lachine,Lachine,2021-11-12T13:01:07,-73.69973533550471,45.44026675424092
21-30799,Plainte,Villeray-Saint-Michel - Parc-Extension,Villeray-Saint-Michel-Parc-Extension,2021-02-11T10:10:20,-73.61842071785233,45.54018878370615
21-307879,Plainte,Saint-Léonard,Saint-Léonard,2021-11-12T12:48:45,-73.59773083870645,45.58428894016698
21-307880,Plainte,Le Plateau-Mont-Royal,Le Plateau-Mont-Royal,2021-11-12T12:48:47,-73.56359524569264,45.53189475134297
21-308032,Plainte,Mercier - Hochelaga-Maisonneuve,Mercier-Hochelaga-Maisonneuve,2021-11-12T14:14:44,-73.55591428669246,45.58773173880935
21-308035,Plainte,Outremont,Outremont,2021-11-12T14:17:04,-73.59951486953933,45.51679837719467
21-308128,Plainte,Pierrefonds - Roxboro,Pierrefonds-Roxboro,2021-11-12T15:26:33,-73.81387157592582,45.50730770695132
21-308094,Plainte,Lachine,Lachine,2021-11-12T14:57:58,-73.683444567,45.433419937
21-308181,Plainte,Le Plateau-Mont-Royal,Le Plateau-Mont-Royal,2021-11-12T16:16:49,-73.56916739695598,45.5308737315089
21-308172,Plainte,Rivière-des-Prairies - Pointe-aux-Trembles,Rivière-des-Prairies-Pointe-aux-Trembles,2021-11-12T16:03:52,-73.57350700865744,45.65377264316325
21-308203,Plainte,Rosemont - La Petite-Patrie,Rosemont-La Petite-Patrie,2021-11-12T16:48:55,-73.561461289,45.550326787
21-308196,Plainte,Villeray-Saint-Michel - Parc-Extension,Villeray-Saint-Michel-Parc-Extension,2021-11-12T16:30:37,-73.62751814416049,45.52901190906467
21-30961,Plainte,LaSalle,LaSalle,2021-02-11T12:28:24,-73.64402511677015,45.42727194305584
21-308310,Plainte,Rosemont - La Petite-Patrie,Rosemont-La Petite-Patrie,2021-11-13T09:07:24,-73.58161939223176,45.554926333532194
21-308331,Plainte,Rosemont - La Petite-Patrie,Rosemont-La Petite-Patrie,2021-11-13T09:54:20,-73.57262079054063,45.54871366870065
21-30836,Plainte,Anjou,Anjou,2021-02-11T10:42:22,-73.58613941164009,45.60647348394351
21-308226,Plainte,Villeray-Saint-Michel - Parc-Extension,Villeray-Saint-Michel-Parc-Extension,2021-11-12T17:14:13,-73.61572623476779,45.542325146023096
21-3083,Plainte,Côte-des-Neiges - Notre-Dame-de-Grâce,Côte-des-Neiges-Notre-Dame-de-Grâce,2021-01-06T09:25:31,-73.65197193631208,45.459416310764
21-30830,Plainte,Ahuntsic - Cartierville,Ahuntsic-Cartierville,2021-02-11T10:36:05,-73.65384271,45.571495417
21-30835,Plainte,LaSalle,LaSalle,2021-02-11T10:41:58,-73.652297532,45.425623479
21-308506,Plainte,Rivière-des-Prairies - Pointe-aux-Trembles,Rivière-des-Prairies-Pointe-aux-Trembles,2021-11-13T23:16:53,-73.50504629748774,45.64678042351655
21-30851,Plainte,Le Plateau-Mont-Royal,Le Plateau-Mont-Royal,2021-02-11T10:50:06,-73.57274302539442,45.51050892964095
21-308741,Plainte,Ahuntsic - Cartierville,Ahuntsic-Cartierville,2021-11-15T08:37:14,-73.70951964145304,45.524386705965455
21-308597,Plainte,Villeray-Saint-Michel - Parc-Extension,Villeray-Saint-Michel-Parc-Extension,2021-11-14T13:33:46,-73.59880589883787,45.5690079084221
21-308589,Plainte,Ahuntsic - Cartierville,Ahuntsic-Cartierville,2021-11-14T13:08:38,-73.6547531632083,45.57854759248698
21-309014,Plainte,Rosemont - La Petite-Patrie,Rosemont-La Petite-Patrie,2021-11-15T10:50:40,-73.5963714033246,45.54345280014518
21-308766,Plainte,Le Sud-Ouest,Le Sud-Ouest,2021-11-15T08:49:21,-73.5578118639883,45.49088980342688
21-308787,Plainte,Rivière-des-Prairies - Pointe-aux-Trembles,Rivière-des-Prairies-Pointe-aux-Trembles,2021-11-15T08:57:10,-73.49215502958758,45.679109707497965
21-30884,Plainte,Pierrefonds - Roxboro,Pierrefonds-Roxboro,2021-02-11T11:05:04,-73.78308648609912,45.50429263161487
21-309126,Plainte,Le Plateau-Mont-Royal,Le Plateau-Mont-Royal,2021-11-15T11:41:10,-73.57105690616392,45.51855496977406
21-309145,Plainte,Rosemont - La Petite-Patrie,Rosemont-La Petite-Patrie,2021-11-15T11:47:33,-73.56938586067103,45.54986487899091
21-30915,Plainte,Ahuntsic - Cartierville,Ahuntsic-Cartierville,2021-02-11T11:36:29,-73.65966027468322,45.56645737957968
21-309172,Plainte,Ahuntsic - Cartierville,Ahuntsic-Cartierville,2021-11-15T12:06:37,-73.64692873192958,45.54216541187122
21-309166,Plainte,Verdun,Verdun,2021-11-15T11:59:59,-73.57988226114787,45.45041703724517
21-309293,Plainte,Ville-Marie,Ville-Marie,2021-11-15T13:30:51,-73.55335534697171,45.50572274290728
21-309432,Plainte,Montréal-Nord,Montréal-Nord,2021-11-15T14:33:55,-73.61658710977355,45.61218948971588
21-309309,Plainte,Ville-Marie,Ville-Marie,2021-11-15T13:42:53,-73.55335534697171,45.50572274290728
21-309424,Plainte,Le Plateau-Mont-Royal,Le Plateau-Mont-Royal,2021-11-15T14:30:50,-73.58354786406453,45.53370069102332
21-310449,Plainte,L'Île-Bizard - Sainte-Geneviève,L'Île-Bizard-Sainte-Geneviève,2021-11-16T14:23:54,-73.9012233686761,45.51407934640226
21-30952,Plainte,Rosemont - La Petite-Patrie,Rosemont-La Petite-Patrie,2021-02-11T12:16:42,-73.5768082709393,45.57146046277396
21-309544,Plainte,Rivière-des-Prairies - Pointe-aux-Trembles,Rivière-des-Prairies-Pointe-aux-Trembles,2021-11-15T15:36:06,-73.54644547151298,45.659796605776855
21-309674,Plainte,Lachine,Lachine,2021-11-15T17:46:06,-73.700866945,45.441903242
21-310195,Plainte,Rivière-des-Prairies - Pointe-aux-Trembles,Rivière-des-Prairies-Pointe-aux-Trembles,2021-11-16T11:45:58,-73.49005702193595,45.655057408063655
21-310214,Plainte,Mercier - Hochelaga-Maisonneuve,Mercier-Hochelaga-Maisonneuve,2021-11-16T11:55:49,-73.54182684640841,45.60054748440625
21-310373,Plainte,Le Plateau-Mont-Royal,Le Plateau-Mont-Royal,2021-11-16T13:44:34,-73.59211071585254,45.52272832400998
21-310459,Plainte,Ahuntsic - Cartierville,Ahuntsic-Cartierville,2021-11-16T14:29:10,-73.69656174390427,45.5309023192422
21-310495,Plainte,Montréal-Nord,Montréal-Nord,2021-11-16T14:51:27,-73.623304516,45.591762031
21-309701,Plainte,Montréal-Nord,Montréal-Nord,2021-11-15T19:06:31,-73.63423162147727,45.58634309239963
21-310053,Plainte,L'Île-Bizard - Sainte-Geneviève,L'Île-Bizard-Sainte-Geneviève,2021-11-16T10:38:40,-73.86918361330876,45.481191648532366
21-310219,Plainte,Saint-Léonard,Saint-Léonard,2021-11-16T11:58:03,-73.59773083870645,45.58428894016698
21-310256,Plainte,Mercier - Hochelaga-Maisonneuve,Mercier-Hochelaga-Maisonneuve,2021-11-16T12:33:13,-73.55619989263072,45.54563048069493
21-310444,Plainte,Ahuntsic - Cartierville,Ahuntsic-Cartierville,2021-11-16T14:20:00,-73.70545377881768,45.52921741652817
21-31055,Plainte,Lachine,Lachine,2021-02-11T13:56:39,-73.69131368453532,45.43977889348469
21-310655,Plainte,Villeray-Saint-Michel - Parc-Extension,Villeray-Saint-Michel-Parc-Extension,2021-11-16T16:49:27,-73.59327048575688,45.562275689798966
21-310684,Plainte,Ahuntsic - Cartierville,Ahuntsic-Cartierville,2021-11-16T17:36:19,-73.66654272696046,45.559418830522304
21-310772,Plainte,Le Plateau-Mont-Royal,Le Plateau-Mont-Royal,2021-11-16T21:48:56,-73.57947471479983,45.52591563713058
21-310665,Plainte,Mercier - Hochelaga-Maisonneuve,Mercier-Hochelaga-Maisonneuve,2021-11-16T16:58:20,-73.541252906,45.550247157
21-311183,Plainte,Montréal-Nord,Montréal-Nord,2021-11-17T11:04:19,-73.61046666561725,45.61537618825312
21-311005,Plainte,Ahuntsic - Cartierville,Ahuntsic-Cartierville,2021-11-17T09:45:53,-73.657318962,45.552065917
21-311098,Plainte,Le Plateau-Mont-Royal,Le Plateau-Mont-Royal,2021-11-17T10:33:03,-73.5699719051348,45.523418845386566
21-310925,Plainte,Pierrefonds - Roxboro,Pierrefonds-Roxboro,2021-11-17T09:07:36,-73.87311223824739,45.458706752230135
21-311337,Plainte,Rosemont - La Petite-Patrie,Rosemont-La Petite-Patrie,2021-11-17T12:48:11,-73.56632555,45.547836866
21-311220,Plainte,Le Plateau-Mont-Royal,Le Plateau-Mont-Royal,2021-11-17T11:24:02,-73.571415454,45.511683853
21-311636,Plainte,Ville-Marie,Ville-Marie,2021-11-17T15:42:37,-73.55113251325062,45.52299854910899
21-311532,Plainte,Villeray-Saint-Michel - Parc-Extension,Villeray-Saint-Michel-Parc-Extension,2021-11-17T14:45:21,-73.64341959452226,45.53453467309865
21-311379,Plainte,Le Plateau-Mont-Royal,Le Plateau-Mont-Royal,2021-11-17T13:14:50,-73.571775282,45.518890374
21-311558,Plainte,Le Plateau-Mont-Royal,Le Plateau-Mont-Royal,2021-11-17T15:01:15,-73.56608703949502,45.53094933290968
21-31156,Plainte,Lachine,Lachine,2021-02-11T15:17:23,-73.67309794122606,45.43178949317643
21-311595,Plainte,LaSalle,LaSalle,2021-11-17T15:24:52,-73.623978547,45.415309381
21-311603,Plainte,Saint-Léonard,Saint-Léonard,2021-11-17T15:27:42,-73.59926779315967,45.59894842342893
21-311913,Plainte,Côte-des-Neiges - Notre-Dame-de-Grâce,Côte-des-Neiges-Notre-Dame-de-Grâce,2021-11-18T08:43:08,-73.64791936834752,45.48801607190514
21-311753,Plainte,Le Plateau-Mont-Royal,Le Plateau-Mont-Royal,2021-11-17T17:35:11,-73.57227217632558,45.51628819869164
21-311880,Plainte,Pierrefonds - Roxboro,Pierrefonds-Roxboro,2021-11-18T08:27:09,-73.82606176455718,45.504516644632496
21-311943,Plainte,Ahuntsic - Cartierville,Ahuntsic-Cartierville,2021-11-18T08:56:02,-73.63887952670413,45.5747158410968
21-311660,Plainte,Montréal-Nord,Montréal-Nord,2021-11-17T15:59:42,-73.62226644570211,45.61798810672246
21-311696,Plainte,Le Plateau-Mont-Royal,Le Plateau-Mont-Royal,2021-11-17T16:26:44,-73.57693518017268,45.5174697949895
21-311809,Plainte,Ahuntsic - Cartierville,Ahuntsic-Cartierville,2021-11-17T19:41:15,-73.66176231794233,45.54649665668043
21-311991,Plainte,Mercier - Hochelaga-Maisonneuve,Mercier-Hochelaga-Maisonneuve,2021-11-18T09:21:44,-73.53573054290302,45.610311787357126
21-311971,Plainte,Le Plateau-Mont-Royal,Le Plateau-Mont-Royal,2021-11-18T09:11:56,-73.58593049117158,45.52847919752974
21-311975,Plainte,Le Plateau-Mont-Royal,Le Plateau-Mont-Royal,2021-11-18T09:13:44,-73.58115997189859,45.52889227593811
21-311962,Plainte,Ville-Marie,Ville-Marie,2021-11-18T09:06:16,-73.58630815455668,45.490374935283135
21-312061,Plainte,Le Plateau-Mont-Royal,Le Plateau-Mont-Royal,2021-11-18T09:46:34,-73.585297711,45.537887198
21-311995,Plainte,Côte-des-Neiges - Notre-Dame-de-Grâce,Côte-des-Neiges-Notre-Dame-de-Grâce,2021-11-18T09:23:11,-73.62880838447778,45.48687629898319
21-312020,Plainte,Rivière-des-Prairies - Pointe-aux-Trembles,Rivière-des-Prairies-Pointe-aux-Trembles,2021-11-18T09:32:23,-73.51384877669564,45.66722992166153
21-312045,Plainte,Rosemont - La Petite-Patrie,Rosemont-La Petite-Patrie,2021-11-18T09:41:08,-73.57744329818313,45.57136677992032
21-312066,Plainte,Ahuntsic - Cartierville,Ahuntsic-Cartierville,2021-11-18T09:48:16,-73.66735087845588,45.54743005684322
21-3122,Plainte,Côte-des-Neiges - Notre-Dame-de-Grâce,Côte-des-Neiges-Notre-Dame-de-Grâce,2021-01-06T09:41:41,-73.6234201528672,45.51278762395855
21-312080,Plainte,Ahuntsic - Cartierville,Ahuntsic-Cartierville,2021-11-18T09:54:25,-73.65891231346303,45.561583640919
21-31214,Plainte,LaSalle,LaSalle,2021-02-11T16:10:38,-73.62593614411084,45.41972138731228
21-312360,Plainte,Rivière-des-Prairies - Pointe-aux-Trembles,Rivière-des-Prairies-Pointe-aux-Trembles,2021-11-18T12:21:34,-73.51013932178574,45.66821572620383
21-312225,Plainte,Mercier - Hochelaga-Maisonneuve,Mercier-Hochelaga-Maisonneuve,2021-11-18T11:03:24,-73.51554391634805,45.59367965925348
21-312229,Plainte,Mercier - Hochelaga-Maisonneuve,Mercier-Hochelaga-Maisonneuve,2021-11-18T11:04:40,-73.51554391634805,45.59367965925348
21-312480,Plainte,Rivière-des-Prairies - Pointe-aux-Trembles,Rivière-des-Prairies-Pointe-aux-Trembles,2021-11-18T13:48:51,-73.57154178952612,45.64203695141506
21-312464,Plainte,Côte-des-Neiges - Notre-Dame-de-Grâce,Côte-des-Neiges-Notre-Dame-de-Grâce,2021-11-18T13:42:21,-73.63640343510703,45.4687167898801
21-312380,Plainte,Le Sud-Ouest,Le Sud-Ouest,2021-11-18T12:39:22,-73.58274096758052,45.48412927785394
21-312453,Plainte,Villeray-Saint-Michel - Parc-Extension,Villeray-Saint-Michel-Parc-Extension,2021-11-18T13:33:46,-73.62530450286617,45.53996335210973
21-312475,Plainte,Ahuntsic - Cartierville,Ahuntsic-Cartierville,2021-11-18T13:46:36,-73.65142977646508,45.55897394886484
21-312521,Plainte,Ville-Marie,Ville-Marie,2021-11-18T14:12:22,-73.559480105,45.500120516
21-312651,Plainte,Villeray-Saint-Michel - Parc-Extension,Villeray-Saint-Michel-Parc-Extension,2021-11-18T15:25:28,-73.59406385552452,45.56548823388183
21-312528,Plainte,Ville-Marie,Ville-Marie,2021-11-18T14:19:25,-73.56076496716022,45.49928704231794
21-312529,Plainte,Villeray-Saint-Michel - Parc-Extension,Villeray-Saint-Michel-Parc-Extension,2021-11-18T14:20:30,-73.59374874290872,45.56173856556769
21-312795,Plainte,Ahuntsic - Cartierville,Ahuntsic-Cartierville,2021-11-18T19:16:36,-73.66718542249508,45.54468263157958
21-312743,Plainte,Rosemont - La Petite-Patrie,Rosemont-La Petite-Patrie,2021-11-18T16:57:04,-73.612535375,45.538477743
21-312709,Plainte,Mercier - Hochelaga-Maisonneuve,Mercier-Hochelaga-Maisonneuve,2021-11-18T16:17:52,-73.5188444935743,45.60313437795795
21-312785,Plainte,Ahuntsic - Cartierville,Ahuntsic-Cartierville,2021-11-18T18:46:42,-73.6806285420507,45.54890059396472
21-312956,Plainte,L'Île-Bizard - Sainte-Geneviève,L'Île-Bizard-Sainte-Geneviève,2021-11-19T09:23:37,-73.88084786246043,45.4939480001692
21-312897,Plainte,Verdun,Verdun,2021-11-19T08:55:49,-73.58281793826522,45.43766999463482
21-312791,Plainte,Ville-Marie,Ville-Marie,2021-11-18T19:01:44,-73.5689554009172,45.49247257594201
21-312958,Plainte,Outremont,Outremont,2021-11-19T09:24:42,-73.60828967208565,45.52343897404444
21-312965,Plainte,Outremont,Outremont,2021-11-19T09:28:56,-73.60828967208565,45.52343897404444
21-313202,Plainte,Mercier - Hochelaga-Maisonneuve,Mercier-Hochelaga-Maisonneuve,2021-11-19T12:15:04,-73.56039092419309,45.59295840504808
21-312969,Plainte,Mercier - Hochelaga-Maisonneuve,Mercier-Hochelaga-Maisonneuve,2021-11-19T09:29:44,-73.55139920934705,45.55063083984278
21-313166,Plainte,Côte-des-Neiges - Notre-Dame-de-Grâce,Côte-des-Neiges-Notre-Dame-de-Grâce,2021-11-19T11:49:43,-73.64757438182998,45.49110286056431
21-313369,Plainte,Côte-des-Neiges - Notre-Dame-de-Grâce,Côte-des-Neiges-Notre-Dame-de-Grâce,2021-11-19T14:15:54,-73.63861413204891,45.48383103432249
21-313266,Plainte,Saint-Laurent,Saint-Laurent,2021-11-19T13:06:57,-73.69581550564936,45.50397079927448
21-313319,Plainte,Villeray-Saint-Michel - Parc-Extension,Villeray-Saint-Michel-Parc-Extension,2021-11-19T13:40:35,-73.62624382198963,45.58181740729784
21-313256,Plainte,Mercier - Hochelaga-Maisonneuve,Mercier-Hochelaga-Maisonneuve,2021-11-19T12:59:33,-73.52130956144259,45.59901439460172
21-313431,Plainte,Montréal-Nord,Montréal-Nord,2021-11-19T14:54:08,-73.63736246301657,45.59375802460729
21-313422,Plainte,Rosemont - La Petite-Patrie,Rosemont-La Petite-Patrie,2021-11-19T14:47:30,-73.57905029424083,45.557877319749245
21-313425,Plainte,Ahuntsic - Cartierville,Ahuntsic-Cartierville,2021-11-19T14:49:17,-73.65999635244587,45.556680186787645
21-313712,Plainte,Mercier - Hochelaga-Maisonneuve,Mercier-Hochelaga-Maisonneuve,2021-11-20T10:22:31,-73.54149973237938,45.54987855075172
21-313471,Plainte,Montréal-Nord,Montréal-Nord,2021-11-19T15:25:29,-73.63706307173894,45.5825111058181
21-313597,Plainte,Saint-Laurent,Saint-Laurent,2021-11-19T17:59:17,-73.71758766829933,45.51136543971239
21-313620,Plainte,Rivière-des-Prairies - Pointe-aux-Trembles,Rivière-des-Prairies-Pointe-aux-Trembles,2021-11-19T18:50:23,-73.493829918,45.656126612
21-313679,Plainte,Le Plateau-Mont-Royal,Le Plateau-Mont-Royal,2021-11-20T09:15:02,-73.59163426473191,45.51778386395905
21-31370,Plainte,Côte-des-Neiges - Notre-Dame-de-Grâce,Côte-des-Neiges-Notre-Dame-de-Grâce,2021-02-12T09:03:30,-73.65311371992878,45.46625738092119
21-313711,Plainte,Saint-Laurent,Saint-Laurent,2021-11-20T10:21:13,-73.6780681905765,45.50507064833927
21-314011,Plainte,Le Plateau-Mont-Royal,Le Plateau-Mont-Royal,2021-11-21T13:44:13,-73.57665258774689,45.53139188267031
21-313721,Plainte,Mercier - Hochelaga-Maisonneuve,Mercier-Hochelaga-Maisonneuve,2021-11-20T10:34:16,-73.53000787545285,45.55697622927734
21-313743,Plainte,L'Île-Bizard - Sainte-Geneviève,L'Île-Bizard-Sainte-Geneviève,2021-11-20T11:31:40,-73.89506200013184,45.47512054749711
21-313835,Plainte,Rivière-des-Prairies - Pointe-aux-Trembles,Rivière-des-Prairies-Pointe-aux-Trembles,2021-11-20T14:53:25,-73.58022303459786,45.65049335426442
21-313926,Plainte,Le Sud-Ouest,Le Sud-Ouest,2021-11-21T09:09:04,-73.56378688302402,45.47767931365526
21-313838,Plainte,Ahuntsic - Cartierville,Ahuntsic-Cartierville,2021-11-20T14:56:38,-73.66023807598897,45.56239484099646
21-314012,Plainte,Le Plateau-Mont-Royal,Le Plateau-Mont-Royal,2021-11-21T13:45:32,-73.57860485018635,45.53324048215024
21-314019,Plainte,Ahuntsic - Cartierville,Ahuntsic-Cartierville,2021-11-21T14:12:16,-73.66890696583329,45.54114314165778
21-314062,Plainte,Mercier - Hochelaga-Maisonneuve,Mercier-Hochelaga-Maisonneuve,2021-11-21T16:37:18,-73.53829685633545,45.57553516889805
21-31417,Plainte,Lachine,Lachine,2021-02-12T09:32:28,-73.66456468664067,45.44307976609224
21-3141,Plainte,Côte-des-Neiges - Notre-Dame-de-Grâce,Côte-des-Neiges-Notre-Dame-de-Grâce,2021-01-06T09:50:27,-73.61284811138438,45.509887419142416
21-31416,Plainte,Ahuntsic - Cartierville,Ahuntsic-Cartierville,2021-02-12T09:29:27,-73.695795421,45.540692637
21-314170,Plainte,Rosemont - La Petite-Patrie,Rosemont-La Petite-Patrie,2021-11-22T08:58:31,-73.561214014,45.570057634
21-314357,Plainte,Ahuntsic - Cartierville,Ahuntsic-Cartierville,2021-11-22T10:30:00,-73.69991752887607,45.54010864123087
21-314182,Plainte,Côte-des-Neiges - Notre-Dame-de-Grâce,Côte-des-Neiges-Notre-Dame-de-Grâce,2021-11-22T09:04:38,-73.62530645190596,45.48484835483045
21-31425,Plainte,Lachine,Lachine,2021-02-12T09:38:35,-73.66461290962006,45.43944129140174
21-314298,Plainte,Côte-des-Neiges - Notre-Dame-de-Grâce,Côte-des-Neiges-Notre-Dame-de-Grâce,2021-11-22T10:06:48,-73.651971865,45.459416394
21-314454,Plainte,Le Plateau-Mont-Royal,Le Plateau-Mont-Royal,2021-11-22T11:21:43,-73.57500829,45.523455589
21-314495,Plainte,Villeray-Saint-Michel - Parc-Extension,Villeray-Saint-Michel-Parc-Extension,2021-11-22T11:41:22,-73.62826895635598,45.5684360092857
21-314562,Plainte,Pierrefonds - Roxboro,Pierrefonds-Roxboro,2021-11-22T12:23:58,-73.77883865538944,45.50191144528644
21-314531,Plainte,Outremont,Outremont,2021-11-22T12:02:39,-73.61830099574429,45.51667298024831
21-314561,Plainte,Mercier - Hochelaga-Maisonneuve,Mercier-Hochelaga-Maisonneuve,2021-11-22T12:23:03,-73.53659699936871,45.551069660334086
21-314512,Plainte,Ville-Marie,Ville-Marie,2021-11-22T11:51:55,-73.559175312,45.516638843
21-31452,Plainte,Mercier - Hochelaga-Maisonneuve,Mercier-Hochelaga-Maisonneuve,2021-02-12T10:00:42,-73.51073691032924,45.60779749748624
21-314581,Plainte,Ahuntsic - Cartierville,Ahuntsic-Cartierville,2021-11-22T12:42:54,-73.65392122939562,45.57487638746783
21-314652,Plainte,Rivière-des-Prairies - Pointe-aux-Trembles,Rivière-des-Prairies-Pointe-aux-Trembles,2021-11-22T13:31:03,-73.49067256700269,45.64356235384413
21-314676,Plainte,Mercier - Hochelaga-Maisonneuve,Mercier-Hochelaga-Maisonneuve,2021-11-22T13:44:32,-73.5217158616762,45.60652174618301
21-314862,Plainte,Côte-des-Neiges - Notre-Dame-de-Grâce,Côte-des-Neiges-Notre-Dame-de-Grâce,2021-11-22T15:22:31,-73.62950490400873,45.46822937019053
21-314807,Plainte,Le Sud-Ouest,Le Sud-Ouest,2021-11-22T14:51:41,-73.58104476724198,45.48290935791408
21-314891,Plainte,Villeray-Saint-Michel - Parc-Extension,Villeray-Saint-Michel-Parc-Extension,2021-11-22T15:35:41,-73.63193592579717,45.576351625023904
21-314875,Plainte,Le Plateau-Mont-Royal,Le Plateau-Mont-Royal,2021-11-22T15:27:15,-73.5741244142245,45.53163593455568
21-31509,Plainte,Villeray-Saint-Michel - Parc-Extension,Villeray-Saint-Michel-Parc-Extension,2021-02-12T10:42:21,-73.62014384347881,45.535604447042594
21-314924,Plainte,Montréal-Nord,Montréal-Nord,2021-11-22T15:52:06,-73.63314245891816,45.58183120833998
21-31508,Plainte,Lachine,Lachine,2021-02-12T10:41:52,-73.69131368453532,45.43977889348469
21-315303,Plainte,Ville-Marie,Ville-Marie,2021-11-23T10:15:05,-73.56426151813196,45.5154553072352
21-315249,Plainte,Mercier - Hochelaga-Maisonneuve,Mercier-Hochelaga-Maisonneuve,2021-11-23T09:44:33,-73.521529844,45.598646166
21-315662,Plainte,Mercier - Hochelaga-Maisonneuve,Mercier-Hochelaga-Maisonneuve,2021-11-23T14:11:56,-73.54981255080699,45.54956994837831
21-315430,Plainte,Ville-Marie,Ville-Marie,2021-11-23T11:26:35,-73.553140212,45.532442985
21-3154,Plainte,Ville-Marie,Ville-Marie,2021-01-06T09:55:18,-73.559521738,45.517030688
21-315403,Plainte,Rivière-des-Prairies - Pointe-aux-Trembles,Rivière-des-Prairies-Pointe-aux-Trembles,2021-11-23T11:11:55,-73.60309874524889,45.62462213828636
21-315863,Plainte,Mercier - Hochelaga-Maisonneuve,Mercier-Hochelaga-Maisonneuve,2021-11-23T16:31:01,-73.52051207144494,45.58068381053118
21-315684,Plainte,Mercier - Hochelaga-Maisonneuve,Mercier-Hochelaga-Maisonneuve,2021-11-23T14:20:42,-73.53405427270823,45.58588821007792
21-315703,Plainte,L'Île-Bizard - Sainte-Geneviève,L'Île-Bizard-Sainte-Geneviève,2021-11-23T14:31:03,-73.87210828,45.486548365
21-315688,Plainte,Mercier - Hochelaga-Maisonneuve,Mercier-Hochelaga-Maisonneuve,2021-11-23T14:22:27,-73.53405427270823,45.58588821007792
21-31569,Plainte,Saint-Léonard,Saint-Léonard,2021-02-12T11:29:32,-73.59867495488783,45.59810781567265
21-315796,Plainte,Ahuntsic - Cartierville,Ahuntsic-Cartierville,2021-11-23T15:24:19,-73.65824227587522,45.55658884551793
21-316085,Plainte,Villeray-Saint-Michel - Parc-Extension,Villeray-Saint-Michel-Parc-Extension,2021-11-24T08:48:13,-73.61099007580997,45.55802315179027
21-315928,Plainte,Saint-Laurent,Saint-Laurent,2021-11-23T18:29:13,-73.7066171764871,45.51466045627761
21-315948,Plainte,Ahuntsic - Cartierville,Ahuntsic-Cartierville,2021-11-23T19:25:53,-73.68586986128955,45.53662953530903
21-316204,Plainte,Côte-des-Neiges - Notre-Dame-de-Grâce,Côte-des-Neiges-Notre-Dame-de-Grâce,2021-11-24T09:36:35,-73.63731743668627,45.4970446445754
21-31617,Plainte,LaSalle,LaSalle,2021-02-12T12:17:37,-73.64325597364936,45.42056121187628
21-316236,Plainte,Mercier - Hochelaga-Maisonneuve,Mercier-Hochelaga-Maisonneuve,2021-11-24T09:54:03,-73.52588972181815,45.59950314594104
21-316247,Plainte,Rivière-des-Prairies - Pointe-aux-Trembles,Rivière-des-Prairies-Pointe-aux-Trembles,2021-11-24T09:59:45,-73.49999960865412,45.66735506171439
21-3164,Plainte,Mercier - Hochelaga-Maisonneuve,Mercier-Hochelaga-Maisonneuve,2021-01-06T09:59:47,-73.5502771619607,45.54578487364109
21-31631,Plainte,Ahuntsic - Cartierville,Ahuntsic-Cartierville,2021-02-12T12:29:21,-73.67314424881171,45.55383960092272
21-316304,Plainte,Le Plateau-Mont-Royal,Le Plateau-Mont-Royal,2021-11-24T10:29:32,-73.56689842532377,45.53167234832386
21-316512,Plainte,Le Plateau-Mont-Royal,Le Plateau-Mont-Royal,2021-11-24T12:43:55,-73.57805186716985,45.525680112424936
21-316448,Plainte,Verdun,Verdun,2021-11-24T11:44:14,-73.54029099968095,45.47346162113901
21-31725,Plainte,Côte-des-Neiges - Notre-Dame-de-Grâce,Côte-des-Neiges-Notre-Dame-de-Grâce,2021-02-12T14:17:29,-73.628420777,45.476570939
21-317123,Plainte,Côte-des-Neiges - Notre-Dame-de-Grâce,Côte-des-Neiges-Notre-Dame-de-Grâce,2021-11-25T09:23:04,-73.62727999522117,45.4885865446628
21-317211,Plainte,Le Plateau-Mont-Royal,Le Plateau-Mont-Royal,2021-11-25T10:02:35,-73.60045022251965,45.5223927665117
21-316599,Plainte,Côte-des-Neiges - Notre-Dame-de-Grâce,Côte-des-Neiges-Notre-Dame-de-Grâce,2021-11-24T13:37:46,-73.63525774904797,45.48997504165864
21-316638,Plainte,Montréal-Nord,Montréal-Nord,2021-11-24T14:00:48,-73.648818976,45.584859644
21-316803,Plainte,Mercier - Hochelaga-Maisonneuve,Mercier-Hochelaga-Maisonneuve,2021-11-24T16:17:35,-73.51446794988775,45.60145209432379
21-316938,Plainte,Côte-des-Neiges - Notre-Dame-de-Grâce,Côte-des-Neiges-Notre-Dame-de-Grâce,2021-11-24T19:51:56,-73.62440058704999,45.49569447369724
21-317014,Plainte,Pierrefonds - Roxboro,Pierrefonds-Roxboro,2021-11-25T08:38:53,-73.84824255474523,45.48120006986437
21-317067,Plainte,Rivière-des-Prairies - Pointe-aux-Trembles,Rivière-des-Prairies-Pointe-aux-Trembles,2021-11-25T08:58:28,-73.58823350430046,45.64645740291682
21-317328,Plainte,Villeray-Saint-Michel - Parc-Extension,Villeray-Saint-Michel-Parc-Extension,2021-11-25T11:03:45,-73.63822462432486,45.53318207719405
21-31732,Plainte,Villeray-Saint-Michel - Parc-Extension,Villeray-Saint-Michel-Parc-Extension,2021-02-12T14:22:20,-73.62530450286617,45.53996335210973
21-317362,Plainte,Mercier - Hochelaga-Maisonneuve,Mercier-Hochelaga-Maisonneuve,2021-11-25T11:19:34,-73.52078781720408,45.59754682861546
21-31747,Plainte,Ville-Marie,Ville-Marie,2021-02-12T14:42:19,-73.56065629507778,45.534788039150776
21-317373,Plainte,Rivière-des-Prairies - Pointe-aux-Trembles,Rivière-des-Prairies-Pointe-aux-Trembles,2021-11-25T11:25:58,-73.5891131932779,45.63605450833523
21-317423,Plainte,Ville-Marie,Ville-Marie,2021-11-25T11:54:31,-73.55129394008675,45.53242467585591
21-317501,Plainte,Rivière-des-Prairies - Pointe-aux-Trembles,Rivière-des-Prairies-Pointe-aux-Trembles,2021-11-25T12:45:15,-73.49794610462165,45.635129296243335
21-317617,Plainte,Rivière-des-Prairies - Pointe-aux-Trembles,Rivière-des-Prairies-Pointe-aux-Trembles,2021-11-25T13:54:12,-73.56718221515257,45.65903815961175
21-317560,Plainte,Rosemont - La Petite-Patrie,Rosemont-La Petite-Patrie,2021-11-25T13:20:39,-73.60558307453311,45.53059027960977
21-317637,Plainte,Anjou,Anjou,2021-11-25T14:05:55,-73.55827905445805,45.603315087018565
21-317641,Plainte,Ahuntsic - Cartierville,Ahuntsic-Cartierville,2021-11-25T14:07:12,-73.65142977646508,45.55897394886484
21-317687,Plainte,Rosemont - La Petite-Patrie,Rosemont-La Petite-Patrie,2021-11-25T14:34:20,-73.584012999,45.54108385
21-317670,Plainte,Le Plateau-Mont-Royal,Le Plateau-Mont-Royal,2021-11-25T14:24:09,-73.56360510965939,45.5343891625871
21-317752,Plainte,Anjou,Anjou,2021-11-25T15:13:52,-73.55020153184172,45.60275289938441
21-317733,Plainte,Ahuntsic - Cartierville,Ahuntsic-Cartierville,2021-11-25T15:04:16,-73.65138831095013,45.54073179241984
21-317718,Plainte,Villeray-Saint-Michel - Parc-Extension,Villeray-Saint-Michel-Parc-Extension,2021-11-25T14:54:27,-73.59315372325565,45.566510787835625
21-317900,Plainte,Rosemont - La Petite-Patrie,Rosemont-La Petite-Patrie,2021-11-25T17:32:44,-73.60747341699579,45.542002653394775
21-317820,Plainte,Ahuntsic - Cartierville,Ahuntsic-Cartierville,2021-11-25T16:07:57,-73.64192843257322,45.57273637178854
21-318101,Plainte,Mercier - Hochelaga-Maisonneuve,Mercier-Hochelaga-Maisonneuve,2021-11-26T09:35:32,-73.52420025579042,45.60030995417003
21-317913,Plainte,Ahuntsic - Cartierville,Ahuntsic-Cartierville,2021-11-25T18:07:04,-73.68559325938148,45.54072481173901
21-318147,Plainte,Pierrefonds - Roxboro,Pierrefonds-Roxboro,2021-11-26T09:58:49,-73.80875409437196,45.50748445946679
21-318150,Plainte,Montréal-Nord,Montréal-Nord,2021-11-26T10:04:21,-73.62627349364445,45.598045623061445
21-318408,Plainte,Pierrefonds - Roxboro,Pierrefonds-Roxboro,2021-11-26T13:09:27,-73.85238628085433,45.492825139740994
21-318279,Plainte,Ahuntsic - Cartierville,Ahuntsic-Cartierville,2021-11-26T11:31:08,-73.65972734379773,45.56018683740095
21-31829,Plainte,Le Plateau-Mont-Royal,Le Plateau-Mont-Royal,2021-02-12T16:13:15,-73.5925930678056,45.52220614847246
21-318449,Plainte,Ahuntsic - Cartierville,Ahuntsic-Cartierville,2021-11-26T13:39:32,-73.675017311,45.546713424
21-318521,Plainte,Ville-Marie,Ville-Marie,2021-11-26T14:35:54,-73.55877130185662,45.50975859123319
21-318455,Plainte,LaSalle,LaSalle,2021-11-26T13:42:41,-73.6133174303742,45.429448079546056
21-318484,Plainte,Ahuntsic - Cartierville,Ahuntsic-Cartierville,2021-11-26T14:08:21,-73.66821108322709,45.54898608152347
21-318545,Plainte,Ahuntsic - Cartierville,Ahuntsic-Cartierville,2021-11-26T14:53:00,-73.66810369573572,45.54616750627761
21-318549,Plainte,Ville-Marie,Ville-Marie,2021-11-26T14:59:27,-73.55229328240132,45.50873825119518
21-318702,Plainte,Ville-Marie,Ville-Marie,2021-11-26T18:26:11,-73.55593245376994,45.53200237818155
21-318573,Plainte,Côte-des-Neiges - Notre-Dame-de-Grâce,Côte-des-Neiges-Notre-Dame-de-Grâce,2021-11-26T15:17:19,-73.63669163743862,45.459958871382064
21-318663,Plainte,Villeray-Saint-Michel - Parc-Extension,Villeray-Saint-Michel-Parc-Extension,2021-11-26T16:40:28,-73.62034977961395,45.55174098064537
21-318684,Plainte,Rosemont - La Petite-Patrie,Rosemont-La Petite-Patrie,2021-11-26T17:35:42,-73.57920780464016,45.547076919934014
21-318579,Plainte,Ville-Marie,Ville-Marie,2021-11-26T15:20:05,-73.55781231089149,45.5365891127471
21-318890,Plainte,Pierrefonds - Roxboro,Pierrefonds-Roxboro,2021-11-27T11:06:17,-73.87569310929271,45.46605968196027
21-318780,Plainte,Mercier - Hochelaga-Maisonneuve,Mercier-Hochelaga-Maisonneuve,2021-11-27T09:24:53,-73.55877055010366,45.580508215113255
21-318833,Plainte,Mercier - Hochelaga-Maisonneuve,Mercier-Hochelaga-Maisonneuve,2021-11-27T10:10:24,-73.56801871994647,45.58135038210168
21-319105,Plainte,Rosemont - La Petite-Patrie,Rosemont-La Petite-Patrie,2021-11-27T16:51:20,-73.58666004786357,45.56293053078978
21-318929,Plainte,Ahuntsic - Cartierville,Ahuntsic-Cartierville,2021-11-27T11:48:58,-73.74197936245558,45.51877154162038
21-319081,Plainte,Rosemont - La Petite-Patrie,Rosemont-La Petite-Patrie,2021-11-27T15:48:37,-73.58927485906585,45.54886624165975
21-318927,Plainte,Rosemont - La Petite-Patrie,Rosemont-La Petite-Patrie,2021-11-27T11:45:32,-73.56731956893378,45.55339962037739
21-318946,Plainte,Ahuntsic - Cartierville,Ahuntsic-Cartierville,2021-11-27T12:05:30,-73.67075801252551,45.5542094896169
21-318990,Plainte,Mercier - Hochelaga-Maisonneuve,Mercier-Hochelaga-Maisonneuve,2021-11-27T13:16:56,-73.55302700626993,45.55151301116699
21-318991,Plainte,Villeray-Saint-Michel - Parc-Extension,Villeray-Saint-Michel-Parc-Extension,2021-11-27T13:17:01,-73.63753284443304,45.53129785626341
21-319009,Plainte,Verdun,Verdun,2021-11-27T14:04:51,-73.58281793826522,45.43766999463482
21-319073,Plainte,Le Plateau-Mont-Royal,Le Plateau-Mont-Royal,2021-11-27T15:37:41,-73.57860849467716,45.51625244630787
21-319074,Plainte,Lachine,Lachine,2021-11-27T15:38:42,-73.71744125762453,45.44533084598784
21-319173,Plainte,L'Île-Bizard - Sainte-Geneviève,L'Île-Bizard-Sainte-Geneviève,2021-11-28T09:42:39,-73.8643023855322,45.499796234436886
21-31946,Plainte,Ahuntsic - Cartierville,Ahuntsic-Cartierville,2021-02-13T10:08:33,-73.65502918627324,45.537893874954776
21-319490,Plainte,Rivière-des-Prairies - Pointe-aux-Trembles,Rivière-des-Prairies-Pointe-aux-Trembles,2021-11-29T08:45:19,-73.55362624270353,45.66306341272928
21-319693,Plainte,Ahuntsic - Cartierville,Ahuntsic-Cartierville,2021-11-29T10:30:37,-73.65176248125749,45.5493338751762
21-319624,Plainte,Côte-des-Neiges - Notre-Dame-de-Grâce,Côte-des-Neiges-Notre-Dame-de-Grâce,2021-11-29T09:57:47,-73.646935914,45.468909751
21-319687,Plainte,Rosemont - La Petite-Patrie,Rosemont-La Petite-Patrie,2021-11-29T10:27:53,-73.61352579048098,45.527226747612126
21-319792,Plainte,Mercier - Hochelaga-Maisonneuve,Mercier-Hochelaga-Maisonneuve,2021-11-29T11:21:09,-73.51655642589385,45.57938057359164
21-319704,Plainte,LaSalle,LaSalle,2021-11-29T10:37:27,-73.62866847778002,45.43116427352719
21-320267,Plainte,Le Sud-Ouest,Le Sud-Ouest,2021-11-29T16:16:11,-73.55991937,45.476418278
21-31996,Plainte,Côte-des-Neiges - Notre-Dame-de-Grâce,Côte-des-Neiges-Notre-Dame-de-Grâce,2021-02-13T13:08:46,-73.6252187457365,45.49348307579696
21-320100,Plainte,Rivière-des-Prairies - Pointe-aux-Trembles,Rivière-des-Prairies-Pointe-aux-Trembles,2021-11-29T14:28:30,-73.61813677793002,45.62847199285881
21-320106,Plainte,Le Plateau-Mont-Royal,Le Plateau-Mont-Royal,2021-11-29T14:31:49,-73.58340450282523,45.51913036409362
21-319822,Plainte,Verdun,Verdun,2021-11-29T11:37:05,-73.57534930689843,45.45483201558574
21-320048,Plainte,Rosemont - La Petite-Patrie,Rosemont-La Petite-Patrie,2021-11-29T13:55:14,-73.57981093756082,45.57139481314594
21-32023,Plainte,Villeray-Saint-Michel - Parc-Extension,Villeray-Saint-Michel-Parc-Extension,2021-02-13T14:43:24,-73.62530450286617,45.53996335210973
21-320285,Plainte,Mercier - Hochelaga-Maisonneuve,Mercier-Hochelaga-Maisonneuve,2021-11-29T16:30:22,-73.55318212839674,45.585987144553584
21-320288,Plainte,Mercier - Hochelaga-Maisonneuve,Mercier-Hochelaga-Maisonneuve,2021-11-29T16:30:46,-73.55318212839674,45.585987144553584
21-320290,Plainte,Mercier - Hochelaga-Maisonneuve,Mercier-Hochelaga-Maisonneuve,2021-11-29T16:32:38,-73.55328219798754,45.58612747887889
21-320340,Plainte,Saint-Laurent,Saint-Laurent,2021-11-29T17:45:13,-73.68981985326165,45.52865620102152
21-32044,Plainte,Pierrefonds - Roxboro,Pierrefonds-Roxboro,2021-02-13T15:41:05,-73.77712059094125,45.50123309498596
21-320379,Plainte,Outremont,Outremont,2021-11-29T19:30:32,-73.59385327142661,45.516524022964674
21-32047,Plainte,Le Plateau-Mont-Royal,Le Plateau-Mont-Royal,2021-02-13T15:52:58,-73.57319242678591,45.52705918392243
21-320878,Plainte,Le Plateau-Mont-Royal,Le Plateau-Mont-Royal,2021-11-30T13:05:18,-73.563950507,45.533820685
21-320700,Plainte,Le Sud-Ouest,Le Sud-Ouest,2021-11-30T10:57:28,-73.59360460291285,45.45472480103311
21-320800,Plainte,Ville-Marie,Ville-Marie,2021-11-30T11:44:25,-73.58200652157277,45.49458463413061
21-320826,Plainte,Le Plateau-Mont-Royal,Le Plateau-Mont-Royal,2021-11-30T12:08:32,-73.56394090468608,45.53383068417084
21-320593,Plainte,Ahuntsic - Cartierville,Ahuntsic-Cartierville,2021-11-30T09:57:15,-73.66105511707677,45.560971796922736
21-320787,Plainte,Rivière-des-Prairies - Pointe-aux-Trembles,Rivière-des-Prairies-Pointe-aux-Trembles,2021-11-30T11:38:28,-73.56524159285547,45.65433022630347
21-320893,Plainte,Rosemont - La Petite-Patrie,Rosemont-La Petite-Patrie,2021-11-30T13:11:18,-73.567874369,45.54352754
21-320940,Plainte,Rosemont - La Petite-Patrie,Rosemont-La Petite-Patrie,2021-11-30T13:42:26,-73.56462188449332,45.57780232757089
21-320894,Plainte,Ahuntsic - Cartierville,Ahuntsic-Cartierville,2021-11-30T13:13:47,-73.70036175449832,45.531035169098914
21-32120,Plainte,Villeray-Saint-Michel - Parc-Extension,Villeray-Saint-Michel-Parc-Extension,2021-02-14T11:09:54,-73.62357697056395,45.53980305608966
21-320958,Plainte,Le Plateau-Mont-Royal,Le Plateau-Mont-Royal,2021-11-30T13:49:34,-73.56583147555105,45.53435438666334
21-321154,Plainte,Le Sud-Ouest,Le Sud-Ouest,2021-11-30T15:54:20,-73.58016253944923,45.48465397263625
21-3211,Plainte,Villeray-Saint-Michel - Parc-Extension,Villeray-Saint-Michel-Parc-Extension,2021-01-06T10:18:53,-73.63486112526607,45.54758621989915
21-321173,Plainte,Montréal-Nord,Montréal-Nord,2021-11-30T16:04:33,-73.648818976,45.584859644
21-321199,Plainte,Villeray-Saint-Michel - Parc-Extension,Villeray-Saint-Michel-Parc-Extension,2021-11-30T16:36:00,-73.62176675826119,45.580026954847945
21-321633,Plainte,Saint-Léonard,Saint-Léonard,2021-12-01T11:34:13,-73.59787243852662,45.59818214534685
21-321221,Plainte,Villeray-Saint-Michel - Parc-Extension,Villeray-Saint-Michel-Parc-Extension,2021-11-30T16:58:02,-73.63200368591662,45.5313645952651
21-321625,Plainte,Villeray-Saint-Michel - Parc-Extension,Villeray-Saint-Michel-Parc-Extension,2021-12-01T11:28:27,-73.61645467660038,45.56915728688576
21-321228,Plainte,Montréal-Nord,Montréal-Nord,2021-11-30T17:10:25,-73.64175139336207,45.592543875788685
21-321471,Plainte,Le Plateau-Mont-Royal,Le Plateau-Mont-Royal,2021-12-01T09:39:23,-73.58178010780975,45.53424097642824
21-321521,Plainte,Le Plateau-Mont-Royal,Le Plateau-Mont-Royal,2021-12-01T10:05:45,-73.59742370364529,45.52069119184023
21-321742,Plainte,Ville-Marie,Ville-Marie,2021-12-01T13:10:48,-73.56516929011043,45.50479151131959
21-32171,Plainte,Anjou,Anjou,2021-02-14T15:23:58,-73.546312417195,45.61296055421912
21-32188,Plainte,Côte-des-Neiges - Notre-Dame-de-Grâce,Côte-des-Neiges-Notre-Dame-de-Grâce,2021-02-14T16:10:54,-73.6482869169252,45.48965999102356
21-321735,Plainte,Ville-Marie,Ville-Marie,2021-12-01T13:03:04,-73.56747420212889,45.50524184513583
21-322053,Plainte,Rivière-des-Prairies - Pointe-aux-Trembles,Rivière-des-Prairies-Pointe-aux-Trembles,2021-12-01T16:41:41,-73.50142679243054,45.662995698632095
21-321972,Plainte,Mercier - Hochelaga-Maisonneuve,Mercier-Hochelaga-Maisonneuve,2021-12-01T15:17:14,-73.53953019386636,45.5562243677084
21-322102,Plainte,Rosemont - La Petite-Patrie,Rosemont-La Petite-Patrie,2021-12-01T18:35:11,-73.569288873,45.571809638
21-322089,Plainte,LaSalle,LaSalle,2021-12-01T18:00:29,-73.64352897591252,45.41780681456639
21-322540,Plainte,Ahuntsic - Cartierville,Ahuntsic-Cartierville,2021-12-02T11:41:23,-73.66735087845588,45.54743005684322
21-322225,Plainte,Rivière-des-Prairies - Pointe-aux-Trembles,Rivière-des-Prairies-Pointe-aux-Trembles,2021-12-02T08:55:01,-73.61885287386139,45.62954289425778
21-322367,Plainte,LaSalle,LaSalle,2021-12-02T10:04:44,-73.62875540957806,45.42351582268356
21-322646,Plainte,Rosemont - La Petite-Patrie,Rosemont-La Petite-Patrie,2021-12-02T13:04:51,-73.60558307453311,45.53059027960977
21-322567,Plainte,Rivière-des-Prairies - Pointe-aux-Trembles,Rivière-des-Prairies-Pointe-aux-Trembles,2021-12-02T12:01:36,-73.49734392175155,45.66584016585615
21-32260,Plainte,Ahuntsic - Cartierville,Ahuntsic-Cartierville,2021-02-15T08:42:41,-73.63944267055837,45.54717008659444
21-322664,Plainte,Ahuntsic - Cartierville,Ahuntsic-Cartierville,2021-12-02T13:14:59,-73.6972431812471,45.53943722317023
21-322687,Plainte,Rosemont - La Petite-Patrie,Rosemont-La Petite-Patrie,2021-12-02T13:25:23,-73.5814967208909,45.54445174204635
21-322674,Plainte,Le Sud-Ouest,Le Sud-Ouest,2021-12-02T13:18:32,-73.58364254409362,45.48350361159295
