,_id,DT_MAJ_GDUNO,COMBINE_NUO_NUI,CD_ORGNS,NOM_COURT_ORGNS,NOM_OFFCL_ORGNS,ADRS_GEO_L1_GDUNO_ORGNS,ADRS_GEO_L2_GDUNO_ORGNS,CD_POSTL_GDUNO_ORGNS,CD_MUNCP_GDUNO_ORGNS,NOM_MUNCP_GDUNO_ORGNS,CD_IMM,NOM_IMM,ADRS_GEO_L1_GDUNO_IMM,ADRS_GEO_L2_GDUNO_IMM,CD_MUNCP_GDUNO_IMM,NOM_MUNCP_GDUNO_IMM,CD_POSTL_GDUNO_IMM,PRESC,PRIM,SEC,FORM_PRO,ADULTE,SITE_WEB_ORGNS,COORD_X_LL84_IMM,COORD_Y_LL84_IMM,ORDRE_ENS,CD_CS,TYPE_CS,STYLE_CART,NOM_MUNCP,NOM_MRC,NOM_REG_ADM,NOM_CEP,NOM_CS
0,48,,,762132,École François-de-Laval,École François-de-Laval,"12050, avenue Bois-de-Boulogne",,H3M2X9,66023,Montréal,762193,"François-de-Laval, annexe","12020, av. du Bois-de-Boulogne",,66023,Montréal,H3M2X9,1,1,0,0,0,https://francois-de-laval.cssdm.gouv.qc.ca/,-73.695445,45.542872,Préscolaire - Primaire,762000,Franco,4_OrgImm_Franco_presc_prim,Montréal,Montréal,Montréal,Acadie,Centre de services scolaire de Montréal
1,156,,,763405,CFP Léonard-De Vinci,Centre de formation professionnelle Léonard-De Vinci,"2405, boulevard Thimens",,H4R1T4,66023,Montréal,763159,"Altitude, de l'","5060, boulevard des Sources",,66023,Montréal,H8Y3E4,0,0,0,1,0,https://www.cfpldevinci.ca/,-73.824469,45.50977,Formation professionnelle,763000,Franco,8_OrgImm_Franco_Fp,Montréal,Montréal,Montréal,Nelligan,Centre de services scolaire Marguerite-Bourgeoys
2,157,,,763245,École de l'Altitude,École de l'Altitude,"5060, boulevard des Sources",,H8Y3E4,66023,Montréal,763159,"Altitude, de l'","5060, boulevard des Sources",,66023,Montréal,H8Y3E4,0,0,1,0,0,,-73.824469,45.50977,Secondaire,763000,Franco,3_OrgImm_Franco_secondaire,Montréal,Montréal,Montréal,Nelligan,Centre de services scolaire Marguerite-Bourgeoys
3,237,,,887253,École Centre Mackay,École Centre Mackay,"6333, rue de Terrebonne",,H4B1A8,66023,Montréal,887054,Mackay / Philip E. Layton,"6333, rue de Terrebonne",,66023,Montréal,H4B2Z4,1,1,1,0,0,https://www.emsb.qc.ca/mackay/,-73.633305,45.468946,Préscolaire - Primaire - Secondaire,887000,Anglo,5_OrgImm_Anglo_presc_prim_sec,Montréal,Montréal,Montréal,Notre-Dame-de-Grâce,Commission scolaire English-Montréal
4,238,,,887256,École Philip E. Layton,École Philip E. Layton,"6333, rue de Terrebonne",,H4B1A8,66023,Montréal,887054,Mackay / Philip E. Layton,"6333, rue de Terrebonne",,66023,Montréal,H4B2Z4,1,1,1,0,0,,-73.633305,45.468946,Préscolaire - Primaire - Secondaire,887000,Anglo,5_OrgImm_Anglo_presc_prim_sec,Montréal,Montréal,Montréal,Notre-Dame-de-Grâce,Commission scolaire English-Montréal
5,242,,,761075,École secondaire Antoine-de-St-Exupéry,École secondaire Antoine-de-Saint-Exupéry,"5150, boulevard Robert",,H1R1P9,66023,Montréal,761078,Antoine-de-Saint-Exupéry annexe,"8455, rue du Pré-Laurin",,66023,Montréal,H1R3P3,0,0,1,0,0,https://stexupery.cspi.qc.ca,-73.600261,45.583381,Secondaire,761000,Franco,3_OrgImm_Franco_secondaire,Montréal,Montréal,Montréal,Jeanne-Mance–Viger,Centre de services scolaire de la Pointe-de-l'Île
6,243,,,761028,École Général Vanier,École Général Vanier,"4555, rue Buies",,H1S1J2,66023,Montréal,761079,Général-Vanier,"4555, rue Buies",,66023,Montréal,H1S1J2,1,1,0,0,0,https://generalvanier.cspi.qc.ca/,-73.590024,45.572122,Préscolaire - Primaire,761000,Franco,4_OrgImm_Franco_presc_prim,Montréal,Montréal,Montréal,Jeanne-Mance–Viger,Centre de services scolaire de la Pointe-de-l'Île
7,247,,,763124,École des Coquelicots,École des Coquelicots,"7301, rue Churchill",,H4H2L1,66023,Montréal,763141,"Coquelicots, des","7301, rue Churchill, Verdun",,66023,Montréal,H4H2L1,1,1,0,0,0,https://descoquelicots.ecoleverdun.com,-73.586991,45.437653,Préscolaire - Primaire,763000,Franco,4_OrgImm_Franco_presc_prim,Montréal,Montréal,Montréal,Verdun,Centre de services scolaire Marguerite-Bourgeoys
8,248,,,762163,École Marc-Favreau,École Marc-Favreau,"6310, avenue Somerled",,H3X2B8,66023,Montréal,762824,"Marc-Favreau, annexe","4635, place Borden",,66023,Montréal,H4B1A1,1,1,0,0,0,https://marc-favreau.cssdm.gouv.qc.ca/,-73.635317,45.468019,Préscolaire - Primaire,762000,Franco,4_OrgImm_Franco_presc_prim,Montréal,Montréal,Montréal,Notre-Dame-de-Grâce,Centre de services scolaire de Montréal
9,270,,,762494,Métiers l'aérospatiale,École des métiers de l'aérospatiale de Montréal,"5300, rue Chauveau",,H1N3V7,66023,Montréal,762821,"ÉMAM, annexe Québec","800, 8e Rue de l'aéroport",,23027,Québec,G2G2S6,0,0,0,1,0,https://ecole-metiers-aerospatiale.cssdm.gouv.qc.ca/,-71.376905,46.797119,Formation professionnelle,762000,Franco,8_OrgImm_Franco_Fp,Québec,Québec,Capitale-Nationale,Louis-Hébert,Centre de services scolaire de Montréal
10,272,,,761072,École Le Tournesol,École Le Tournesol,"15150, rue Sherbrooke Est",,H1A3P9,66023,Montréal,761851,Centre de réadaptation - Hôpital RDP,"7070, boulevard Perras",,66023,Montréal,H1E1A4,1,1,1,0,0,https://letournesol.cspi.qc.ca,-73.611759,45.624547,Préscolaire - Primaire - Secondaire,761000,Franco,5_OrgImm_Franco_presc_prim_sec,Montréal,Montréal,Montréal,LaFontaine,Centre de services scolaire de la Pointe-de-l'Île
11,296,,,761396,Centre de formation à distance,Centre régional de formation à distance du Grand-Montréal,"5055, boulevard Métropolitain est",,H1R1Z7,66023,Montréal,761801,Centre de services aux entreprises,"5055, boul. Métropolotain Est",,66023,Montréal,H1R1Z7,0,0,0,0,1,https://formation-distance.csspi.ca/,-73.591927,45.580051,Éducation aux adultes,761000,Franco,9_OrgImm_Franco_Adu,Montréal,Montréal,Montréal,Jeanne-Mance–Viger,Centre de services scolaire de la Pointe-de-l'Île
12,297,,,761496,Centre de formation à distance,Centre régional de formation à distance du Grand-Montréal,"5055, boulevard Métropolitain est",,H1R1Z7,66023,Montréal,761801,Centre de services aux entreprises,"5055, boul. Métropolotain Est",,66023,Montréal,H1R1Z7,0,0,0,1,0,https://formation-distance.csspi.ca/,-73.591927,45.580051,Formation professionnelle,761000,Franco,8_OrgImm_Franco_Fp,Montréal,Montréal,Montréal,Jeanne-Mance–Viger,Centre de services scolaire de la Pointe-de-l'Île
13,301,,,763226,École de l'Odyssée,École de l'Odyssée,"4348, rue Alain",,H9H2R7,66023,Montréal,763143,"Odyssée, de l'","4348, rue Alain",,66023,Montréal,H9H2R7,1,1,0,0,0,https://thorndale.ecoleouestmtl.com,-73.861621,45.475408,Préscolaire - Primaire,763000,Franco,4_OrgImm_Franco_presc_prim,Montréal,Montréal,Montréal,Nelligan,Centre de services scolaire Marguerite-Bourgeoys
14,1555,,,761002,École Sainte-Germaine-Cousin,École Sainte-Germaine-Cousin,"1880, 48e Avenue",,H1A2Y6,66023,Montréal,761013,Sainte-Germaine-Cousin,"1880, 48e Avenue",,66023,Montréal,H1A2Y6,1,1,0,0,0,https://stegermainecousin.csspi.ca/,-73.501648,45.667621,Préscolaire - Primaire,761000,Franco,4_OrgImm_Franco_presc_prim,Montréal,Montréal,Montréal,Pointe-aux-Trembles,Centre de services scolaire de la Pointe-de-l'Île
15,1556,,,761003,École Félix-Leclerc,École Félix-Leclerc,"1750, boulevard du Tricentenaire",,H1B3B1,66023,Montréal,761047,Félix-Leclerc,"1750, boul. du Tricentenaire",,66023,Montréal,H1B3B1,1,1,0,0,0,https://felixleclerc.csspi.ca,-73.504857,45.651295,Préscolaire - Primaire,761000,Franco,4_OrgImm_Franco_presc_prim,Montréal,Montréal,Montréal,Pointe-aux-Trembles,Centre de services scolaire de la Pointe-de-l'Île
16,1557,,,761004,École François-La-Bernarde,École François-La-Bernarde,"950, rue Pierre-Lacroix",,H1B3C8,66023,Montréal,761031,François-La-Bernarde,"950, rue Pierre Lacroix",,66023,Montréal,H1B3C8,1,1,0,0,0,https://flb.csspi.ca,-73.495348,45.646732,Préscolaire - Primaire,761000,Franco,4_OrgImm_Franco_presc_prim,Montréal,Montréal,Montréal,Pointe-aux-Trembles,Centre de services scolaire de la Pointe-de-l'Île
17,1558,,,761006,École Sainte-Marguerite-Bourgeoys,École Sainte-Marguerite-Bourgeoys,"11625, rue de la Gauchetière",,H1B2H8,66023,Montréal,761051,Sainte-Marguerite-Bourgeoys,"11625, rue Lagauchetière",,66023,Montréal,H1B2H8,1,1,0,0,0,https://saintemargueritebourgeoys.csspi.ca,-73.500573,45.635932,Préscolaire - Primaire,761000,Franco,4_OrgImm_Franco_presc_prim,Montréal,Montréal,Montréal,Pointe-aux-Trembles,Centre de services scolaire de la Pointe-de-l'Île
18,1559,,,761008,École Montmartre,École Montmartre,"1855, 59e Avenue",,H1A2P2,66023,Montréal,761012,Montmartre,"1855, 59e Avenue",,66023,Montréal,H1A2P2,1,1,0,0,0,https://montmartre.csspi.ca,-73.49853,45.675496,Préscolaire - Primaire,761000,Franco,4_OrgImm_Franco_presc_prim,Montréal,Montréal,Montréal,Pointe-aux-Trembles,Centre de services scolaire de la Pointe-de-l'Île
19,1560,,,761009,École Notre-Dame,École Notre-Dame,"14425, rue Notre-Dame Est",,H1A1V6,66023,Montréal,761030,Notre-Dame,"14425, rue Notre-Dame Est",,66023,Montréal,H1A1V6,1,1,0,0,0,https://notredame.csspi.ca,-73.494151,45.673534,Préscolaire - Primaire,761000,Franco,4_OrgImm_Franco_presc_prim,Montréal,Montréal,Montréal,Pointe-aux-Trembles,Centre de services scolaire de la Pointe-de-l'Île
20,1561,,,761011,École de la Belle-Rive,École de la Belle-Rive,"15700, rue Notre-Dame Est",,H1A1X4,66023,Montréal,761006,"Belle-Rive, pavillon des Trembles, de la","15700, rue Notre-Dame Est",,66023,Montréal,H1A1X4,1,1,0,0,0,https://delabellerive.cspi.qc.ca/,-73.488027,45.691012,Préscolaire - Primaire,761000,Franco,4_OrgImm_Franco_presc_prim,Montréal,Montréal,Montréal,Pointe-aux-Trembles,Centre de services scolaire de la Pointe-de-l'Île
21,1562,,,761011,École de la Belle-Rive,École de la Belle-Rive,"15700, rue Notre-Dame Est",,H1A1X4,66023,Montréal,761050,"Belle-Rive, pavillon de la Pointe, de la","16360, rue Bureau",,66023,Montréal,H1A1Z5,1,1,0,0,0,https://delabellerive.cspi.qc.ca/,-73.479247,45.700858,Préscolaire - Primaire,761000,Franco,4_OrgImm_Franco_presc_prim,Montréal,Montréal,Montréal,Pointe-aux-Trembles,Centre de services scolaire de la Pointe-de-l'Île
22,1563,,,761013,École Saint-Marcel,École Saint-Marcel,"1470, 16e Avenue",,H1B3N6,66023,Montréal,761029,Saint-Marcel,"1470, 16e Avenue",,66023,Montréal,H1B3N6,1,1,0,0,0,https://saintmarcel.cspi.qc.ca,-73.50393,45.645481,Préscolaire - Primaire,761000,Franco,4_OrgImm_Franco_presc_prim,Montréal,Montréal,Montréal,Pointe-aux-Trembles,Centre de services scolaire de la Pointe-de-l'Île
23,1564,,,761020,École Alphonse-Pesant,École Alphonse-Pesant,"4600, rue Compiègne",,H1R1S7,66023,Montréal,761034,Alphonse-Pesant,"4600, rue Compiègne",,66023,Montréal,H1R1S7,1,1,0,0,0,https://alphonsepesant.csspi.ca/,-73.60342,45.57952,Préscolaire - Primaire,761000,Franco,4_OrgImm_Franco_presc_prim,Montréal,Montréal,Montréal,Jeanne-Mance–Viger,Centre de services scolaire de la Pointe-de-l'Île
24,1565,,,761021,École Gabrielle-Roy,École Gabrielle-Roy,"5950, rue Honoré-Mercier",,H1P3E4,66023,Montréal,761046,Gabrielle-Roy,"5950, rue Honoré-Mercier",,66023,Montréal,H1P3E4,1,1,0,0,0,https://gabrielleroy.csspi.ca/,-73.601953,45.596899,Préscolaire - Primaire,761000,Franco,4_OrgImm_Franco_presc_prim,Montréal,Montréal,Montréal,Jeanne-Mance–Viger,Centre de services scolaire de la Pointe-de-l'Île
25,1566,,,761022,École La Dauversière,École La Dauversière,"5485, rue Jean-Talon Est",,H1S1L8,66023,Montréal,761018,"Dauversière, la","5485, rue Jean Talon Est",,66023,Montréal,H1S1L8,1,1,0,0,0,https://ladauversiere.csspi.ca/,-73.581316,45.581185,Préscolaire - Primaire,761000,Franco,4_OrgImm_Franco_presc_prim,Montréal,Montréal,Montréal,Jeanne-Mance–Viger,Centre de services scolaire de la Pointe-de-l'Île
26,1567,,,761023,École Lambert-Closse,École Lambert-Closse,"6105, rue La Dauversière",,H1S1R6,66023,Montréal,761008,Lambert-Closse,"6105, rue Ladauversière",,66023,Montréal,H1S1R6,1,1,0,0,0,https://www.cspi.qc.ca/lc/,-73.574355,45.586828,Préscolaire - Primaire,761000,Franco,4_OrgImm_Franco_presc_prim,Montréal,Montréal,Montréal,Jeanne-Mance–Viger,Centre de services scolaire de la Pointe-de-l'Île
27,1568,,,761024,École Pie XII,École Pie XII,"5455, rue Dujarié",,H1R1K4,66023,Montréal,761007,Pie-XII,"5455, rue Dujarié",,66023,Montréal,H1R1K4,1,1,0,0,0,https://piexii.csspi.ca/,-73.605018,45.590581,Préscolaire - Primaire,761000,Franco,4_OrgImm_Franco_presc_prim,Montréal,Montréal,Montréal,Jeanne-Mance–Viger,Centre de services scolaire de la Pointe-de-l'Île
28,1569,,,761025,École Victor-Lavigne,École Victor-Lavigne,"5400, boulevard Couture",,H1R1C7,66023,Montréal,761032,Victor-Lavigne,"5400, boulevard Couture",,66023,Montréal,H1R1C7,1,1,0,0,0,https://victorlavigne.csspi.ca/,-73.610251,45.592534,Préscolaire - Primaire,761000,Franco,4_OrgImm_Franco_presc_prim,Montréal,Montréal,Montréal,Jeanne-Mance–Viger,Centre de services scolaire de la Pointe-de-l'Île
29,1570,,,761026,École Wilfrid-Bastien,École Wilfrid-Bastien,"8155, rue Collerette",,H1P2V6,66023,Montréal,761036,Wilfrid-Bastien,"8155, rue Collerette",,66023,Montréal,H1P2V6,1,1,0,0,0,https://wilfridbastien.csspi.ca/,-73.592269,45.585802,Préscolaire - Primaire,761000,Franco,4_OrgImm_Franco_presc_prim,Montréal,Montréal,Montréal,Jeanne-Mance–Viger,Centre de services scolaire de la Pointe-de-l'Île
30,1571,,,761027,École Ferland,École Ferland,"8755, rue Belcourt",,H1P2L9,66023,Montréal,761035,Ferland,"8755, rue Belcourt",,66023,Montréal,H1P2L9,1,1,0,0,0,https://ferland.cspi.qc.ca/,-73.597836,45.595189,Préscolaire - Primaire,761000,Franco,4_OrgImm_Franco_presc_prim,Montréal,Montréal,Montréal,Jeanne-Mance–Viger,Centre de services scolaire de la Pointe-de-l'Île
31,1572,,,761030,École Cardinal-Léger,École Cardinal-Léger,"6951, rue Des Ormeaux",,H1K2X7,66023,Montréal,761024,Cardinal-Léger,"6951, avenue des Ormeaux",,66023,Montréal,H1K2X7,1,1,0,0,0,https://cardinalleger.csspi.ca/,-73.548142,45.611587,Préscolaire - Primaire,761000,Franco,4_OrgImm_Franco_presc_prim,Montréal,Montréal,Montréal,Anjou–Louis-Riel,Centre de services scolaire de la Pointe-de-l'Île
32,1573,,,761031,École Chénier,École Chénier,"5800, avenue Saint-Donat",,H1K3P4,66023,Montréal,761015,Chénier,"5800, avenue Saint-Donat",,66023,Montréal,H1K3P4,1,1,0,0,0,https://chenier.csspi.ca/,-73.542801,45.604036,Préscolaire - Primaire,761000,Franco,4_OrgImm_Franco_presc_prim,Montréal,Montréal,Montréal,Anjou–Louis-Riel,Centre de services scolaire de la Pointe-de-l'Île
33,1574,,,761033,École Des Roseraies,École Des Roseraies,"6440, boulevard des Galeries d'Anjou",,H1M1W2,66023,Montréal,761023,"Roseraies, des","6440, boul. Galeries d'Anjou",,66023,Montréal,H1M1W2,1,1,0,0,0,https://desroseraies.csspi.ca/,-73.553934,45.593848,Préscolaire - Primaire,761000,Franco,4_OrgImm_Franco_presc_prim,Montréal,Montréal,Montréal,Anjou–Louis-Riel,Centre de services scolaire de la Pointe-de-l'Île
34,1575,,,761035,École Jacques-Rousseau,École Jacques-Rousseau,"7455, rue Jarry",,H1J1G8,66023,Montréal,761015,Chénier,"5800, avenue Saint-Donat",,66023,Montréal,H1K3P4,1,1,0,0,0,https://jacquesrousseau.csspi.ca/,-73.542801,45.604036,Préscolaire - Primaire,761000,Franco,4_OrgImm_Franco_presc_prim,Montréal,Montréal,Montréal,Anjou–Louis-Riel,Centre de services scolaire de la Pointe-de-l'Île
35,1576,,,761035,École Jacques-Rousseau,École Jacques-Rousseau,"7455, rue Jarry",,H1J1G8,66023,Montréal,761022,Jacques-Rousseau,"7455, rue Jarry",,66023,Montréal,H1J1G8,1,1,0,0,0,https://jacquesrousseau.csspi.ca/,-73.573379,45.605656,Préscolaire - Primaire,761000,Franco,4_OrgImm_Franco_presc_prim,Montréal,Montréal,Montréal,Anjou–Louis-Riel,Centre de services scolaire de la Pointe-de-l'Île
36,1577,,,761037,École Saint-Joseph,École Saint-Joseph,"7725, avenue Des Ormeaux",,H1K2Y2,66023,Montréal,761021,Saint-Joseph,"7725, avenue des Ormeaux",,66023,Montréal,H1K2Y2,1,1,0,0,0,https://saintjoseph.csspi.ca/,-73.554263,45.614584,Préscolaire - Primaire,761000,Franco,4_OrgImm_Franco_presc_prim,Montréal,Montréal,Montréal,Anjou–Louis-Riel,Centre de services scolaire de la Pointe-de-l'Île
37,1578,,,761038,École Wilfrid-Pelletier,École internationale Wilfrid-Pelletier,"8301, boulevard  Wilfrid-Pelletier",,H1K1M2,66023,Montréal,761016,Wilfrid-Pelletier annexe,"7741, avenue du Ronceray",,66023,Montréal,H1K3W7,1,1,0,0,0,https://wilfridpelletier.csspi.ca/,-73.560932,45.606493,Préscolaire - Primaire,761000,Franco,4_OrgImm_Franco_presc_prim,Montréal,Montréal,Montréal,Anjou–Louis-Riel,Centre de services scolaire de la Pointe-de-l'Île
38,1579,,,761038,École Wilfrid-Pelletier,École internationale Wilfrid-Pelletier,"8301, boulevard  Wilfrid-Pelletier",,H1K1M2,66023,Montréal,761017,Wilfrid-Pelletier,"8301, boul. Wilfrid-Pelletier",,66023,Montréal,H1K1M2,1,1,0,0,0,https://wilfridpelletier.csspi.ca/,-73.553628,45.607573,Préscolaire - Primaire,761000,Franco,4_OrgImm_Franco_presc_prim,Montréal,Montréal,Montréal,Anjou–Louis-Riel,Centre de services scolaire de la Pointe-de-l'Île
39,1580,,,761039,École Albatros,École Albatros,"6440, boulevard des Galeries d'Anjou",,H1M1W2,66023,Montréal,761023,"Roseraies, des","6440, boul. Galeries d'Anjou",,66023,Montréal,H1M1W2,1,1,0,0,0,https://albatros.csspi.ca/,-73.553934,45.593848,Préscolaire - Primaire,761000,Franco,4_OrgImm_Franco_presc_prim,Montréal,Montréal,Montréal,Anjou–Louis-Riel,Centre de services scolaire de la Pointe-de-l'Île
40,1581,,,761040,École Denise-Pelletier,École Denise-Pelletier,"12160, 27e Avenue",,H1E1Z5,66023,Montréal,761043,Denise-Pelletier,"12160, 27e Avenue",,66023,Montréal,H1E1Z5,1,1,0,0,0,https://denisepelletier.csspi.ca/,-73.589817,45.637615,Préscolaire - Primaire,761000,Franco,4_OrgImm_Franco_presc_prim,Montréal,Montréal,Montréal,LaFontaine,Centre de services scolaire de la Pointe-de-l'Île
41,1582,,,761042,École Fernand-Gauthier,École Fernand-Gauthier,"12600, avenue Paul-Dufault",,H1E2B6,66023,Montréal,761014,Fernand-Gauthier,"12600, avenue Paul-Dufault",,66023,Montréal,H1E2B6,1,1,0,0,0,https://fernandgauthier.cspi.qc.ca/,-73.592283,45.643366,Préscolaire - Primaire,761000,Franco,4_OrgImm_Franco_presc_prim,Montréal,Montréal,Montréal,LaFontaine,Centre de services scolaire de la Pointe-de-l'Île
42,1583,,,761044,École Marc-Aurèle-Fortin,École Marc-Aurèle-Fortin,"12230, avenue Fernand-Gauthier",,H1E5N4,66023,Montréal,761028,Marc-Aurèle-Fortin,"12230, avenue Fernand Gauthier",,66023,Montréal,H1E5N4,1,1,0,0,0,https://marcaurelefortin.csspi.ca/,-73.600891,45.631585,Préscolaire - Primaire,761000,Franco,4_OrgImm_Franco_presc_prim,Montréal,Montréal,Montréal,LaFontaine,Centre de services scolaire de la Pointe-de-l'Île
43,1584,,,761044,École Marc-Aurèle-Fortin,École Marc-Aurèle-Fortin,"12230, avenue Fernand-Gauthier",,H1E5N4,66023,Montréal,761055,"Marc-Aurèle-Fortin, annexe","12550, avenue Fernand Gauthier",,66023,Montréal,H1E1S8,1,1,0,0,0,https://marcaurelefortin.csspi.ca/,-73.605058,45.635914,Préscolaire - Primaire,761000,Franco,4_OrgImm_Franco_presc_prim,Montréal,Montréal,Montréal,LaFontaine,Centre de services scolaire de la Pointe-de-l'Île
44,1585,,,761045,École Notre-Dame-de-Fatima,École Notre-Dame-de-Fatima,"12200, avenue  René-Masson",,H1E4T4,66023,Montréal,761038,Notre-Dame-de-Fatima,"12200, avenue René-Masson",,66023,Montréal,H1E4T4,1,1,0,0,0,https://notredamedefatima.csspi.ca/,-73.575057,45.647182,Préscolaire - Primaire,761000,Franco,4_OrgImm_Franco_presc_prim,Montréal,Montréal,Montréal,LaFontaine,Centre de services scolaire de la Pointe-de-l'Île
45,1586,,,761046,École Simone-Desjardins,École Simone-Desjardins,"10004, boulevard Gouin Est",,H1C1A8,66023,Montréal,761009,Simone-Desjardins pavillon Perras,"9955, boulevard Perras",,66023,Montréal,H1C1V8,1,1,0,0,0,https://simone-desjardins.csspi.ca,-73.563384,45.6598,Préscolaire - Primaire,761000,Franco,4_OrgImm_Franco_presc_prim,Montréal,Montréal,Montréal,LaFontaine,Centre de services scolaire de la Pointe-de-l'Île
46,1587,,,761046,École Simone-Desjardins,École Simone-Desjardins,"10004, boulevard Gouin Est",,H1C1A8,66023,Montréal,761039,Simone-Desjardins pavillon Gouin,"10004, boulevard Gouin Est",,66023,Montréal,H1C1A8,1,1,0,0,0,https://simone-desjardins.csspi.ca,-73.56161,45.660781,Préscolaire - Primaire,761000,Franco,4_OrgImm_Franco_presc_prim,Montréal,Montréal,Montréal,LaFontaine,Centre de services scolaire de la Pointe-de-l'Île
47,1588,,,761050,École Adélard-Desrosiers,École Adélard-Desrosiers,"12600, avenue Fortin",,H1G4A1,66023,Montréal,761011,Adélard-Desrosiers,"12600, avenue Fortin",,66023,Montréal,H1G4A1,1,1,0,0,0,https://adelarddesrosiers.csspi.ca/,-73.628931,45.619102,Préscolaire - Primaire,761000,Franco,4_OrgImm_Franco_presc_prim,Montréal,Montréal,Montréal,Bourassa-Sauvé,Centre de services scolaire de la Pointe-de-l'Île
48,1589,,,761052,École De la Fraternité,École De la Fraternité,"11241, avenue Drapeau",,H1H3K3,66023,Montréal,761004,"Fraternité, de la","11241, avenue Drapeau",,66023,Montréal,H1H3K3,1,1,0,0,0,https://delafraternite.cspi.qc.ca/,-73.633201,45.597304,Préscolaire - Primaire,761000,Franco,4_OrgImm_Franco_presc_prim,Montréal,Montréal,Montréal,Bourassa-Sauvé,Centre de services scolaire de la Pointe-de-l'Île
49,1590,,,761052,École De la Fraternité,École De la Fraternité,"11241, avenue Drapeau",,H1H3K3,66023,Montréal,761061,"Fraternité Annexe, de la","4975, rue d'Amos",,66023,Montréal,H1G2X2,1,1,0,0,0,https://delafraternite.cspi.qc.ca/,-73.630582,45.600121,Préscolaire - Primaire,761000,Franco,4_OrgImm_Franco_presc_prim,Montréal,Montréal,Montréal,Bourassa-Sauvé,Centre de services scolaire de la Pointe-de-l'Île
50,1591,,,761054,École Jean-Nicolet,École Jean-Nicolet,"11235, avenue Salk",,H1G4Y3,66023,Montréal,761026,Jean-Nicolet,"11235, avenue Salk",,66023,Montréal,H1G4Y3,1,1,0,0,0,https://jeannicolet.cspi.qc.ca/,-73.623908,45.602479,Préscolaire - Primaire,761000,Franco,4_OrgImm_Franco_presc_prim,Montréal,Montréal,Montréal,Bourassa-Sauvé,Centre de services scolaire de la Pointe-de-l'Île
51,1592,,,761054,École Jean-Nicolet,École Jean-Nicolet,"11235, avenue Salk",,H1G4Y3,66023,Montréal,761072,Jean-Nicolet Annexe,"11135, avenue Alfred",,66023,Montréal,H1G5B6,1,1,0,0,0,https://jeannicolet.cspi.qc.ca/,-73.624736,45.600949,Préscolaire - Primaire,761000,Franco,4_OrgImm_Franco_presc_prim,Montréal,Montréal,Montréal,Bourassa-Sauvé,Centre de services scolaire de la Pointe-de-l'Île
52,1593,,,761055,École Jules-Verne,École Jules-Verne,"11811, avenue P.-M.-Favier",,H1G5X4,66023,Montréal,761042,Jules-Verne,"11811, rue P.-M. Favier",,66023,Montréal,H1G5X4,1,1,0,0,0,https://julesverne.cspi.qc.ca/,-73.618248,45.612406,Préscolaire - Primaire,761000,Franco,4_OrgImm_Franco_presc_prim,Montréal,Montréal,Montréal,Bourassa-Sauvé,Centre de services scolaire de la Pointe-de-l'Île
53,1594,,,761057,École Le Carignan,École Le Carignan,"11480, boulevard Rolland",,H1G3T9,66023,Montréal,761033,"Carignan, le","11480, boulevard Rolland",,66023,Montréal,H1G3T9,1,1,0,0,0,https://lecarignan.cspi.qc.ca/,-73.614733,45.610417,Préscolaire - Primaire,761000,Franco,4_OrgImm_Franco_presc_prim,Montréal,Montréal,Montréal,Bourassa-Sauvé,Centre de services scolaire de la Pointe-de-l'Île
54,1595,,,761058,École Marc-Laflamme - Le Prélude,École Marc-Laflamme - Le Prélude,555 19e Avenue,,H1B3E3,66023,Montréal,761025,Marc-Laflamme-Le Prélude annexe,"1680, 8e Avenue",,66023,Montréal,H1B4H5,0,1,1,0,0,https://marclaflamme.cspi.qc.ca/,-73.507958,45.640639,Primaire - Secondaire,761000,Franco,7_OrgImm_Franco_prim_sec,Montréal,Montréal,Montréal,Pointe-aux-Trembles,Centre de services scolaire de la Pointe-de-l'Île
55,1596,,,761058,École Marc-Laflamme - Le Prélude,École Marc-Laflamme - Le Prélude,555 19e Avenue,,H1B3E3,66023,Montréal,761073,Marc-Laflamme-Le Prélude,"555, 19e Avenue",,66023,Montréal,H1B3E3,1,1,1,0,0,https://marclaflamme.cspi.qc.ca/,-73.490475,45.645814,Préscolaire - Primaire - Secondaire,761000,Franco,5_OrgImm_Franco_presc_prim_sec,Montréal,Montréal,Montréal,Pointe-aux-Trembles,Centre de services scolaire de la Pointe-de-l'Île
56,1597,,,761058,École Marc-Laflamme - Le Prélude,École Marc-Laflamme - Le Prélude,555 19e Avenue,,H1B3E3,66023,Montréal,761850,Hôpital Rivière-des-Prairies,"7070, boulevard Perras",,66023,Montréal,H1E1A4,0,1,1,0,0,https://marclaflamme.cspi.qc.ca/,-73.611759,45.624547,Primaire - Secondaire,761000,Franco,7_OrgImm_Franco_prim_sec,Montréal,Montréal,Montréal,LaFontaine,Centre de services scolaire de la Pointe-de-l'Île
57,1598,,,761059,École Pierre-de-Coubertin,École Pierre-de-Coubertin,"4660, rue de Charleroi",,H1H1T7,66023,Montréal,761010,Pierre-De-Coubertin,"4660, rue Charleroi",,66023,Montréal,H1H1T7,1,1,0,0,0,https://pierredecoubertin.cspi.qc.ca/,-73.632665,45.595855,Préscolaire - Primaire,761000,Franco,4_OrgImm_Franco_presc_prim,Montréal,Montréal,Montréal,Bourassa-Sauvé,Centre de services scolaire de la Pointe-de-l'Île
58,1599,,,761060,École René-Guénette,École René-Guénette,"11070, avenue Rome",,H1H4P6,66023,Montréal,761040,René-Guenette,"11070, avenue Rome",,66023,Montréal,H1H4P6,1,1,0,0,0,https://reneguenette.csspi.ca/,-73.644644,45.590095,Préscolaire - Primaire,761000,Franco,4_OrgImm_Franco_presc_prim,Montréal,Montréal,Montréal,Bourassa-Sauvé,Centre de services scolaire de la Pointe-de-l'Île
59,1600,,,761060,École René-Guénette,École René-Guénette,"11070, avenue Rome",,H1H4P6,66023,Montréal,761063,René-Guénette Annexe,"3360, rue Prieur Est",,66023,Montréal,H1H2K9,1,1,0,0,0,https://reneguenette.csspi.ca/,-73.644276,45.582508,Préscolaire - Primaire,761000,Franco,4_OrgImm_Franco_presc_prim,Montréal,Montréal,Montréal,Bourassa-Sauvé,Centre de services scolaire de la Pointe-de-l'Île
60,1601,,,761062,École Saint-Rémi,École Saint-Rémi,"10152, avenue Rome",,H1H4N6,66023,Montréal,761056,Saint-Rémi,"10152, avenue Rome",,66023,Montréal,H1H4N6,1,1,0,0,0,https://saintremi.csspi.ca/,-73.636293,45.582247,Préscolaire - Primaire,761000,Franco,4_OrgImm_Franco_presc_prim,Montréal,Montréal,Montréal,Bourassa-Sauvé,Centre de services scolaire de la Pointe-de-l'Île
61,1602,,,761062,École Saint-Rémi,École Saint-Rémi,"10152, avenue Rome",,H1H4N6,66023,Montréal,761060,Saint-Rémi Annexe,"4041, rue Monselet",,66023,Montréal,H1H2C6,1,1,0,0,0,https://saintremi.csspi.ca/,-73.637579,45.590095,Préscolaire - Primaire,761000,Franco,4_OrgImm_Franco_presc_prim,Montréal,Montréal,Montréal,Bourassa-Sauvé,Centre de services scolaire de la Pointe-de-l'Île
62,1603,,,761063,École Saint-Vincent-Marie,École Saint-Vincent-Marie,"4601, rue de Castille",,H1H1Y4,66023,Montréal,761059,Saint-Vincent-Marie,"4601, rue de Castille",,66023,Montréal,H1H1Y4,1,1,0,0,0,https://svm.csspi.ca/,-73.63267,45.594667,Préscolaire - Primaire,761000,Franco,4_OrgImm_Franco_presc_prim,Montréal,Montréal,Montréal,Bourassa-Sauvé,Centre de services scolaire de la Pointe-de-l'Île
63,1604,,,761064,École Sainte-Colette,École Sainte-Colette,"12001, Avenue Jean-Paul-Cardinal",,H1G4W4,66023,Montréal,761019,Sainte-Colette,"12001, rue Jean-Paul-Cardinal",,66023,Montréal,H1G4W4,1,1,0,0,0,https://stecolette.csspi.ca/,-73.629795,45.610129,Préscolaire - Primaire,761000,Franco,4_OrgImm_Franco_presc_prim,Montréal,Montréal,Montréal,Bourassa-Sauvé,Centre de services scolaire de la Pointe-de-l'Île
64,1605,,,761064,École Sainte-Colette,École Sainte-Colette,"12001, Avenue Jean-Paul-Cardinal",,H1G4W4,66023,Montréal,761041,Sainte-Colette Annexe,"11960, boulevard Ste-Colette",,66023,Montréal,H1G4V1,1,1,0,0,0,https://stecolette.csspi.ca/,-73.628859,45.609238,Préscolaire - Primaire,761000,Franco,4_OrgImm_Franco_presc_prim,Montréal,Montréal,Montréal,Bourassa-Sauvé,Centre de services scolaire de la Pointe-de-l'Île
65,1606,,,761066,École Sainte-Gertrude,École Sainte-Gertrude,"11813, boulevard Sainte-Gertrude",,H1G5P8,66023,Montréal,761037,Sainte-Gertrude annexe,"5009, rue Ardennes",,66023,Montréal,H1G2H7,1,1,0,0,0,https://sainte-gertrude.csspi.ca/,-73.633399,45.604261,Préscolaire - Primaire,761000,Franco,4_OrgImm_Franco_presc_prim,Montréal,Montréal,Montréal,Bourassa-Sauvé,Centre de services scolaire de la Pointe-de-l'Île
66,1607,,,761066,École Sainte-Gertrude,École Sainte-Gertrude,"11813, boulevard Sainte-Gertrude",,H1G5P8,66023,Montréal,761048,Sainte-Gertrude,"11813, boulevard Ste-Gertrude",,66023,Montréal,H1G5P8,1,1,0,0,0,https://sainte-gertrude.csspi.ca/,-73.634249,45.604666,Préscolaire - Primaire,761000,Franco,4_OrgImm_Franco_presc_prim,Montréal,Montréal,Montréal,Bourassa-Sauvé,Centre de services scolaire de la Pointe-de-l'Île
67,1608,,,761070,École secondaire Daniel-Johnson,École secondaire Daniel-Johnson,"1200, boulevard du Tricentenaire",,H1B3A8,66023,Montréal,761003,Daniel-Johnson,"1200, boul. du Tricentenaire",,66023,Montréal,H1B3A8,0,0,1,0,0,https://danieljohnson.cspi.qc.ca,-73.497193,45.650485,Secondaire,761000,Franco,3_OrgImm_Franco_secondaire,Montréal,Montréal,Montréal,Pointe-aux-Trembles,Centre de services scolaire de la Pointe-de-l'Île
68,1609,,,761071,École secondaire Pointe-aux-Trembles,École secondaire de la Pointe-aux-Trembles,"15200, rue Sherbrooke Est",,H1A3P9,66023,Montréal,761044,Pointe-aux-Trembles,"15200, rue Sherbrooke Est",,66023,Montréal,H1A3P9,0,0,1,0,0,https://espat.cspi.qc.ca,-73.497765,45.685054,Secondaire,761000,Franco,3_OrgImm_Franco_secondaire,Montréal,Montréal,Montréal,Pointe-aux-Trembles,Centre de services scolaire de la Pointe-de-l'Île
69,1610,,,761072,École Le Tournesol,École Le Tournesol,"15150, rue Sherbrooke Est",,H1A3P9,66023,Montréal,761025,Marc-Laflamme-Le Prélude annexe,"1680, 8e Avenue",,66023,Montréal,H1B4H5,1,1,1,0,0,https://letournesol.cspi.qc.ca,-73.507958,45.640639,Préscolaire - Primaire - Secondaire,761000,Franco,5_OrgImm_Franco_presc_prim_sec,Montréal,Montréal,Montréal,Pointe-aux-Trembles,Centre de services scolaire de la Pointe-de-l'Île
70,1611,,,761072,École Le Tournesol,École Le Tournesol,"15150, rue Sherbrooke Est",,H1A3P9,66023,Montréal,761044,Pointe-aux-Trembles,"15200, rue Sherbrooke Est",,66023,Montréal,H1A3P9,1,1,1,0,0,https://letournesol.cspi.qc.ca,-73.497765,45.685054,Préscolaire - Primaire - Secondaire,761000,Franco,5_OrgImm_Franco_presc_prim_sec,Montréal,Montréal,Montréal,Pointe-aux-Trembles,Centre de services scolaire de la Pointe-de-l'Île
71,1612,,,761072,École Le Tournesol,École Le Tournesol,"15150, rue Sherbrooke Est",,H1A3P9,66023,Montréal,761057,"Tournesol, le","15150, rue Sherbrooke Est",,66023,Montréal,H1A3P9,1,1,1,0,0,https://letournesol.cspi.qc.ca,-73.497765,45.685054,Préscolaire - Primaire - Secondaire,761000,Franco,5_OrgImm_Franco_presc_prim_sec,Montréal,Montréal,Montréal,Pointe-aux-Trembles,Centre de services scolaire de la Pointe-de-l'Île
72,1613,,,761072,École Le Tournesol,École Le Tournesol,"15150, rue Sherbrooke Est",,H1A3P9,66023,Montréal,761058,Le Tournesol Annexe (RDP),"12823, avenue Rodolphe-Forget",,66023,Montréal,H1E6P6,1,1,1,0,0,https://letournesol.cspi.qc.ca,-73.581856,45.652546,Préscolaire - Primaire - Secondaire,761000,Franco,5_OrgImm_Franco_presc_prim_sec,Montréal,Montréal,Montréal,LaFontaine,Centre de services scolaire de la Pointe-de-l'Île
73,1614,,,761075,École secondaire Antoine-de-St-Exupéry,École secondaire Antoine-de-Saint-Exupéry,"5150, boulevard Robert",,H1R1P9,66023,Montréal,761005,Antoine-de-Saint-Exupéry,"5150, boulevard Robert",,66023,Montréal,H1R1P9,0,0,1,0,0,https://stexupery.cspi.qc.ca,-73.601688,45.584623,Secondaire,761000,Franco,3_OrgImm_Franco_secondaire,Montréal,Montréal,Montréal,Jeanne-Mance–Viger,Centre de services scolaire de la Pointe-de-l'Île
74,1615,,,761077,École secondaire Irma-LeVasseur,École secondaire Irma-LeVasseur,9400 boulevard Métropolitain est,,H1K0L8,66023,Montréal,761083,Irma-LeVasseur,"9400, boul. Métropolitain Est",,66023,Montréal,H1K3A2,0,0,1,0,0,,-73.549232,45.619462,Secondaire,761000,Franco,3_OrgImm_Franco_secondaire,Montréal,Montréal,Montréal,Anjou–Louis-Riel,Centre de services scolaire de la Pointe-de-l'Île
75,1616,,,761078,École secondaire Anjou,École secondaire Anjou,"8205, rue Fonteneau",,H1K4E1,66023,Montréal,761045,Anjou,"8205, rue Fonteneau",,66023,Montréal,H1K4E1,0,0,1,0,0,https://anjou.cspi.qc.ca/,-73.54047,45.602731,Secondaire,761000,Franco,3_OrgImm_Franco_secondaire,Montréal,Montréal,Montréal,Camille-Laurin,Centre de services scolaire de la Pointe-de-l'Île
76,1617,,,761081,École secondaire Guy-Vanier,École secondaire Guy-Vanier,"10905, boulevard Henri-Bourassa Est",,H1C1H1,66023,Montréal,761852,Institut Philippe-Pinel,"10905, boul. Henri-Bourassa",,66023,Montréal,H1C1H1,0,0,1,0,0,https://www.cspi.qc.ca/gv/,-73.535115,45.656101,Secondaire,761000,Franco,3_OrgImm_Franco_secondaire,Montréal,Montréal,Montréal,LaFontaine,Centre de services scolaire de la Pointe-de-l'Île
77,1618,,,761083,École secondaire Jean-Grou,École secondaire Jean-Grou,"12725, boulevard Rodolphe-Forget",,H1E6P6,66023,Montréal,761020,Jean-Grou,"12725, boul. Rodolphe-Forget",,66023,Montréal,H1E6P6,0,0,1,0,0,https://jeangrou.csspi.ca/,-73.580862,45.651385,Secondaire,761000,Franco,3_OrgImm_Franco_secondaire,Montréal,Montréal,Montréal,LaFontaine,Centre de services scolaire de la Pointe-de-l'Île
78,1619,,,761087,École secondaire La Passerelle,École secondaire La Passerelle,"12165, boulevard Saint-Jean-Baptiste",,H1C1S4,66023,Montréal,761850,Hôpital Rivière-des-Prairies,"7070, boulevard Perras",,66023,Montréal,H1E1A4,0,0,1,0,0,https://lapasserelle.csspi.ca/,-73.611759,45.624547,Secondaire,761000,Franco,3_OrgImm_Franco_secondaire,Montréal,Montréal,Montréal,LaFontaine,Centre de services scolaire de la Pointe-de-l'Île
79,1620,,,761087,École secondaire La Passerelle,École secondaire La Passerelle,"12165, boulevard Saint-Jean-Baptiste",,H1C1S4,66023,Montréal,761854,Cité des Prairies,"12165, boul. St-Jean-Baptiste",,66023,Montréal,H1C1S4,0,0,1,0,0,https://lapasserelle.csspi.ca/,-73.540834,45.662923,Secondaire,761000,Franco,3_OrgImm_Franco_secondaire,Montréal,Montréal,Montréal,LaFontaine,Centre de services scolaire de la Pointe-de-l'Île
80,1621,,,761088,École secondaire La Relance,École secondaire La Relance,"10339, avenue du Parc-Georges",,H1H4Y4,66023,Montréal,761065,Centre Ferland / La Relance,"10339, avenue du Parc-Georges",,66023,Montréal,H1H4Y4,0,0,1,0,0,https://centre-ferland.csspi.ca/,-73.640446,45.582049,Secondaire,761000,Franco,3_OrgImm_Franco_secondaire,Montréal,Montréal,Montréal,Bourassa-Sauvé,Centre de services scolaire de la Pointe-de-l'Île
81,1622,,,761089,École Amos,École secondaire Amos,10748 boulevard Saint-Vital,,H1H4T3,66023,Montréal,761067,Amos,"10748, boulevard Saint-Vital",,66023,Montréal,H1H4T3,0,0,1,0,0,https://ecole-amos.csspi.ca/,-73.64271,45.586144,Secondaire,761000,Franco,3_OrgImm_Franco_secondaire,Montréal,Montréal,Montréal,Bourassa-Sauvé,Centre de services scolaire de la Pointe-de-l'Île
82,1623,,,761090,École secondaire Calixa-Lavallée,École secondaire Calixa-Lavallée,"11411, avenue Pelletier",,H1H3S3,66023,Montréal,761001,Calixa-Lavallée,"11411, avenue Pelletier",,66023,Montréal,H1H3S3,0,0,1,0,0,https://calixalavallee.cspi.qc.ca,-73.637102,45.5977,Secondaire,761000,Franco,3_OrgImm_Franco_secondaire,Montréal,Montréal,Montréal,Bourassa-Sauvé,Centre de services scolaire de la Pointe-de-l'Île
83,1624,,,761091,École secondaire aux Mille-Voix,École secondaire aux Mille-Voix,12001 boulevard Albert-Hudon,,H1G3K3,66023,Montréal,761082,Aux Mille-Voix,"12001, boulevard Albert-Hudon",,66023,Montréal,H1G3K3,0,0,1,0,0,,-73.613113,45.619309,Secondaire,761000,Franco,3_OrgImm_Franco_secondaire,Montréal,Montréal,Montréal,Bourassa-Sauvé,Centre de services scolaire de la Pointe-de-l'Île
84,1625,,,761092,École secondaire Henri-Bourassa,École secondaire Henri-Bourassa,"6051, boulevard Maurice-Duplessis",,H1G1Y6,66023,Montréal,761053,Henri-Bourassa,"6051, boul. Maurice-Duplessis",,66023,Montréal,H1G1Y6,0,0,1,0,0,https://henribourassa.csspi.ca,-73.622086,45.614269,Secondaire,761000,Franco,3_OrgImm_Franco_secondaire,Montréal,Montréal,Montréal,Bourassa-Sauvé,Centre de services scolaire de la Pointe-de-l'Île
85,1626,,,761370,CEA Daniel-Johnson,Centre d'éducation aux adultes Daniel-Johnson,"1100, boulevard du Tricentenaire",,H1B3A8,66023,Montréal,761003,Daniel-Johnson,"1200, boul. du Tricentenaire",,66023,Montréal,H1B3A8,0,0,0,0,1,https://centredj.csspi.ca/,-73.497193,45.650485,Éducation aux adultes,761000,Franco,9_OrgImm_Franco_Adu,Montréal,Montréal,Montréal,Pointe-aux-Trembles,Centre de services scolaire de la Pointe-de-l'Île
86,1627,,,761371,CEA Paul-Gratton,Centre d'éducation aux adultes Paul-Gratton,"11865, rue Demontigny",,H1B1P2,66023,Montréal,761049,Paul-Gratton,"11865, rue de Montigny",,66023,Montréal,H1B1P2,0,0,0,0,1,https://cpg.csspi.ca/,-73.506909,45.640441,Éducation aux adultes,761000,Franco,9_OrgImm_Franco_Adu,Montréal,Montréal,Montréal,Pointe-aux-Trembles,Centre de services scolaire de la Pointe-de-l'Île
87,1628,,,761371,CEA Paul-Gratton,Centre d'éducation aux adultes Paul-Gratton,"11865, rue Demontigny",,H1B1P2,66023,Montréal,761798,Établissement de Rivière-des-Prairies,"11900, avenue Armand-Chaput",,66023,Montréal,H1C1S7,0,0,0,0,1,https://cpg.csspi.ca/,-73.535902,45.660664,Éducation aux adultes,761000,Franco,9_OrgImm_Franco_Adu,Montréal,Montréal,Montréal,LaFontaine,Centre de services scolaire de la Pointe-de-l'Île
88,1629,,,761375,CEA Antoine-de-Saint-Exupéry,Centre d'éducation aux adultes Antoine-de-Saint-Exupéry,"8585, rue du Pré-Laurin",,H1R3P3,66023,Montréal,761005,Antoine-de-Saint-Exupéry,"5150, boulevard Robert",,66023,Montréal,H1R1P9,0,0,0,0,1,https://st-ex.csspi.ca/,-73.601688,45.584623,Éducation aux adultes,761000,Franco,9_OrgImm_Franco_Adu,Montréal,Montréal,Montréal,Jeanne-Mance–Viger,Centre de services scolaire de la Pointe-de-l'Île
89,1630,,,761378,CEA Anjou,Centre d'éducation aux adultes Anjou,"5515, avenue de l'Aréna",,H1K4C9,66023,Montréal,761045,Anjou,"8205, rue Fonteneau",,66023,Montréal,H1K4E1,0,0,0,0,1,https://centre-anjou.csspi.ca/,-73.54047,45.602731,Éducation aux adultes,761000,Franco,9_OrgImm_Franco_Adu,Montréal,Montréal,Montréal,Camille-Laurin,Centre de services scolaire de la Pointe-de-l'Île
90,1631,,,761379,CENTRE DU TRAIT-D'UNION,CENTRE DU TRAIT-D'UNION,11880 Notre-Dame-Est,,H1B2X5,66023,Montréal,761802,Centre du Trait-d'Union,"11880, rue Notre-Dame Est",,66023,Montréal,H1B2X5,0,0,0,0,1,,-73.490736,45.638011,Éducation aux adultes,761000,Franco,9_OrgImm_Franco_Adu,Montréal,Montréal,Montréal,Pointe-aux-Trembles,Centre de services scolaire de la Pointe-de-l'Île
91,1632,,,761389,CEA Amos,Centre d'éducation aux adultes Amos,10748 boulevard Saint-Vital,,H1H4T3,66023,Montréal,761067,Amos,"10748, boulevard Saint-Vital",,66023,Montréal,H1H4T3,0,0,0,0,1,https://ecole-amos.csspi.ca/,-73.64271,45.586144,Éducation aux adultes,761000,Franco,9_OrgImm_Franco_Adu,Montréal,Montréal,Montréal,Bourassa-Sauvé,Centre de services scolaire de la Pointe-de-l'Île
92,1633,,,761390,CEA Calixa-Lavallée,Centre d'éducation aux adultes Calixa-Lavallée,"4555, rue d'Amos",,H1H1P9,66023,Montréal,761001,Calixa-Lavallée,"11411, avenue Pelletier",,66023,Montréal,H1H3S3,0,0,0,0,1,https://cfp-calixa-lavallee.csspi.ca/,-73.637102,45.5977,Éducation aux adultes,761000,Franco,9_OrgImm_Franco_Adu,Montréal,Montréal,Montréal,Bourassa-Sauvé,Centre de services scolaire de la Pointe-de-l'Île
93,1634,,,761395,CEA Louis-Fréchette,Centre d'éducation aux adultes Louis-Fréchette,"5009, Ave. des Ardennes",,H1G2H7,66023,Montréal,761001,Calixa-Lavallée,"11411, avenue Pelletier",,66023,Montréal,H1H3S3,0,0,0,0,1,https://centre-louis-frechette.csspi.ca/,-73.637102,45.5977,Éducation aux adultes,761000,Franco,9_OrgImm_Franco_Adu,Montréal,Montréal,Montréal,Bourassa-Sauvé,Centre de services scolaire de la Pointe-de-l'Île
94,1635,,,761399,CEA Ferland,Centre d'éducation aux adultes Ferland,"10339, avenue Parc-Georges",,H1H4Y4,66023,Montréal,761065,Centre Ferland / La Relance,"10339, avenue du Parc-Georges",,66023,Montréal,H1H4Y4,0,0,0,0,1,https://centre-ferland.csspi.ca/,-73.640446,45.582049,Éducation aux adultes,761000,Franco,9_OrgImm_Franco_Adu,Montréal,Montréal,Montréal,Bourassa-Sauvé,Centre de services scolaire de la Pointe-de-l'Île
95,1636,,,761470,CFP Daniel-Johnson,Centre de formation professionnelle Daniel-Johnson,"1100, boulevard du Tricentenaire",,H1B3A8,66023,Montréal,761003,Daniel-Johnson,"1200, boul. du Tricentenaire",,66023,Montréal,H1B3A8,0,0,0,1,0,https://centredj.csspi.ca/,-73.497193,45.650485,Formation professionnelle,761000,Franco,8_OrgImm_Franco_Fp,Montréal,Montréal,Montréal,Pointe-aux-Trembles,Centre de services scolaire de la Pointe-de-l'Île
96,1637,,,761475,CFP Antoine-de-Saint-Exupéry,Centre de formation professionnelle Antoine-de-Saint-Exupéry,"8585, rue du Pré-Laurin",,H1R3P3,66023,Montréal,761005,Antoine-de-Saint-Exupéry,"5150, boulevard Robert",,66023,Montréal,H1R1P9,0,0,0,1,0,https://st-ex.csspi.ca/,-73.601688,45.584623,Formation professionnelle,761000,Franco,8_OrgImm_Franco_Fp,Montréal,Montréal,Montréal,Jeanne-Mance–Viger,Centre de services scolaire de la Pointe-de-l'Île
97,1638,,,761477,Centre de formation Métiers de l'Acier,Centre de formation des Métiers de l'Acier,"9200, rue de l'Innovation",,H1J2X9,66023,Montréal,761027,Centre de formation des métiers de l'acier,"9200, rue de l'Innovation",,66023,Montréal,H1J2X9,0,0,0,1,0,https://cfma.csspi.ca/,-73.562434,45.620236,Formation professionnelle,761000,Franco,8_OrgImm_Franco_Fp,Montréal,Montréal,Montréal,Anjou–Louis-Riel,Centre de services scolaire de la Pointe-de-l'Île
98,1639,,,761478,CFP Anjou,Centre de formation professionnelle Anjou,"5515, avenue de l'Aréna",,H1K4C9,66023,Montréal,761045,Anjou,"8205, rue Fonteneau",,66023,Montréal,H1K4E1,0,0,0,1,0,https://centre-anjou.csspi.ca/,-73.54047,45.602731,Formation professionnelle,761000,Franco,8_OrgImm_Franco_Fp,Montréal,Montréal,Montréal,Camille-Laurin,Centre de services scolaire de la Pointe-de-l'Île
99,1640,,,761490,CFP Calixa-Lavallée,Centre de formation professionnelle Calixa-Lavallée,"4555, rue d'Amos",,H1H1P9,66023,Montréal,761001,Calixa-Lavallée,"11411, avenue Pelletier",,66023,Montréal,H1H3S3,0,0,0,1,0,https://cfp-calixa-lavallee.csspi.ca/,-73.637102,45.5977,Formation professionnelle,761000,Franco,8_OrgImm_Franco_Fp,Montréal,Montréal,Montréal,Bourassa-Sauvé,Centre de services scolaire de la Pointe-de-l'Île
100,1641,,,761490,CFP Calixa-Lavallée,Centre de formation professionnelle Calixa-Lavallée,"4555, rue d'Amos",,H1H1P9,66023,Montréal,761071,"Montréal Calixa-Lavallée, hôtelière de","4500, boul. Henri-Bourassa Est",,66023,Montréal,H1H0A6,0,0,0,1,0,https://cfp-calixa-lavallee.csspi.ca/,-73.638633,45.599788,Formation professionnelle,761000,Franco,8_OrgImm_Franco_Fp,Montréal,Montréal,Montréal,Bourassa-Sauvé,Centre de services scolaire de la Pointe-de-l'Île
101,1642,,,762001,École Philippe-Labarre,École Philippe-Labarre,"3125, avenue Fletcher",,H1L4E2,66023,Montréal,762496,Philippe-Labarre,"3125, avenue Fletcher",,66023,Montréal,H1L4E2,1,1,0,0,0,https://philippe-labarre.cssdm.gouv.qc.ca/,-73.523154,45.610507,Préscolaire - Primaire,762000,Franco,4_OrgImm_Franco_presc_prim,Montréal,Montréal,Montréal,Camille-Laurin,Centre de services scolaire de Montréal
102,1643,,,762002,École Armand-Lavergne,École Armand-Lavergne,"2600, avenue Fletcher",,H1L4C5,66023,Montréal,762029,Armand-Lavergne,"2600, avenue Fletcher",,66023,Montréal,H1L4C5,1,1,0,0,0,https://armand-lavergne.cssdm.gouv.qc.ca/,-73.517466,45.608725,Préscolaire - Primaire,762000,Franco,4_OrgImm_Franco_presc_prim,Montréal,Montréal,Montréal,Camille-Laurin,Centre de services scolaire de Montréal
103,1644,,,762003,École Saint-Justin,École Saint-Justin,"5005, rue Mousseau",,H1K2V8,66023,Montréal,762334,"Saint-Justin, annexe","8805, rue de Forbin-Janson",,66023,Montréal,H1K2K5,1,1,0,0,0,https://st-justin.cssdm.gouv.qc.ca/,-73.532032,45.606259,Préscolaire - Primaire,762000,Franco,4_OrgImm_Franco_presc_prim,Montréal,Montréal,Montréal,Camille-Laurin,Centre de services scolaire de Montréal
104,1645,,,762003,École Saint-Justin,École Saint-Justin,"5005, rue Mousseau",,H1K2V8,66023,Montréal,762497,Saint-Justin,"5005, rue Mousseau",,66023,Montréal,H1K2V8,1,1,0,0,0,https://st-justin.cssdm.gouv.qc.ca/,-73.532635,45.606421,Préscolaire - Primaire,762000,Franco,4_OrgImm_Franco_presc_prim,Montréal,Montréal,Montréal,Camille-Laurin,Centre de services scolaire de Montréal
105,1646,,,762005,École La Vérendrye,École La Vérendrye,"3055, rue Mousseau",,H1L4W1,66023,Montréal,762314,La Vérendrye,"3055, rue Mousseau",,66023,Montréal,H1L4W1,1,1,0,0,0,https://la-verendrye.cssdm.gouv.qc.ca/,-73.526196,45.604522,Préscolaire - Primaire,762000,Franco,4_OrgImm_Franco_presc_prim,Montréal,Montréal,Montréal,Camille-Laurin,Centre de services scolaire de Montréal
106,1647,,,762009,École Sainte-Claire,École Sainte-Claire,"8500, rue Sainte-Claire",,H1L1X7,66023,Montréal,762199,"Sainte-Claire, bâtiment Sainte-Claire","8500, rue Sainte-Claire",,66023,Montréal,H1L1X7,1,1,0,0,0,https://ste-claire.cssdm.gouv.qc.ca/,-73.52485,45.600058,Préscolaire - Primaire,762000,Franco,4_OrgImm_Franco_presc_prim,Montréal,Montréal,Montréal,Camille-Laurin,Centre de services scolaire de Montréal
107,1648,,,762009,École Sainte-Claire,École Sainte-Claire,"8500, rue Sainte-Claire",,H1L1X7,66023,Montréal,762227,"Sainte-Claire, bâtiment Lebrun","3075, avenue Lebrun",,66023,Montréal,H1L5G2,1,1,0,0,0,https://ste-claire.cssdm.gouv.qc.ca/,-73.528176,45.60175,Préscolaire - Primaire,762000,Franco,4_OrgImm_Franco_presc_prim,Montréal,Montréal,Montréal,Camille-Laurin,Centre de services scolaire de Montréal
108,1649,,,762010,École Sainte-Louise-de-Marillac,École Sainte-Louise-de-Marillac,"8100, rue de Marseille",,H1L1P3,66023,Montréal,762219,"Sainte-Louise-de-Marillac, annexe","8075, rue Hochelaga",,66023,Montréal,H1L2K9,1,1,0,0,0,https://ste-louise-de-marillac.cssdm.gouv.qc.ca/,-73.524117,45.594793,Préscolaire - Primaire,762000,Franco,4_OrgImm_Franco_presc_prim,Montréal,Montréal,Montréal,Camille-Laurin,Centre de services scolaire de Montréal
109,1650,,,762010,École Sainte-Louise-de-Marillac,École Sainte-Louise-de-Marillac,"8100, rue de Marseille",,H1L1P3,66023,Montréal,762385,Sainte-Louise-de-Marillac,"8100, rue de Marseille",,66023,Montréal,H1L1P3,1,1,0,0,0,https://ste-louise-de-marillac.cssdm.gouv.qc.ca/,-73.52931,45.596818,Préscolaire - Primaire,762000,Franco,4_OrgImm_Franco_presc_prim,Montréal,Montréal,Montréal,Camille-Laurin,Centre de services scolaire de Montréal
110,1651,,,762012,École Saint-François-d'Assise,École Saint-François-d'Assise,"2150, rue Liébert",,H1L5R1,66023,Montréal,762016,Saint-François-d'Assise,"2150, rue Liébert",,66023,Montréal,H1L5R1,1,1,0,0,0,https://st-francois-dassise.cssdm.gouv.qc.ca/,-73.518564,45.593812,Préscolaire - Primaire,762000,Franco,4_OrgImm_Franco_presc_prim,Montréal,Montréal,Montréal,Camille-Laurin,Centre de services scolaire de Montréal
111,1652,,,762013,École Boucher-De La Bruère,École Boucher-De La Bruère,"7760, rue La Fontaine",,H1L3H2,66023,Montréal,762209,Boucher-De La Bruère,"7760, rue La Fontaine",,66023,Montréal,H1L3H2,1,1,0,0,0,https://boucher-delabruere.cssdm.gouv.qc.ca/,-73.513173,45.588439,Préscolaire - Primaire,762000,Franco,4_OrgImm_Franco_presc_prim,Montréal,Montréal,Montréal,Camille-Laurin,Centre de services scolaire de Montréal
112,1653,,,762014,École Saint-Donat,École Saint-Donat,"3155, rue Desautels",,H1N3B8,66023,Montréal,762338,Saint-Donat,"3155, rue Désautels",,66023,Montréal,H1N3B8,1,1,0,0,0,https://st-donat.cssdm.gouv.qc.ca/,-73.539426,45.583696,Préscolaire - Primaire,762000,Franco,4_OrgImm_Franco_presc_prim,Montréal,Montréal,Montréal,Camille-Laurin,Centre de services scolaire de Montréal
113,1654,,,762014,École Saint-Donat,École Saint-Donat,"3155, rue Desautels",,H1N3B8,66023,Montréal,762436,"Saint-Donat, annexe","3100, rue Arcand",,66023,Montréal,H1N3C7,1,1,0,0,0,https://st-donat.cssdm.gouv.qc.ca/,-73.539187,45.584074,Préscolaire - Primaire,762000,Franco,4_OrgImm_Franco_presc_prim,Montréal,Montréal,Montréal,Camille-Laurin,Centre de services scolaire de Montréal
114,1655,,,762015,École Saint-Fabien,École Saint-Fabien,"6500, avenue De Renty",,H1M1M4,66023,Montréal,762336,"Marie-Anne, annexe Rosalie-Jetté","5100, rue Bossuet",,66023,Montréal,H1M2M4,1,1,0,0,0,https://st-fabien.cssdm.gouv.qc.ca/,-73.551805,45.577414,Préscolaire - Primaire,762000,Franco,4_OrgImm_Franco_presc_prim,Montréal,Montréal,Montréal,Anjou–Louis-Riel,Centre de services scolaire de Montréal
115,1656,,,762015,École Saint-Fabien,École Saint-Fabien,"6500, avenue De Renty",,H1M1M4,66023,Montréal,762399,Saint-Fabien,"6500, avenue de Renty",,66023,Montréal,H1M1M4,1,1,0,0,0,https://st-fabien.cssdm.gouv.qc.ca/,-73.550176,45.583201,Préscolaire - Primaire,762000,Franco,4_OrgImm_Franco_presc_prim,Montréal,Montréal,Montréal,Anjou–Louis-Riel,Centre de services scolaire de Montréal
116,1657,,,762017,École Louis-Dupire,École Louis-Dupire,"6400, avenue Pierre-De Coubertin",,H1N1S4,66023,Montréal,762036,Louis-Dupire,"6400, av. Pierre-De Coubertin",,66023,Montréal,H1N1S4,1,1,0,0,0,https://louis-dupire.cssdm.gouv.qc.ca/,-73.535646,45.576505,Préscolaire - Primaire,762000,Franco,4_OrgImm_Franco_presc_prim,Montréal,Montréal,Montréal,Camille-Laurin,Centre de services scolaire de Montréal
117,1658,,,762019,École Guillaume-Couture,École Guillaume-Couture,"6300, avenue Albani",,H1M2R8,66023,Montréal,762080,Guillaume-Couture,"6300, avenue Albani",,66023,Montréal,H1M2R8,1,1,0,0,0,https://guillaume-couture.cssdm.gouv.qc.ca/,-73.560927,45.583651,Préscolaire - Primaire,762000,Franco,4_OrgImm_Franco_presc_prim,Montréal,Montréal,Montréal,Anjou–Louis-Riel,Centre de services scolaire de Montréal
118,1659,,,762022,École Notre-Dame-des-Victoires,École Notre-Dame-des-Victoires,"2720, rue Bossuet",,H1N2S6,66023,Montréal,762052,Notre-Dame-des-Victoires,"2720, rue Bossuet",,66023,Montréal,H1N2S6,1,1,0,0,0,https://notre-dame-des-victoires.cssdm.gouv.qc.ca/,-73.539205,45.573508,Préscolaire - Primaire,762000,Franco,4_OrgImm_Franco_presc_prim,Montréal,Montréal,Montréal,Camille-Laurin,Centre de services scolaire de Montréal
119,1660,,,762022,École Notre-Dame-des-Victoires,École Notre-Dame-des-Victoires,"2720, rue Bossuet",,H1N2S6,66023,Montréal,762135,"Notre-Dame-Des-Victoires, annexe","6120, rue La Fontaine",,66023,Montréal,H1N2C1,1,1,0,0,0,https://notre-dame-des-victoires.cssdm.gouv.qc.ca/,-73.523995,45.571132,Préscolaire - Primaire,762000,Franco,4_OrgImm_Franco_presc_prim,Montréal,Montréal,Montréal,Camille-Laurin,Centre de services scolaire de Montréal
120,1661,,,762023,École Alphonse-Desjardins,École Alphonse-Desjardins,"6600, rue Lemay",,H1T2L7,66023,Montréal,762002,Alphonse-Desjardins,"6600, rue Lemay",,66023,Montréal,H1T2L7,1,1,0,0,0,https://alphonse-desjardins.cssdm.gouv.qc.ca/,-73.570107,45.57736,Préscolaire - Primaire,762000,Franco,4_OrgImm_Franco_presc_prim,Montréal,Montréal,Montréal,Rosemont,Centre de services scolaire de Montréal
121,1662,,,762023,École Alphonse-Desjardins,École Alphonse-Desjardins,"6600, rue Lemay",,H1T2L7,66023,Montréal,762194,"Alphonse-Desjardins, annexe temp.","6650, 39e Avenue",,66023,Montréal,H1T2W8,1,1,0,0,0,https://alphonse-desjardins.cssdm.gouv.qc.ca/,-73.573675,45.572923,Préscolaire - Primaire,762000,Franco,4_OrgImm_Franco_presc_prim,Montréal,Montréal,Montréal,Rosemont,Centre de services scolaire de Montréal
122,1663,,,762024,École Notre-Dame-du-Foyer,École Notre-Dame-du-Foyer,"5955, 41e Avenue",,H1T2T7,66023,Montréal,762257,Notre-Dame-du-Foyer,"5955, 41e Avenue",,66023,Montréal,H1T2T7,1,1,0,0,0,https://notre-dame-du-foyer.cssdm.gouv.qc.ca/,-73.565067,45.572383,Préscolaire - Primaire,762000,Franco,4_OrgImm_Franco_presc_prim,Montréal,Montréal,Montréal,Rosemont,Centre de services scolaire de Montréal
123,1664,,,762025,École Saint-Clément,École Saint-Clément,"4770, rue La Fontaine",,H1V1R3,66023,Montréal,762082,Saint-Clément,"4770, rue La Fontaine",,66023,Montréal,H1V1R3,1,1,0,0,0,https://st-clement.cssdm.gouv.qc.ca/,-73.533936,45.556444,Préscolaire - Primaire,762000,Franco,4_OrgImm_Franco_presc_prim,Montréal,Montréal,Montréal,Hochelaga-Maisonneuve,Centre de services scolaire de Montréal
124,1665,,,762028,École Maisonneuve,École Maisonneuve,1680 avenue Morgan,,H1V2P9,66023,Montréal,762103,Maisonneuve,"1680, avenue Morgan",,66023,Montréal,H1V2P9,1,1,0,0,0,https://maisonneuve.cssdm.gouv.qc.ca/,-73.536483,45.552124,Préscolaire - Primaire,762000,Franco,4_OrgImm_Franco_presc_prim,Montréal,Montréal,Montréal,Hochelaga-Maisonneuve,Centre de services scolaire de Montréal
125,1666,,,762029,École des Monarques,École des Monarques,"6455, 27e Avenue",,H1T3J8,66023,Montréal,762190,"Des Monarques, édifice Marie-Rollet","4315, rue Beaubien Est",,66023,Montréal,H1T1S8,1,1,0,0,0,https://des-monarques.cssdm.gouv.qc.ca/,-73.578342,45.564769,Préscolaire - Primaire,762000,Franco,4_OrgImm_Franco_presc_prim,Montréal,Montréal,Montréal,Rosemont,Centre de services scolaire de Montréal
126,1667,,,762029,École des Monarques,École des Monarques,"6455, 27e Avenue",,H1T3J8,66023,Montréal,762287,"Des Monarques, édifice Saint-Jean-Vianney","6455, 27e Avenue",,66023,Montréal,H1T3J8,0,1,0,0,0,https://des-monarques.cssdm.gouv.qc.ca/,-73.575808,45.565408,Primaire,762000,Franco,2_OrgImm_Franco_primaire,Montréal,Montréal,Montréal,Rosemont,Centre de services scolaire de Montréal
127,1668,,,762029,École des Monarques,École des Monarques,"6455, 27e Avenue",,H1T3J8,66023,Montréal,762297,"Transitoire - Des Monarques, annexe 36e Avenue","6755, 36e Avenue",,66023,Montréal,H1T2Z9,1,1,0,0,0,https://des-monarques.cssdm.gouv.qc.ca/,-73.577383,45.572329,Préscolaire - Primaire,762000,Franco,4_OrgImm_Franco_presc_prim,Montréal,Montréal,Montréal,Rosemont,Centre de services scolaire de Montréal
128,1669,,,762032,École Saint-Jean-Baptiste-de-la-Salle,École Saint-Jean-Baptiste-de-la-Salle,"2355, boulevard Pie-IX",,H1V2E6,66023,Montréal,762140,Saint-Jean-Baptiste-de-la-Salle,"2355, boulevard Pie IX",,66023,Montréal,H1V2E6,1,1,0,0,0,https://st-jean-baptiste-de-la-salle.cssdm.gouv.qc.ca/,-73.546325,45.552133,Préscolaire - Primaire,762000,Franco,4_OrgImm_Franco_presc_prim,Montréal,Montréal,Montréal,Hochelaga-Maisonneuve,Centre de services scolaire de Montréal
129,1670,,,762033,École Saint-Nom-de-Jésus,École Saint-Nom-de-Jésus,"4131, rue Adam",,H1V1S8,66023,Montréal,762152,Saint-Nom-de-Jésus,"4131, rue Adam",,66023,Montréal,H1V1S8,1,1,0,0,0,https://st-nom-de-jesus.cssdm.gouv.qc.ca/,-73.537271,45.549298,Préscolaire - Primaire,762000,Franco,4_OrgImm_Franco_presc_prim,Montréal,Montréal,Montréal,Hochelaga-Maisonneuve,Centre de services scolaire de Montréal
130,1671,,,762034,École Bienville,École Bienville,"9275, 25e Avenue",,H1Z4E2,66023,Montréal,762020,Bienville,"9275, 25e Avenue",,66023,Montréal,H1Z4E2,1,1,0,0,0,https://bienville.cssdm.gouv.qc.ca/,-73.622568,45.583345,Préscolaire - Primaire,762000,Franco,4_OrgImm_Franco_presc_prim,Montréal,Montréal,Montréal,Viau,Centre de services scolaire de Montréal
131,1672,,,762035,École Sainte-Jeanne-d'Arc,École Sainte-Jeanne-d'Arc,"3700, rue Sherbrooke Est",,H1X1Z8,66023,Montréal,762365,Sainte-Jeanne-d'Arc,"3700, rue Sherbrooke Est",,66023,Montréal,H1X1Z8,1,1,0,0,0,https://ste-jeanne-darc.cssdm.gouv.qc.ca/,-73.554425,45.54919,Préscolaire - Primaire,762000,Franco,4_OrgImm_Franco_presc_prim,Montréal,Montréal,Montréal,Hochelaga-Maisonneuve,Centre de services scolaire de Montréal
132,1673,,,762036,École Saint-Noël-Chabanel,"École Saint-Noël-Chabanel, pavillon des Bâtisseurs","8801, 25e Avenue",,H1Z4B4,66023,Montréal,762019,"Saint-Noël-Chabanel, pavillon des Bâtisseurs","8801, 25e Avenue",,66023,Montréal,H1Z4B4,0,1,0,0,0,https://st-noel-chabanel.cssdm.gouv.qc.ca/,-73.613307,45.579079,Primaire,762000,Franco,2_OrgImm_Franco_primaire,Montréal,Montréal,Montréal,Viau,Centre de services scolaire de Montréal
133,1674,,,762036,École Saint-Noël-Chabanel,"École Saint-Noël-Chabanel, pavillon des Bâtisseurs","8801, 25e Avenue",,H1Z4B4,66023,Montréal,762313,"Saint-Noël-Chabanel, pavillon des Découvreurs","8777, 24e Avenue",,66023,Montréal,H1Z3Z8,1,1,0,0,0,https://st-noel-chabanel.cssdm.gouv.qc.ca/,-73.613905,45.578404,Préscolaire - Primaire,762000,Franco,4_OrgImm_Franco_presc_prim,Montréal,Montréal,Montréal,Viau,Centre de services scolaire de Montréal
134,1675,,,762036,École Saint-Noël-Chabanel,"École Saint-Noël-Chabanel, pavillon des Bâtisseurs","8801, 25e Avenue",,H1Z4B4,66023,Montréal,762418,"Transitoire - Saint-Noël-Chabanel, pav. Bâtisseurs","4121, 42e Rue",,66023,Montréal,H1Z1R8,0,1,0,0,0,https://st-noel-chabanel.cssdm.gouv.qc.ca/,-73.6185,45.579403,Primaire,762000,Franco,2_OrgImm_Franco_primaire,Montréal,Montréal,Montréal,Viau,Centre de services scolaire de Montréal
135,1676,,,762039,École Léonard-De Vinci,École Léonard-De Vinci,"7575, 19e Avenue",,H2A2M2,66023,Montréal,762107,"Léonard-De Vinci, annexe","7630, 22e Avenue",,66023,Montréal,H2A2H9,1,1,0,0,0,https://leonard-de-vinci.cssdm.gouv.qc.ca/,-73.599168,45.568792,Préscolaire - Primaire,762000,Franco,4_OrgImm_Franco_presc_prim,Montréal,Montréal,Montréal,Viau,Centre de services scolaire de Montréal
136,1677,,,762039,École Léonard-De Vinci,École Léonard-De Vinci,"7575, 19e Avenue",,H2A2M2,66023,Montréal,762412,Léonard-De Vinci,"7575, 19e Avenue",,66023,Montréal,H2A2M2,0,1,0,0,0,https://leonard-de-vinci.cssdm.gouv.qc.ca/,-73.599253,45.567415,Primaire,762000,Franco,2_OrgImm_Franco_primaire,Montréal,Montréal,Montréal,Viau,Centre de services scolaire de Montréal
137,1678,,,762040,École Saint-Albert-le-Grand,École Saint-Albert-le-Grand,"5050, 18e Avenue",,H1X2N9,66023,Montréal,762295,Saint-Albert-le-Grand,"5050, 18e Avenue",,66023,Montréal,H1X2N9,1,1,0,0,0,https://st-albert-le-grand.cssdm.gouv.qc.ca/,-73.565787,45.554239,Préscolaire - Primaire,762000,Franco,4_OrgImm_Franco_presc_prim,Montréal,Montréal,Montréal,Rosemont,Centre de services scolaire de Montréal
138,1679,,,762041,École Baril,École Baril,"3603, rue Adam",,H1W1Z1,66023,Montréal,762202,Baril,"3603, rue Adam",,66023,Montréal,H1W1Z1,1,1,0,0,0,https://baril.cssdm.gouv.qc.ca/,-73.541316,45.544222,Préscolaire - Primaire,762000,Franco,4_OrgImm_Franco_presc_prim,Montréal,Montréal,Montréal,Hochelaga-Maisonneuve,Centre de services scolaire de Montréal
139,1680,,,762043,École Sainte-Bernadette-Soubirous,École Sainte-Bernadette-Soubirous,"6855, 16e Avenue",,H1X2T5,66023,Montréal,762076,"Sainte-Bernadette-Soubirous, annexe","6885, 16e Avenue",,66023,Montréal,H1X2T5,1,0,0,0,0,https://ste-bernadette-soubirous.cssdm.gouv.qc.ca/,-73.58965,45.560485,Préscolaire,762000,Franco,1_OrgImm_Franco_prescolaire,Montréal,Montréal,Montréal,Rosemont,Centre de services scolaire de Montréal
140,1681,,,762043,École Sainte-Bernadette-Soubirous,École Sainte-Bernadette-Soubirous,"6855, 16e Avenue",,H1X2T5,66023,Montréal,762409,Sainte-Bernadette-Soubirous,"6855, 16e Avenue",,66023,Montréal,H1X2T5,1,1,0,0,0,https://ste-bernadette-soubirous.cssdm.gouv.qc.ca/,-73.5888,45.560485,Préscolaire - Primaire,762000,Franco,4_OrgImm_Franco_presc_prim,Montréal,Montréal,Montréal,Rosemont,Centre de services scolaire de Montréal
141,1682,,,762044,École Saint-François-Solano,École Saint-François-Solano,"3580, rue Dandurand",,H1X1N6,66023,Montréal,762078,Saint-François-Solano,"3580, rue Dandurand",,66023,Montréal,H1X1N6,1,1,0,0,0,https://st-francois-solano.cssdm.gouv.qc.ca/,-73.573464,45.554914,Préscolaire - Primaire,762000,Franco,4_OrgImm_Franco_presc_prim,Montréal,Montréal,Montréal,Rosemont,Centre de services scolaire de Montréal
142,1683,,,762045,École Sainte-Bibiane,École Sainte-Bibiane,"5755, 13e Avenue",,H1X2Y3,66023,Montréal,762207,Sainte-Bibiane,"5755, 13e Avenue",,66023,Montréal,H1X2Y3,1,1,0,0,0,https://ste-bibiane.cssdm.gouv.qc.ca/,-73.577469,45.554023,Préscolaire - Primaire,762000,Franco,4_OrgImm_Franco_presc_prim,Montréal,Montréal,Montréal,Rosemont,Centre de services scolaire de Montréal
143,1684,,,762046,École Rose-des-Vents,École Rose-des-Vents,"3000, rue Beaubien Est",,H1Y1H2,66023,Montréal,762288,Rose-des-Vents,"3000, rue Beaubien Est",,66023,Montréal,H1Y1H2,1,1,0,0,0,https://rose-des-vents.cssdm.gouv.qc.ca/,-73.587522,45.552493,Préscolaire - Primaire,762000,Franco,4_OrgImm_Franco_presc_prim,Montréal,Montréal,Montréal,Rosemont,Centre de services scolaire de Montréal
144,1685,,,762048,École Saint-Émile,École Saint-Émile,"5937, 9e Avenue",,H1Y2K4,66023,Montréal,762311,Saint-Émile,"3450, rue Davidson",,66023,Montréal,H1W2Z5,1,1,0,0,0,https://st-emile.cssdm.gouv.qc.ca/,-73.557737,45.545986,Préscolaire - Primaire,762000,Franco,4_OrgImm_Franco_presc_prim,Montréal,Montréal,Montréal,Hochelaga-Maisonneuve,Centre de services scolaire de Montréal
145,1686,,,762049,École Notre-Dame-de-l'Assomption,École Notre-Dame-de-l'Assomption,"2430, rue Darling",,H1W2X1,66023,Montréal,762210,Notre-Dame-de-l'Assomption,"2430, rue Darling",,66023,Montréal,H1W2X1,1,1,0,0,0,https://notre-dame-de-lassomption.cssdm.gouv.qc.ca/,-73.552202,45.543799,Préscolaire - Primaire,762000,Franco,4_OrgImm_Franco_presc_prim,Montréal,Montréal,Montréal,Hochelaga-Maisonneuve,Centre de services scolaire de Montréal
146,1687,,,762051,École Saint-Antoine-Marie-Claret,École Saint-Antoine-Marie-Claret,"10600, avenue Larose",,H2B2Z3,66023,Montréal,762296,Saint-Antoine-Marie-Claret,"10600, avenue Larose",,66023,Montréal,H2B2Z3,1,1,0,0,0,https://st-antoine-marie-claret.cssdm.gouv.qc.ca/,-73.649712,45.57961,Préscolaire - Primaire,762000,Franco,4_OrgImm_Franco_presc_prim,Montréal,Montréal,Montréal,Maurice-Richard,Centre de services scolaire de Montréal
147,1688,,,762053,École Atelier,École Atelier,"10055, rue Jean-Jacques-Gagnier",,H2B2Z7,66023,Montréal,762001,Atelier,"10055,rue Jean-Jacques-Gagnier",,66023,Montréal,H2B2Z7,1,1,0,0,0,https://atelier.cssdm.gouv.qc.ca/,-73.641067,45.577477,Préscolaire - Primaire,762000,Franco,4_OrgImm_Franco_presc_prim,Montréal,Montréal,Montréal,Maurice-Richard,Centre de services scolaire de Montréal
148,1689,,,762054,École Sainte-Lucie,École Sainte-Lucie,"8901, boulevard St-Michel",,H1Z3G3,66023,Montréal,762213,Sainte-Lucie,"8901, boulevard Saint-Michel",,66023,Montréal,H1Z3G3,1,1,0,0,0,https://ste-lucie.cssdm.gouv.qc.ca/,-73.625349,45.570961,Préscolaire - Primaire,762000,Franco,4_OrgImm_Franco_presc_prim,Montréal,Montréal,Montréal,Viau,Centre de services scolaire de Montréal
149,1690,,,762055,École Montcalm,École Montcalm,"8800, 12e Avenue",,H1Z3J3,66023,Montréal,762398,Montcalm,"8800, 12e Avenue",,66023,Montréal,H1Z3J3,1,1,0,0,0,https://montcalm.cssdm.gouv.qc.ca/,-73.62246,45.569899,Préscolaire - Primaire,762000,Franco,4_OrgImm_Franco_presc_prim,Montréal,Montréal,Montréal,Viau,Centre de services scolaire de Montréal
150,1691,,,762056,École Sans-Frontières,École Sans-Frontières,"5937, 9e Avenue",,H1Y2K4,66023,Montréal,762410,Sans-Frontières,"5937, 9e Avenue",,66023,Montréal,H1Y2K4,1,1,0,0,0,https://sans-frontieres.cssdm.gouv.qc.ca/,-73.582464,45.552628,Préscolaire - Primaire,762000,Franco,4_OrgImm_Franco_presc_prim,Montréal,Montréal,Montréal,Rosemont,Centre de services scolaire de Montréal
151,1692,,,762058,École Saint-Jean-de-la-Lande,École Saint-Jean-de-la-Lande,"3120, avenue Laurier Est",,H1Y1Z6,66023,Montréal,762292,Saint-Jean-de-la-Lande,"3120, avenue Laurier Est",,66023,Montréal,H1Y1Z6,1,1,0,0,0,https://st-jean-de-la-lande.cssdm.gouv.qc.ca/,-73.570134,45.548119,Préscolaire - Primaire,762000,Franco,4_OrgImm_Franco_presc_prim,Montréal,Montréal,Montréal,Rosemont,Centre de services scolaire de Montréal
152,1693,,,762058,École Saint-Jean-de-la-Lande,École Saint-Jean-de-la-Lande,"3120, avenue Laurier Est",,H1Y1Z6,66023,Montréal,762294,"Saint-Jean-de-la-Lande, annexe","5095, 9e Avenue",,66023,Montréal,H1Y2J3,1,1,0,0,0,https://st-jean-de-la-lande.cssdm.gouv.qc.ca/,-73.569689,45.548821,Préscolaire - Primaire,762000,Franco,4_OrgImm_Franco_presc_prim,Montréal,Montréal,Montréal,Rosemont,Centre de services scolaire de Montréal
153,1694,,,762058,École Saint-Jean-de-la-Lande,École Saint-Jean-de-la-Lande,"3120, avenue Laurier Est",,H1Y1Z6,66023,Montréal,762340,"Saint-Jean-de-la-Lande, annexe temporaire","5015, 9e Avenue",,66023,Montréal,H1Y2J3,0,1,0,0,0,https://st-jean-de-la-lande.cssdm.gouv.qc.ca/,-73.569689,45.548821,Primaire,762000,Franco,2_OrgImm_Franco_primaire,Montréal,Montréal,Montréal,Rosemont,Centre de services scolaire de Montréal
154,1695,,,762059,Ecole Marie-Rivier,École Marie-Rivier,"9200, 8e Avenue",,H1Z2Y5,66023,Montréal,762333,"Marie-Rivier, pavillon Legendre","9066, 8e Avenue",,66023,Montréal,H1Z2Y5,0,1,0,0,0,https://marie-rivier.cssdm.gouv.qc.ca/,-73.629867,45.570088,Primaire,762000,Franco,2_OrgImm_Franco_primaire,Montréal,Montréal,Montréal,Viau,Centre de services scolaire de Montréal
155,1696,,,762059,Ecole Marie-Rivier,École Marie-Rivier,"9200, 8e Avenue",,H1Z2Y5,66023,Montréal,762348,"Marie-Rivier, pavillon Louvain","9200, 8e Avenue",,66023,Montréal,H1Z2Y5,1,1,0,0,0,https://marie-rivier.cssdm.gouv.qc.ca/,-73.631275,45.570709,Préscolaire - Primaire,762000,Franco,4_OrgImm_Franco_presc_prim,Montréal,Montréal,Montréal,Viau,Centre de services scolaire de Montréal
156,1697,,,762061,École Saint-Bernardin,École Saint-Bernardin,"2950, rue Jarry Est",,H1Z2C8,66023,Montréal,762236,Saint-Bernardin,"2950, rue Jarry Est",,66023,Montréal,H1Z2C8,1,1,0,0,0,https://st-bernardin.cssdm.gouv.qc.ca/,-73.610823,45.561313,Préscolaire - Primaire,762000,Franco,4_OrgImm_Franco_presc_prim,Montréal,Montréal,Montréal,Viau,Centre de services scolaire de Montréal
157,1698,,,762061,École Saint-Bernardin,École Saint-Bernardin,"2950, rue Jarry Est",,H1Z2C8,66023,Montréal,762309,"Saint-Bernardin, annexe","7900, 8e Avenue",,66023,Montréal,H1Z2V9,1,1,0,0,0,https://st-bernardin.cssdm.gouv.qc.ca/,-73.609693,45.560809,Préscolaire - Primaire,762000,Franco,4_OrgImm_Franco_presc_prim,Montréal,Montréal,Montréal,Viau,Centre de services scolaire de Montréal
158,1699,,,762063,École Saint-Mathieu,École Saint-Mathieu,"7230, 8e Avenue",,H2A3C7,66023,Montréal,762235,"Saint-Mathieu, annexe","7110, 8e Avenue",,66023,Montréal,H2A3C4,1,1,0,0,0,https://st-mathieu.cssdm.gouv.qc.ca/,-73.598259,45.556021,Préscolaire - Primaire,762000,Franco,4_OrgImm_Franco_presc_prim,Montréal,Montréal,Montréal,Viau,Centre de services scolaire de Montréal
159,1700,,,762063,École Saint-Mathieu,École Saint-Mathieu,"7230, 8e Avenue",,H2A3C7,66023,Montréal,762282,Saint-Mathieu,"7230, 8e Avenue",,66023,Montréal,H2A3C7,1,1,0,0,0,https://st-mathieu.cssdm.gouv.qc.ca/,-73.600414,45.556957,Préscolaire - Primaire,762000,Franco,4_OrgImm_Franco_presc_prim,Montréal,Montréal,Montréal,Viau,Centre de services scolaire de Montréal
160,1701,,,762064,École Saint-Jean-de-Brébeuf,École Saint-Jean-de-Brébeuf,"2870, rue Dandurand",,H1Y1T5,66023,Montréal,762127,Saint-Jean-de-Brébeuf,"2870, rue Dandurand",,66023,Montréal,H1Y1T5,1,1,0,0,0,https://st-jean-de-brebeuf.cssdm.gouv.qc.ca/,-73.577528,45.548596,Préscolaire - Primaire,762000,Franco,4_OrgImm_Franco_presc_prim,Montréal,Montréal,Montréal,Gouin,Centre de services scolaire de Montréal
161,1702,,,762064,École Saint-Jean-de-Brébeuf,École Saint-Jean-de-Brébeuf,"2870, rue Dandurand",,H1Y1T5,66023,Montréal,762215,Saint-Jean-de-Brébeuf - Transitoire,"6361, 6e Avenue",,66023,Montréal,H1Y2R7,1,1,0,0,0,https://st-jean-de-brebeuf.cssdm.gouv.qc.ca/,-73.587189,45.551899,Préscolaire - Primaire,762000,Franco,4_OrgImm_Franco_presc_prim,Montréal,Montréal,Montréal,Rosemont,Centre de services scolaire de Montréal
162,1703,,,762065,École Saint-Marc,École Saint-Marc,"6365, 1ère Avenue",,H1Y3A9,66023,Montréal,762097,Saint-Marc,"6365, 1re Avenue",,66023,Montréal,H1Y3A9,1,1,0,0,0,https://st-marc.cssdm.gouv.qc.ca/,-73.588593,45.549973,Préscolaire - Primaire,762000,Franco,4_OrgImm_Franco_presc_prim,Montréal,Montréal,Montréal,Gouin,Centre de services scolaire de Montréal
163,1704,,,762068,École Saint-Anselme,École Saint-Anselme,"2743, rue de Rouen",,H2K1N2,66023,Montréal,762047,Saint-Anselme,"2743, rue De Rouen",,66023,Montréal,H2K1N2,1,1,0,0,0,https://st-anselme.cssdm.gouv.qc.ca/,-73.555014,45.53632,Préscolaire - Primaire,762000,Franco,4_OrgImm_Franco_presc_prim,Montréal,Montréal,Montréal,Hochelaga-Maisonneuve,Centre de services scolaire de Montréal
164,1705,,,762069,École Saints-Martyrs-Canadiens,École Saints-Martyrs-Canadiens,"9920, rue Parthenais",,H2B2L4,66023,Montréal,762195,"Saints-Martyrs-Canadiens, pavillon Sauriol","10000, rue Parthenais",,66023,Montréal,H2B2L4,1,1,0,0,0,https://sts-martyrs-canadiens.cssdm.gouv.qc.ca/,-73.646701,45.570844,Préscolaire - Primaire,762000,Franco,4_OrgImm_Franco_presc_prim,Montréal,Montréal,Montréal,Maurice-Richard,Centre de services scolaire de Montréal
165,1706,,,762069,École Saints-Martyrs-Canadiens,École Saints-Martyrs-Canadiens,"9920, rue Parthenais",,H2B2L4,66023,Montréal,762226,"Saints-Martyrs-Canadiens, pavillon Sauvé","9920, rue Parthenais",,66023,Montréal,H2B2L4,1,1,0,0,0,https://sts-martyrs-canadiens.cssdm.gouv.qc.ca/,-73.645882,45.570358,Préscolaire - Primaire,762000,Franco,4_OrgImm_Franco_presc_prim,Montréal,Montréal,Montréal,Maurice-Richard,Centre de services scolaire de Montréal
166,1707,,,762070,École Jean-Paul-Riopelle,École Jean-Paul-Riopelle,"2430, terrasse Mercure",,H2H1P2,66023,Montréal,762027,"Jean-Paul-Riopelle, bâtiment Saint-Louis-de Gonzague","2175, rue Rachel Est",,66023,Montréal,H2H1R3,1,1,0,0,0,https://jean-paul-riopelle.cssdm.gouv.qc.ca/,-73.566822,45.533755,Préscolaire - Primaire,762000,Franco,4_OrgImm_Franco_presc_prim,Montréal,Montréal,Montréal,Mercier,Centre de services scolaire de Montréal
167,1708,,,762070,École Jean-Paul-Riopelle,École Jean-Paul-Riopelle,"2430, terrasse Mercure",,H2H1P2,66023,Montréal,762201,"Jean-Paul-Riopelle, bâtiment Jean-Paul-Riopelle","2430, Terrasse Mercure",,66023,Montréal,H2H1P2,1,1,0,0,0,https://jean-paul-riopelle.cssdm.gouv.qc.ca/,-73.564793,45.536131,Préscolaire - Primaire,762000,Franco,4_OrgImm_Franco_presc_prim,Montréal,Montréal,Montréal,Mercier,Centre de services scolaire de Montréal
168,1709,,,762071,École Saint-Barthélemy,"École Saint-Barthélemy, pavillon des Érables","7081, avenue des Érables",,H2E2R1,66023,Montréal,762167,"Saint-Barthélémy, pavillon Sagard","7400, rue Sagard",,66023,Montréal,H2E2S9,1,1,0,0,0,https://st-barthelemy.cssdm.gouv.qc.ca/,-73.607641,45.55252,Préscolaire - Primaire,762000,Franco,4_OrgImm_Franco_presc_prim,Montréal,Montréal,Montréal,Viau,Centre de services scolaire de Montréal
169,1710,,,762071,École Saint-Barthélemy,"École Saint-Barthélemy, pavillon des Érables","7081, avenue des Érables",,H2E2R1,66023,Montréal,762208,"Saint-Barthélémy, pavillon des Érables","7081, avenue des Érables",,66023,Montréal,H2E2R1,1,1,0,0,0,https://st-barthelemy.cssdm.gouv.qc.ca/,-73.602669,45.550324,Préscolaire - Primaire,762000,Franco,4_OrgImm_Franco_presc_prim,Montréal,Montréal,Montréal,Viau,Centre de services scolaire de Montréal
170,1711,,,762074,École Jean-Baptiste-Meilleur,École Jean-Baptiste-Meilleur,"2237, rue Fullum",,H2K3P1,66023,Montréal,762032,Jean-Baptiste-Meilleur,"2237, rue Fullum",,66023,Montréal,H2K3P1,1,1,0,0,0,https://jean-baptiste-meilleur.cssdm.gouv.qc.ca/,-73.5578,45.532324,Préscolaire - Primaire,762000,Franco,4_OrgImm_Franco_presc_prim,Montréal,Montréal,Montréal,Sainte-Marie–Saint-Jacques,Centre de services scolaire de Montréal
171,1712,,,762075,École La Visitation,École La Visitation,"10591, rue Séguin",,H2B2B8,66023,Montréal,762198,La Visitation,"10591, rue Séguin",,66023,Montréal,H2B2B8,1,1,0,0,0,https://la-visitation.cssdm.gouv.qc.ca/,-73.656358,45.570853,Préscolaire - Primaire,762000,Franco,4_OrgImm_Franco_presc_prim,Montréal,Montréal,Montréal,Maurice-Richard,Centre de services scolaire de Montréal
172,1713,,,762076,École Saint-Grégoire-le-Grand,École Saint-Grégoire-le-Grand,"7950, rue Cartier",,H2E2K2,66023,Montréal,762299,Saint-Grégoire-le-Grand,"7950, rue Cartier",,66023,Montréal,H2E2K2,1,1,0,0,0,https://st-gregoire-le-grand.cssdm.gouv.qc.ca/,-73.616826,45.552681,Préscolaire - Primaire,762000,Franco,4_OrgImm_Franco_presc_prim,Montréal,Montréal,Montréal,Viau,Centre de services scolaire de Montréal
173,1714,,,762077,École Madeleine-de-Verchères,École Madeleine-de-Verchères,"6017, rue Cartier",,H2G2V4,66023,Montréal,762123,Madeleine-de-Verchères,"6017, rue Cartier",,66023,Montréal,H2G2V4,1,1,0,0,0,https://madeleine-de-vercheres.cssdm.gouv.qc.ca/,-73.592013,45.542116,Préscolaire - Primaire,762000,Franco,4_OrgImm_Franco_presc_prim,Montréal,Montréal,Montréal,Gouin,Centre de services scolaire de Montréal
174,1715,,,762079,École Saint-Pierre-Claver,École Saint-Pierre-Claver,"2110, boulevard Saint-Joseph Est",,H2H1E7,66023,Montréal,762166,Saint-Pierre-Claver,"2110, boulevard St-Joseph Est",,66023,Montréal,H2H1E7,1,1,0,0,0,https://st-pierre-claver.cssdm.gouv.qc.ca/,-73.576421,45.537454,Préscolaire - Primaire,762000,Franco,4_OrgImm_Franco_presc_prim,Montréal,Montréal,Montréal,Mercier,Centre de services scolaire de Montréal
175,1716,,,762080,École Champlain,École Champlain,"2260, rue Logan",,H2K4K7,66023,Montréal,762073,Champlain,"2260, rue Logan",,66023,Montréal,H2K4K7,1,1,0,0,0,https://champlain.cssdm.gouv.qc.ca/,-73.550424,45.528814,Préscolaire - Primaire,762000,Franco,4_OrgImm_Franco_presc_prim,Montréal,Montréal,Montréal,Sainte-Marie–Saint-Jacques,Centre de services scolaire de Montréal
176,1717,,,762081,École Élan,École Élan,"3450, avenue De Lorimier",,H2K3X6,66023,Montréal,762360,Élan,"3450, avenue de Lorimier",,66023,Montréal,H2K3X6,1,1,0,0,0,https://elan.cssdm.gouv.qc.ca/,-73.564095,45.53074,Préscolaire - Primaire,762000,Franco,4_OrgImm_Franco_presc_prim,Montréal,Montréal,Montréal,Sainte-Marie–Saint-Jacques,Centre de services scolaire de Montréal
177,1718,,,762082,École Saint-Isaac-Jogues,École Saint-Isaac-Jogues,"9355, avenue De Galinée",,H2M2A7,66023,Montréal,762109,Saint-Isaac-Jogues,"9355, avenue de Galinée",,66023,Montréal,H2M2A7,1,1,0,0,0,https://st-isaac-jogues.cssdm.gouv.qc.ca/,-73.642971,45.559405,Préscolaire - Primaire,762000,Franco,4_OrgImm_Franco_presc_prim,Montréal,Montréal,Montréal,Maurice-Richard,Centre de services scolaire de Montréal
178,1719,,,762084,École Saint-Gabriel-Lalemant,École Saint-Gabriel-Lalemant,"7350, rue Garnier",,H2E2A3,66023,Montréal,762298,Saint-Gabriel-Lalemant,"7350, rue Garnier",,66023,Montréal,H2E2A3,1,1,0,0,0,https://st-gabriel-lalemant.cssdm.gouv.qc.ca/,-73.611574,45.54703,Préscolaire - Primaire,762000,Franco,4_OrgImm_Franco_presc_prim,Montréal,Montréal,Montréal,Laurier-Dorion,Centre de services scolaire de Montréal
179,1720,,,762084,École Saint-Gabriel-Lalemant,École Saint-Gabriel-Lalemant,"7350, rue Garnier",,H2E2A3,66023,Montréal,762357,"Saint-Gabriel-Lalemant, annexe","7375, rue Garnier",,66023,Montréal,H2E2A1,1,1,0,0,0,https://st-gabriel-lalemant.cssdm.gouv.qc.ca/,-73.610764,45.547471,Préscolaire - Primaire,762000,Franco,4_OrgImm_Franco_presc_prim,Montréal,Montréal,Montréal,Laurier-Dorion,Centre de services scolaire de Montréal
180,1721,,,762085,École Garneau,École Garneau,"1808, avenue Papineau",,H2K4J1,66023,Montréal,762118,Garneau,"1808, avenue Papineau",,66023,Montréal,H2K4J1,1,1,0,0,0,https://garneau.cssdm.gouv.qc.ca/,-73.557629,45.524548,Préscolaire - Primaire,762000,Franco,4_OrgImm_Franco_presc_prim,Montréal,Montréal,Montréal,Sainte-Marie–Saint-Jacques,Centre de services scolaire de Montréal
181,1722,,,762086,École Saint-Ambroise,École Saint-Ambroise,"6555, rue De Normanville",,H2S2B8,66023,Montréal,762170,Saint-Ambroise,"6555, rue de Normanville",,66023,Montréal,H2S2B8,1,1,0,0,0,https://st-ambroise.cssdm.gouv.qc.ca/,-73.601346,45.540253,Préscolaire - Primaire,762000,Franco,4_OrgImm_Franco_presc_prim,Montréal,Montréal,Montréal,Gouin,Centre de services scolaire de Montréal
182,1723,,,762086,École Saint-Ambroise,École Saint-Ambroise,"6555, rue De Normanville",,H2S2B8,66023,Montréal,762191,"Saint-Ambroise, annexe","6560, rue Chambord",,66023,Montréal,H2G3B9,1,1,0,0,0,https://st-ambroise.cssdm.gouv.qc.ca/,-73.600792,45.540379,Préscolaire - Primaire,762000,Franco,4_OrgImm_Franco_presc_prim,Montréal,Montréal,Montréal,Gouin,Centre de services scolaire de Montréal
183,1724,,,762087,École Paul-Bruchési,École Paul-Bruchési,"1310, boulevard Saint-Joseph Est",,H2J1M2,66023,Montréal,762159,Paul-Bruchési,"1310, boulevard St-Joseph Est",,66023,Montréal,H2J1M2,1,1,0,0,0,https://paul-bruchesi.cssdm.gouv.qc.ca/,-73.581843,45.532144,Préscolaire - Primaire,762000,Franco,4_OrgImm_Franco_presc_prim,Montréal,Montréal,Montréal,Mercier,Centre de services scolaire de Montréal
184,1725,,,762089,École Lanaudière,École Lanaudière,"4300, rue De Lanaudière",,H2J3N9,66023,Montréal,762018,Lanaudière,"4300, rue de Lanaudière",,66023,Montréal,H2J3N9,1,1,0,0,0,https://lanaudiere.cssdm.gouv.qc.ca/,-73.574504,45.528733,Préscolaire - Primaire,762000,Franco,4_OrgImm_Franco_presc_prim,Montréal,Montréal,Montréal,Mercier,Centre de services scolaire de Montréal
185,1726,,,762090,École Le Plateau,École Le Plateau,"3700, avenue Calixa-Lavallée",,H2L3A8,66023,Montréal,762196,Le Plateau,"3700, avenue Calixa-Lavallée",,66023,Montréal,H2L3A8,0,1,0,0,0,https://le-plateau.cssdm.gouv.qc.ca/,-73.567745,45.52498,Primaire,762000,Franco,2_OrgImm_Franco_primaire,Montréal,Montréal,Montréal,Sainte-Marie–Saint-Jacques,Centre de services scolaire de Montréal
186,1727,,,762091,École Marguerite-Bourgeoys,École Marguerite-Bourgeoys,"2070, rue Plessis",,H2L2Y3,66023,Montréal,762006,Marguerite-Bourgeoys,"2070, rue Plessis",,66023,Montréal,H2L2Y3,1,1,0,0,0,https://marguerite-bourgeoys.cssdm.gouv.qc.ca/,-73.562043,45.523675,Préscolaire - Primaire,762000,Franco,4_OrgImm_Franco_presc_prim,Montréal,Montréal,Montréal,Sainte-Marie–Saint-Jacques,Centre de services scolaire de Montréal
187,1728,,,762092,École Louis-Colin,École Louis-Colin,"10122, boulevard Olympia",,H2C2V9,66023,Montréal,762007,Louis-Colin,"10122, boulevard Olympia",,66023,Montréal,H2C2V9,1,1,0,0,0,https://louis-colin.cssdm.gouv.qc.ca/,-73.654837,45.560791,Préscolaire - Primaire,762000,Franco,4_OrgImm_Franco_presc_prim,Montréal,Montréal,Montréal,Maurice-Richard,Centre de services scolaire de Montréal
188,1729,,,762094,École Marie-Favery,École Marie-Favery,"7750, avenue Christophe-Colomb",,H2R2S9,66023,Montréal,762012,Marie-Favery,"7750, avenue Christophe-Colomb",,66023,Montréal,H2R2S9,1,1,0,0,0,https://marie-favery.cssdm.gouv.qc.ca/,-73.620453,45.546057,Préscolaire - Primaire,762000,Franco,4_OrgImm_Franco_presc_prim,Montréal,Montréal,Montréal,Laurier-Dorion,Centre de services scolaire de Montréal
189,1730,,,762095,École Saint-Arsène,École Saint-Arsène,"6972, avenue Christophe-Colomb",,H2S2H5,66023,Montréal,762154,Saint-Arsène,"6972, avenue Christophe-Colomb",,66023,Montréal,H2S2H5,1,1,0,0,0,https://st-arsene.cssdm.gouv.qc.ca/,-73.610278,45.54136,Préscolaire - Primaire,762000,Franco,4_OrgImm_Franco_presc_prim,Montréal,Montréal,Montréal,Gouin,Centre de services scolaire de Montréal
190,1731,,,762096,École Saint-Étienne,École Saint-Étienne,"5959, avenue Christophe-Colomb",,H2S2G3,66023,Montréal,762100,Saint-Étienne,"5959, avenue Christophe-Colomb",,66023,Montréal,H2S2G3,1,1,0,0,0,https://st-etienne.cssdm.gouv.qc.ca/,-73.596473,45.536086,Préscolaire - Primaire,762000,Franco,4_OrgImm_Franco_presc_prim,Montréal,Montréal,Montréal,Gouin,Centre de services scolaire de Montréal
191,1732,,,762097,École Arc-en-Ciel,École Arc-en-Ciel,"4265, avenue Laval",,H2W2J6,66023,Montréal,762011,Arc-en-Ciel,"4265, avenue Laval",,66023,Montréal,H2W2J6,1,1,0,0,0,https://arc-en-ciel.cssdm.gouv.qc.ca/,-73.580669,45.520921,Préscolaire - Primaire,762000,Franco,4_OrgImm_Franco_presc_prim,Montréal,Montréal,Montréal,Mercier,Centre de services scolaire de Montréal
192,1733,,,762098,École Louis-Hippolyte-Lafontaine,École Louis-Hippolyte-Lafontaine,"4245, rue Berri",,H2J2P9,66023,Montréal,762130,Louis-Hippolyte-Lafontaine,"4245, rue Berri",,66023,Montréal,H2J2P9,1,1,0,0,0,https://louis-hippolyte-lafontaine.cssdm.gouv.qc.ca/,-73.577915,45.52336,Préscolaire - Primaire,762000,Franco,4_OrgImm_Franco_presc_prim,Montréal,Montréal,Montréal,Mercier,Centre de services scolaire de Montréal
193,1734,,,762100,École Saint-Paul-de-la-Croix,École Saint-Paul-de-la-Croix,"10495, avenue Georges-Baril",,H2C2N1,66023,Montréal,762417,Saint-Paul-de-la-Croix,"10495, avenue Georges-Baril",,66023,Montréal,H2C2N1,1,1,0,0,0,https://st-paul-de-la-croix.cssdm.gouv.qc.ca/,-73.661313,45.559459,Préscolaire - Primaire,762000,Franco,4_OrgImm_Franco_presc_prim,Montréal,Montréal,Montréal,Maurice-Richard,Centre de services scolaire de Montréal
194,1735,,,762101,École Fernand-Seguin,École Fernand-Seguin,"10050, avenue Durham",,H2C2G4,66023,Montréal,762261,"Fernand-Seguin, pavillon Hubert-Reeves","10050, avenue Durham",,66023,Montréal,H2C2G4,1,1,0,0,0,https://fernand-seguin.cssdm.gouv.qc.ca/,-73.657353,45.554473,Préscolaire - Primaire,762000,Franco,4_OrgImm_Franco_presc_prim,Montréal,Montréal,Montréal,Maurice-Richard,Centre de services scolaire de Montréal
195,1736,,,762101,École Fernand-Seguin,École Fernand-Seguin,"10050, avenue Durham",,H2C2G4,66023,Montréal,762330,"Fernand-Seguin, pavillon Julie-Payette","10085, rue Durham",,66023,Montréal,H2C2G3,1,1,0,0,0,https://fernand-seguin.cssdm.gouv.qc.ca/,-73.656817,45.554698,Préscolaire - Primaire,762000,Franco,4_OrgImm_Franco_presc_prim,Montréal,Montréal,Montréal,Maurice-Richard,Centre de services scolaire de Montréal
196,1737,,,762102,École Christ-Roi,École Christ-Roi,"525, rue de Louvain Est",,H2M1A1,66023,Montréal,762223,Christ-Roi,"525, rue de Louvain Est",,66023,Montréal,H2M1A1,1,1,0,0,0,https://christ-roi.cssdm.gouv.qc.ca/,-73.651516,45.550045,Préscolaire - Primaire,762000,Franco,4_OrgImm_Franco_presc_prim,Montréal,Montréal,Montréal,Maurice-Richard,Centre de services scolaire de Montréal
197,1738,,,762103,École Laurier,École Laurier,"505, avenue Laurier",,H2J1E9,66023,Montréal,762034,Laurier,"505, avenue Laurier Est",,66023,Montréal,H2J1E9,1,1,0,0,0,https://laurier.cssdm.gouv.qc.ca/,-73.588674,45.528418,Préscolaire - Primaire,762000,Franco,4_OrgImm_Franco_presc_prim,Montréal,Montréal,Montréal,Mercier,Centre de services scolaire de Montréal
198,1739,,,762104,École Saint-Gérard,École Saint-Gérard,"505, rue de Liège Est",,H2P1J9,66023,Montréal,762192,Saint-Gérard,"505, rue de Liège Est",,66023,Montréal,H2P1J9,1,1,0,0,0,https://st-gerard.cssdm.gouv.qc.ca/,-73.635082,45.545293,Préscolaire - Primaire,762000,Franco,4_OrgImm_Franco_presc_prim,Montréal,Montréal,Montréal,Laurier-Dorion,Centre de services scolaire de Montréal
199,1740,,,762105,École La Mennais,École La Mennais,"6521, rue Saint-Denis",,H2S2S1,66023,Montréal,762138,La Mennais,"6521, rue Saint-Denis",,66023,Montréal,H2S2S1,1,1,0,0,0,https://la-mennais.cssdm.gouv.qc.ca/,-73.605612,45.534808,Préscolaire - Primaire,762000,Franco,4_OrgImm_Franco_presc_prim,Montréal,Montréal,Montréal,Gouin,Centre de services scolaire de Montréal
200,1741,,,762106,École Hélène-Boullé,École Hélène-Boullé,"8050, avenue De Gaspé",,H2R2A7,66023,Montréal,762183,Hélène-Boullé,"8050, avenue de Gaspé",,66023,Montréal,H2R2A7,1,1,0,0,0,https://helene-boulle.cssdm.gouv.qc.ca/,-73.629502,45.540127,Préscolaire - Primaire,762000,Franco,4_OrgImm_Franco_presc_prim,Montréal,Montréal,Montréal,Laurier-Dorion,Centre de services scolaire de Montréal
201,1742,,,762107,École Sainte-Cécile,École Sainte-Cécile,"7230, avenue De Gaspé",,H2R1Z6,66023,Montréal,762181,Sainte-Cécile,"7230, avenue de Gaspé",,66023,Montréal,H2R1Z6,1,1,0,0,0,https://ste-cecile.cssdm.gouv.qc.ca/,-73.61782,45.536806,Préscolaire - Primaire,762000,Franco,4_OrgImm_Franco_presc_prim,Montréal,Montréal,Montréal,Laurier-Dorion,Centre de services scolaire de Montréal
202,1743,,,762110,École La Petite-Patrie,École La Petite-Patrie,"6841, avenue Henri-Julien",,H2S2V3,66023,Montréal,762049,Félix-Leclerc - Transitoire,"35, rue Saint-Zotique Est",,66023,Montréal,H2S1K5,0,1,0,0,0,https://la-petite-patrie.cssdm.gouv.qc.ca/,-73.612047,45.532396,Primaire,762000,Franco,2_OrgImm_Franco_primaire,Montréal,Montréal,Montréal,Gouin,Centre de services scolaire de Montréal
203,1744,,,762110,École La Petite-Patrie,École La Petite-Patrie,"6841, avenue Henri-Julien",,H2S2V3,66023,Montréal,762211,"La Petite-Patrie, pav. Notre-Dame-de-la-Défense","6841, avenue Henri-Julien",,66023,Montréal,H2S2V3,1,1,0,0,0,https://la-petite-patrie.cssdm.gouv.qc.ca/,-73.611219,45.535447,Préscolaire - Primaire,762000,Franco,4_OrgImm_Franco_presc_prim,Montréal,Montréal,Montréal,Gouin,Centre de services scolaire de Montréal
204,1745,,,762111,École Saint-Enfant-Jésus,École Saint-Enfant-Jésus,"75, rue Villeneuve Est",,H2T1L1,66023,Montréal,762040,Saint-Enfant-Jésus,"75, rue Villeneuve Est",,66023,Montréal,H2T1L1,1,1,0,0,0,https://st-enfant-jesus.cssdm.gouv.qc.ca/,-73.589408,45.522541,Préscolaire - Primaire,762000,Franco,4_OrgImm_Franco_presc_prim,Montréal,Montréal,Montréal,Mercier,Centre de services scolaire de Montréal
205,1746,,,762114,École au Pied-de-la-Montagne,"École au Pied-de-la-Montagne, pavillon Jean-Jacques-Olier","311, avenue des Pins Est",,H2W1P5,66023,Montréal,762008,"Au Pied-de-la-Montagne, pav. Jean-Jacques-Olier","311, avenue des Pins Est",,66023,Montréal,H2W1P5,1,1,0,0,0,https://au-pied-de-la-montagne.cssdm.gouv.qc.ca/,-73.572915,45.518248,Préscolaire - Primaire,762000,Franco,4_OrgImm_Franco_presc_prim,Montréal,Montréal,Montréal,Sainte-Marie–Saint-Jacques,Centre de services scolaire de Montréal
206,1747,,,762114,École au Pied-de-la-Montagne,"École au Pied-de-la-Montagne, pavillon Jean-Jacques-Olier","311, avenue des Pins Est",,H2W1P5,66023,Montréal,762011,Arc-en-Ciel,"4265, avenue Laval",,66023,Montréal,H2W2J6,1,1,0,0,0,https://au-pied-de-la-montagne.cssdm.gouv.qc.ca/,-73.580669,45.520921,Préscolaire - Primaire,762000,Franco,4_OrgImm_Franco_presc_prim,Montréal,Montréal,Montréal,Mercier,Centre de services scolaire de Montréal
207,1748,,,762115,École Lambert-Closse,École Lambert-Closse,"5840, rue Saint-Urbain",,H2T2X5,66023,Montréal,762050,Lambert-Closse,"5840, rue Saint-Urbain",,66023,Montréal,H2T2X5,1,1,0,0,0,https://lambert-closse.cssdm.gouv.qc.ca/,-73.604199,45.526096,Préscolaire - Primaire,762000,Franco,4_OrgImm_Franco_presc_prim,Montréal,Montréal,Montréal,Mercier,Centre de services scolaire de Montréal
208,1749,,,762117,École Ahuntsic,École Ahuntsic,"10085, avenue Durham",,H2C2G3,66023,Montréal,762116,"Ahuntsic, bâtiment Saint-Laurent","10615, boulevard Saint-Laurent",,66023,Montréal,H3L2P5,1,1,0,0,0,https://ahuntsic.cssdm.gouv.qc.ca/,-73.669831,45.550324,Préscolaire - Primaire,762000,Franco,4_OrgImm_Franco_presc_prim,Montréal,Montréal,Montréal,Maurice-Richard,Centre de services scolaire de Montréal
209,1750,,,762117,École Ahuntsic,École Ahuntsic,"10085, avenue Durham",,H2C2G3,66023,Montréal,762264,"Ahuntsic, bâtiment D'Auteuil","9900, avenue d'Auteuil",,66023,Montréal,H3L2K1,0,1,0,0,0,https://ahuntsic.cssdm.gouv.qc.ca/,-73.658851,45.549379,Primaire,762000,Franco,2_OrgImm_Franco_primaire,Montréal,Montréal,Montréal,Maurice-Richard,Centre de services scolaire de Montréal
210,1751,,,762119,École Saint-André-Apôtre,École Saint-André-Apôtre,"215, rue Prieur Ouest",,H3L1R7,66023,Montréal,762197,"Saint-André-Apôtre, annexe","11015, rue Tolhurst",,66023,Montréal,H3L3A8,0,1,0,0,0,https://st-andre-apotre.cssdm.gouv.qc.ca/,-73.677121,45.547543,Primaire,762000,Franco,2_OrgImm_Franco_primaire,Montréal,Montréal,Montréal,Acadie,Centre de services scolaire de Montréal
211,1752,,,762119,École Saint-André-Apôtre,École Saint-André-Apôtre,"215, rue Prieur Ouest",,H3L1R7,66023,Montréal,762238,Saint-André-Apôtre,"215, rue Prieur Ouest",,66023,Montréal,H3L1R7,1,1,0,0,0,https://st-andre-apotre.cssdm.gouv.qc.ca/,-73.67038,45.546436,Préscolaire - Primaire,762000,Franco,4_OrgImm_Franco_presc_prim,Montréal,Montréal,Montréal,Acadie,Centre de services scolaire de Montréal
212,1753,,,762120,École Saint-Simon-Apôtre,École Saint-Simon-Apôtre,"195, rue De Beauharnois Ouest",,H2N1K1,66023,Montréal,762341,Saint-Simon-Apôtre,"195, rue de Beauharnois Ouest",,66023,Montréal,H2N1K1,1,1,0,0,0,https://st-simon-apotre.cssdm.gouv.qc.ca/,-73.647493,45.539488,Préscolaire - Primaire,762000,Franco,4_OrgImm_Franco_presc_prim,Montréal,Montréal,Montréal,Acadie,Centre de services scolaire de Montréal
213,1754,,,762121,École Saint-Benoît,École Saint-Benoît,"500, avenue du Mont-Cassin",,H3L1W6,66023,Montréal,762003,Saint-Benoît,"500, avenue du Mont-Cassin",,66023,Montréal,H3L1W6,1,1,0,0,0,https://st-benoit.cssdm.gouv.qc.ca/,-73.66737,45.541558,Préscolaire - Primaire,762000,Franco,4_OrgImm_Franco_presc_prim,Montréal,Montréal,Montréal,Acadie,Centre de services scolaire de Montréal
214,1755,,,762122,École Barclay,École Barclay,"7941, avenue Wiseman",,H3N2P2,66023,Montréal,762090,Barclay,"7941, avenue Wiseman",,66023,Montréal,H3N2P2,1,1,0,0,0,https://barclay.cssdm.gouv.qc.ca/,-73.635186,45.528994,Préscolaire - Primaire,762000,Franco,4_OrgImm_Franco_presc_prim,Montréal,Montréal,Montréal,Laurier-Dorion,Centre de services scolaire de Montréal
215,1756,,,762124,École Camille-Laurin,École Camille-Laurin,"8000, avenue de l'Épée",,H3N2E9,66023,Montréal,762179,"Camille-Laurin, annexe","7700, avenue d'Outremont",,66023,Montréal,H3N2L9,1,0,0,0,0,https://camille-laurin.cssdm.gouv.qc.ca/,-73.630929,45.527941,Préscolaire,762000,Franco,1_OrgImm_Franco_prescolaire,Montréal,Montréal,Montréal,Laurier-Dorion,Centre de services scolaire de Montréal
216,1757,,,762124,École Camille-Laurin,École Camille-Laurin,"8000, avenue de l'Épée",,H3N2E9,66023,Montréal,762404,Camille-Laurin,"8000, avenue de l'Épée",,66023,Montréal,H3N2E9,1,0,0,0,0,https://camille-laurin.cssdm.gouv.qc.ca/,-73.634178,45.530632,Préscolaire,762000,Franco,1_OrgImm_Franco_prescolaire,Montréal,Montréal,Montréal,Laurier-Dorion,Centre de services scolaire de Montréal
217,1758,,,762127,École Face,École FACE,"3449, rue University",,H3A2A8,66023,Montréal,762059,"FACE, primaire","4835, avenue Christophe-Colomb",,66023,Montréal,H2J3G8,1,1,0,0,0,https://face.cssdm.gouv.qc.ca/,-73.583171,45.530137,Préscolaire - Primaire,762000,Franco,4_OrgImm_Franco_presc_prim,Montréal,Montréal,Montréal,Mercier,Centre de services scolaire de Montréal
218,1759,,,762128,École Barthélemy-Vimont,École Barthélemy-Vimont,"415, rue Saint-Roch",,H3N1K2,66023,Montréal,762042,Barthélemy-Vimont,"415, rue Saint-Roch",,66023,Montréal,H3N1K2,0,1,0,0,0,https://barthelemy-vimont.cssdm.gouv.qc.ca/,-73.628728,45.531487,Primaire,762000,Franco,2_OrgImm_Franco_primaire,Montréal,Montréal,Montréal,Laurier-Dorion,Centre de services scolaire de Montréal
219,1760,,,762128,École Barthélemy-Vimont,École Barthélemy-Vimont,"415, rue Saint-Roch",,H3N1K2,66023,Montréal,762098,"Barthélemy-Vimont, annexe","630, rue Saint-Roch",,66023,Montréal,H3N1K8,0,1,0,0,0,https://barthelemy-vimont.cssdm.gouv.qc.ca/,-73.62903,45.529147,Primaire,762000,Franco,2_OrgImm_Franco_primaire,Montréal,Montréal,Montréal,Laurier-Dorion,Centre de services scolaire de Montréal
220,1761,,,762129,École De la Petite-Bourgogne,École De la Petite-Bourgogne,"555, rue des Seigneurs",,H3J1Y1,66023,Montréal,762024,De la Petite-Bourgogne,"555, rue des Seigneurs",,66023,Montréal,H3J1Y1,1,1,0,0,0,https://petite-bourgogne.cssdm.gouv.qc.ca/,-73.569959,45.488701,Préscolaire - Primaire,762000,Franco,4_OrgImm_Franco_presc_prim,Montréal,Montréal,Montréal,Saint-Henri–Sainte-Anne,Centre de services scolaire de Montréal
221,1762,,,762130,École Charles-Lemoyne,École Charles-Lemoyne,"2001, rue Mullins",,H3K1N9,66023,Montréal,762021,Charles-Lemoyne,"2001, rue Mullins",,66023,Montréal,H3K1N9,1,1,0,0,0,https://charles-lemoyne.cssdm.gouv.qc.ca/,-73.561809,45.481041,Préscolaire - Primaire,762000,Franco,4_OrgImm_Franco_presc_prim,Montréal,Montréal,Montréal,Saint-Henri–Sainte-Anne,Centre de services scolaire de Montréal
222,1763,,,762131,École Jeanne-LeBer,École Jeanne-LeBer,"2120, rue Favard",,H3K1Z7,66023,Montréal,762300,Jeanne-LeBer,"2120, rue Favard",,66023,Montréal,H3K1Z7,1,1,0,0,0,https://jeanne-leber.cssdm.gouv.qc.ca/,-73.55626,45.47727,Préscolaire - Primaire,762000,Franco,4_OrgImm_Franco_presc_prim,Montréal,Montréal,Montréal,Saint-Henri–Sainte-Anne,Centre de services scolaire de Montréal
223,1764,,,762132,École François-de-Laval,École François-de-Laval,"12050, avenue Bois-de-Boulogne",,H3M2X9,66023,Montréal,762151,François-de-Laval,"12050, avenue Bois-de-Boulogne",,66023,Montréal,H3M2X9,1,1,0,0,0,https://francois-de-laval.cssdm.gouv.qc.ca/,-73.695895,45.54271,Préscolaire - Primaire,762000,Franco,4_OrgImm_Franco_presc_prim,Montréal,Montréal,Montréal,Acadie,Centre de services scolaire de Montréal
224,1765,,,762134,École Félix-Leclerc,École Félix-Leclerc,"6055, avenue Darlington",,H3S2H9,66023,Montréal,762049,Félix-Leclerc - Transitoire,"35, rue Saint-Zotique Est",,66023,Montréal,H2S1K5,1,1,0,0,0,https://felix-leclerc.cssdm.gouv.qc.ca/,-73.612047,45.532396,Préscolaire - Primaire,762000,Franco,4_OrgImm_Franco_presc_prim,Montréal,Montréal,Montréal,Gouin,Centre de services scolaire de Montréal
225,1766,,,762134,École Félix-Leclerc,École Félix-Leclerc,"6055, avenue Darlington",,H3S2H9,66023,Montréal,762087,Félix-Leclerc,"6055, avenue Darlington",,66023,Montréal,H3S2H9,1,1,0,0,0,https://felix-leclerc.cssdm.gouv.qc.ca/,-73.62381,45.507736,Préscolaire - Primaire,762000,Franco,4_OrgImm_Franco_presc_prim,Montréal,Montréal,Montréal,Mont-Royal–Outremont,Centre de services scolaire de Montréal
226,1767,,,762135,École Bedford,École Bedford,"3131, rue Goyer",,H3S1H7,66023,Montréal,762091,Bedford,"3131, rue Goyer",,66023,Montréal,H3S1H7,1,1,0,0,0,https://bedford.cssdm.gouv.qc.ca/,-73.633458,45.507376,Préscolaire - Primaire,762000,Franco,4_OrgImm_Franco_presc_prim,Montréal,Montréal,Montréal,Mont-Royal–Outremont,Centre de services scolaire de Montréal
227,1768,,,762137,École Saint-Léon-de-Westmount,École Saint-Léon-de-Westmount,"360, avenue Clarke",,H3Z2E6,66023,Montréal,762046,Saint-Léon-de-Westmount,"360, avenue Clarke",,66032,Westmount,H3Z2E6,1,1,0,0,0,https://st-leon-de-westmount.cssdm.gouv.qc.ca/,-73.592859,45.48574,Préscolaire - Primaire,762000,Franco,4_OrgImm_Franco_presc_prim,Westmount,Montréal,Montréal,Westmount–Saint-Louis,Centre de services scolaire de Montréal
228,1769,,,762139,École Victor-Rousselot,École Victor-Rousselot,"3525, rue Sainte-Émilie",,H4C1Z3,66023,Montréal,762054,Victor-Rousselot,"3525, rue Sainte-Émilie",,66023,Montréal,H4C1Z3,1,1,0,0,0,https://victor-rousselot.cssdm.gouv.qc.ca/,-73.579233,45.479602,Préscolaire - Primaire,762000,Franco,4_OrgImm_Franco_presc_prim,Montréal,Montréal,Montréal,Saint-Henri–Sainte-Anne,Centre de services scolaire de Montréal
229,1770,,,762140,École Ludger-Duvernay,École Ludger-Duvernay,"770, rue du Couvent",,H4C2R6,66023,Montréal,762498,Ludger-Duvernay,"770, rue du Couvent",,66023,Montréal,H4C2R6,1,1,0,0,0,https://ludger-duvernay.cssdm.gouv.qc.ca/,-73.586168,45.478495,Préscolaire - Primaire,762000,Franco,4_OrgImm_Franco_presc_prim,Montréal,Montréal,Montréal,Saint-Henri–Sainte-Anne,Centre de services scolaire de Montréal
230,1771,,,762142,École Notre-Dame-des-Neiges,École Notre-Dame-des-Neiges,"5309, chemin de la Côte-des-Neiges",,H3T1Y4,66023,Montréal,762091,Bedford,"3131, rue Goyer",,66023,Montréal,H3S1H7,0,1,0,0,0,https://notre-dame-des-neiges.cssdm.gouv.qc.ca/,-73.633458,45.507376,Primaire,762000,Franco,2_OrgImm_Franco_primaire,Montréal,Montréal,Montréal,Mont-Royal–Outremont,Centre de services scolaire de Montréal
231,1772,,,762142,École Notre-Dame-des-Neiges,École Notre-Dame-des-Neiges,"5309, chemin de la Côte-des-Neiges",,H3T1Y4,66023,Montréal,762115,Notre-Dame-des-Neiges,"5309, chemin Côte-des-Neiges",,66023,Montréal,H3T1Y4,1,1,0,0,0,https://notre-dame-des-neiges.cssdm.gouv.qc.ca/,-73.622005,45.496702,Préscolaire - Primaire,762000,Franco,4_OrgImm_Franco_presc_prim,Montréal,Montréal,Montréal,Mont-Royal–Outremont,Centre de services scolaire de Montréal
232,1773,,,762142,École Notre-Dame-des-Neiges,École Notre-Dame-des-Neiges,"5309, chemin de la Côte-des-Neiges",,H3T1Y4,66023,Montréal,762254,Simonne-Monet,"3850, avenue Dupuis",,66023,Montréal,H3T1E6,1,0,0,0,0,https://notre-dame-des-neiges.cssdm.gouv.qc.ca/,-73.627419,45.496243,Préscolaire,762000,Franco,1_OrgImm_Franco_prescolaire,Montréal,Montréal,Montréal,D'Arcy-McGee,Centre de services scolaire de Montréal
233,1774,,,762142,École Notre-Dame-des-Neiges,École Notre-Dame-des-Neiges,"5309, chemin de la Côte-des-Neiges",,H3T1Y4,66023,Montréal,762802,Maîtrise Petits-Chanteurs du Mont-Royal,"4300, chemin Queen-Mary",,66023,Montréal,H3V1A6,0,1,0,0,0,https://notre-dame-des-neiges.cssdm.gouv.qc.ca/,-73.620556,45.491104,Primaire,762000,Franco,2_OrgImm_Franco_primaire,Montréal,Montréal,Montréal,Mont-Royal–Outremont,Centre de services scolaire de Montréal
234,1775,,,762144,École Lucille-Teasdale,École Lucille-Teasdale,"3975, rue Bouchette",,H3S2X1,66023,Montréal,762175,Lucille-Teasdale,"3975, rue Bouchette",,66023,Montréal,H3S2X1,1,1,0,0,0,https://lucille-teasdale.cssdm.gouv.qc.ca/,-73.640833,45.498475,Préscolaire - Primaire,762000,Franco,4_OrgImm_Franco_presc_prim,Montréal,Montréal,Montréal,D'Arcy-McGee,Centre de services scolaire de Montréal
235,1776,,,762145,École Gilles-Vigneault,École Gilles-Vigneault,"11400, avenue De Poutrincourt",,H3M1Z7,66023,Montréal,762096,Gilles-Vigneault,"11400, avenue de Poutrincourt",,66023,Montréal,H3M1Z7,1,1,0,0,0,https://gilles-vigneault.cssdm.gouv.qc.ca/,-73.691976,45.531577,Préscolaire - Primaire,762000,Franco,4_OrgImm_Franco_presc_prim,Montréal,Montréal,Montréal,Acadie,Centre de services scolaire de Montréal
236,1777,,,762145,École Gilles-Vigneault,École Gilles-Vigneault,"11400, avenue De Poutrincourt",,H3M1Z7,66023,Montréal,762323,"Gilles-Vigneault, annexe temporaire","2005, rue Victor-Doré",,66023,Montréal,H3M1S4,1,1,0,0,0,https://gilles-vigneault.cssdm.gouv.qc.ca/,-73.689159,45.536356,Préscolaire - Primaire,762000,Franco,4_OrgImm_Franco_presc_prim,Montréal,Montréal,Montréal,Acadie,Centre de services scolaire de Montréal
237,1778,,,762146,École Sainte-Odile,École Sainte-Odile,"12055, rue Dépatie",,H4J1W9,66023,Montréal,762304,"Sainte-Odile, annexe","12330, rue Lavigne",,66023,Montréal,H4J1Y4,1,1,0,0,0,https://ste-odile.cssdm.gouv.qc.ca/,-73.712887,45.536563,Préscolaire - Primaire,762000,Franco,4_OrgImm_Franco_presc_prim,Montréal,Montréal,Montréal,Saint-Laurent,Centre de services scolaire de Montréal
238,1779,,,762146,École Sainte-Odile,École Sainte-Odile,"12055, rue Dépatie",,H4J1W9,66023,Montréal,762390,Sainte-Odile,"12055, rue Dépatie",,66023,Montréal,H4J1W9,1,1,0,0,0,https://ste-odile.cssdm.gouv.qc.ca/,-73.706785,45.534574,Préscolaire - Primaire,762000,Franco,4_OrgImm_Franco_presc_prim,Montréal,Montréal,Montréal,Saint-Laurent,Centre de services scolaire de Montréal
239,1780,,,762147,École Alice-Parizeau,École Alice-Parizeau,"11715, rue Filion",,H4J1T2,66023,Montréal,762031,Alice-Parizeau,"11715, rue Filion",,66023,Montréal,H4J1T2,1,1,0,0,0,https://alice-parizeau.cssdm.gouv.qc.ca/,-73.697155,45.530407,Préscolaire - Primaire,762000,Franco,4_OrgImm_Franco_presc_prim,Montréal,Montréal,Montréal,Saint-Laurent,Centre de services scolaire de Montréal
240,1781,,,762149,École Saint-Pascal-Baylon,École Saint-Pascal-Baylon,"6320, chemin de la Côte-des-Neiges",,H3S2A4,66023,Montréal,762069,Saint-Pascal-Baylon,"6320, chemin Côte-des-Neiges",,66023,Montréal,H3S2A4,1,1,0,0,0,https://st-pascal-baylon.cssdm.gouv.qc.ca/,-73.634659,45.501445,Préscolaire - Primaire,762000,Franco,4_OrgImm_Franco_presc_prim,Montréal,Montréal,Montréal,D'Arcy-McGee,Centre de services scolaire de Montréal
241,1782,,,762150,École Simonne-Monet,École Simonne-Monet,"3850, avenue Dupuis",,H3T1E6,66023,Montréal,762254,Simonne-Monet,"3850, avenue Dupuis",,66023,Montréal,H3T1E6,1,1,0,0,0,https://simonne-monet.cssdm.gouv.qc.ca/,-73.627419,45.496243,Préscolaire - Primaire,762000,Franco,4_OrgImm_Franco_presc_prim,Montréal,Montréal,Montréal,D'Arcy-McGee,Centre de services scolaire de Montréal
242,1783,,,762151,École Louisbourg,École Louisbourg,"11880, rue Michel-Sarrazin",,H4J2G7,66023,Montréal,762102,Louisbourg,"11880, rue Michel-Sarrazin",,66023,Montréal,H4J2G7,1,1,0,0,0,https://louisbourg.cssdm.gouv.qc.ca/,-73.710183,45.526816,Préscolaire - Primaire,762000,Franco,4_OrgImm_Franco_presc_prim,Montréal,Montréal,Montréal,Saint-Laurent,Centre de services scolaire de Montréal
243,1784,,,762152,École des Nations,École des Nations,"4860, rue Vézina",,H3W1C1,66023,Montréal,762184,"Nations, des (propriété de la CS English-Montréal)","4860, rue Vézina",,66023,Montréal,H3W1C1,1,1,0,0,0,https://des-nations.cssdm.gouv.qc.ca/,-73.643628,45.495865,Préscolaire - Primaire,762000,Franco,4_OrgImm_Franco_presc_prim,Montréal,Montréal,Montréal,D'Arcy-McGee,Centre de services scolaire de Montréal
244,1785,,,762153,École du Petit-Chapiteau,École du Petit-Chapiteau,"4890, avenue Carlton",,H3W1G6,66023,Montréal,762176,Du Petit-Chapiteau,"4890, avenue Carlton",,66023,Montréal,H3W1G6,1,1,0,0,0,https://petit-chapiteau.cssdm.gouv.qc.ca/,-73.640271,45.493993,Préscolaire - Primaire,762000,Franco,4_OrgImm_Franco_presc_prim,Montréal,Montréal,Montréal,D'Arcy-McGee,Centre de services scolaire de Montréal
245,1786,,,762154,École Saint-Zotique,École Saint-Zotique,"4841, avenue Palm",,H4C1Y1,66023,Montréal,762005,Saint-Zotique,"4841, avenue Palm",,66023,Montréal,H4C1Y1,1,1,0,0,0,https://st-zotique.cssdm.gouv.qc.ca/,-73.589354,45.471178,Préscolaire - Primaire,762000,Franco,4_OrgImm_Franco_presc_prim,Montréal,Montréal,Montréal,Saint-Henri–Sainte-Anne,Centre de services scolaire de Montréal
246,1787,,,762154,École Saint-Zotique,École Saint-Zotique,"4841, avenue Palm",,H4C1Y1,66023,Montréal,762070,Centre Saint-Paul,"4976, rue Notre-Dame Ouest",,66023,Montréal,H4C1S8,1,1,0,0,0,https://st-zotique.cssdm.gouv.qc.ca/,-73.590056,45.470674,Préscolaire - Primaire,762000,Franco,4_OrgImm_Franco_presc_prim,Montréal,Montréal,Montréal,Saint-Henri–Sainte-Anne,Centre de services scolaire de Montréal
247,1788,,,762155,École Iona,École Iona,"5000, rue Iona",,H3W2A2,66023,Montréal,762101,Iona,"5000, rue Iona",,66023,Montréal,H3W2A2,1,1,0,0,0,https://iona.cssdm.gouv.qc.ca/,-73.624625,45.484813,Préscolaire - Primaire,762000,Franco,4_OrgImm_Franco_presc_prim,Montréal,Montréal,Montréal,D'Arcy-McGee,Centre de services scolaire de Montréal
248,1789,,,762156,École Notre-Dame-de-Grâce,École Notre-Dame-de-Grâce,"5435, avenue Notre-Dame-de-Grâce",,H4A1L2,66023,Montréal,762168,"Notre-Dame-de-Grâce, annexe","5619, chemin Côte-St-Antoine",,66023,Montréal,H4A1R5,1,0,0,0,0,https://notre-dame-de-grace.cssdm.gouv.qc.ca/,-73.616966,45.472627,Préscolaire,762000,Franco,1_OrgImm_Franco_prescolaire,Montréal,Montréal,Montréal,Notre-Dame-de-Grâce,Centre de services scolaire de Montréal
249,1790,,,762156,École Notre-Dame-de-Grâce,École Notre-Dame-de-Grâce,"5435, avenue Notre-Dame-de-Grâce",,H4A1L2,66023,Montréal,762206,Notre-Dame-de-Grâce,"5435, av. Notre-Dame-de-Grâce",,66023,Montréal,H4A1L2,1,1,0,0,0,https://notre-dame-de-grace.cssdm.gouv.qc.ca/,-73.617627,45.475759,Préscolaire - Primaire,762000,Franco,4_OrgImm_Franco_presc_prim,Montréal,Montréal,Montréal,Notre-Dame-de-Grâce,Centre de services scolaire de Montréal
250,1791,,,762158,École Étoile filante,École Étoile filante,"5619, chemin de la Côte-Saint-Antoine",,H4A1R5,66023,Montréal,762168,"Notre-Dame-de-Grâce, annexe","5619, chemin Côte-St-Antoine",,66023,Montréal,H4A1R5,0,1,0,0,0,https://etoile-filante.cssdm.gouv.qc.ca/,-73.616966,45.472627,Primaire,762000,Franco,2_OrgImm_Franco_primaire,Montréal,Montréal,Montréal,Notre-Dame-de-Grâce,Centre de services scolaire de Montréal
251,1792,,,762161,École des Cinq-Continents,"École des Cinq-Continents, pavillon Saint-Antonin","5325, avenue MacDonald",,H3X2W6,66023,Montréal,762092,"Des Cinq-Continents, pavillon Dupuis","5530, avenue Dupuis",,66023,Montréal,H3X1N8,1,1,0,0,0,https://des-cinq-continents.cssdm.gouv.qc.ca/,-73.637063,45.485272,Préscolaire - Primaire,762000,Franco,4_OrgImm_Franco_presc_prim,Montréal,Montréal,Montréal,D'Arcy-McGee,Centre de services scolaire de Montréal
252,1793,,,762161,École des Cinq-Continents,"École des Cinq-Continents, pavillon Saint-Antonin","5325, avenue MacDonald",,H3X2W6,66023,Montréal,762250,"Des Cinq-Continents, pavillon Saint-Antonin","5325, avenue MacDonald",,66023,Montréal,H3X2W6,1,1,0,0,0,https://des-cinq-continents.cssdm.gouv.qc.ca/,-73.636113,45.482671,Préscolaire - Primaire,762000,Franco,4_OrgImm_Franco_presc_prim,Montréal,Montréal,Montréal,D'Arcy-McGee,Centre de services scolaire de Montréal
253,1794,,,762162,École Marie-de-l'Incarnation,École Marie-de-l'Incarnation,"5446, rue Angers",,H4E4A3,66023,Montréal,762053,Marie-de-l'Incarnation,"5446, rue Angers",,66023,Montréal,H4E4A3,1,1,0,0,0,https://marie-de-lincarnation.cssdm.gouv.qc.ca/,-73.584057,45.463942,Préscolaire - Primaire,762000,Franco,4_OrgImm_Franco_presc_prim,Montréal,Montréal,Montréal,Saint-Henri–Sainte-Anne,Centre de services scolaire de Montréal
254,1795,,,762163,École Marc-Favreau,École Marc-Favreau,"6310, avenue Somerled",,H3X2B8,66023,Montréal,762173,Marc-Favreau,"6310, avenue Somerled",,66023,Montréal,H3X2B8,1,1,0,0,0,https://marc-favreau.cssdm.gouv.qc.ca/,-73.635965,45.469486,Préscolaire - Primaire,762000,Franco,4_OrgImm_Franco_presc_prim,Montréal,Montréal,Montréal,Notre-Dame-de-Grâce,Centre de services scolaire de Montréal
255,1796,,,762164,École N.-D.-du-Perp.-Secours,École Notre-Dame-du-Perpétuel-Secours,"6025, rue Beaulieu",,H4E3E7,66023,Montréal,762326,Notre-Dame-du-Perpétuel-Secours,"6025, rue Beaulieu",,66023,Montréal,H4E3E7,1,1,0,0,0,https://notre-dame-du-perpetuel-secours.cssdm.gouv.qc.ca/,-73.597098,45.45819,Préscolaire - Primaire,762000,Franco,4_OrgImm_Franco_presc_prim,Montréal,Montréal,Montréal,Saint-Henri–Sainte-Anne,Centre de services scolaire de Montréal
256,1797,,,762165,École Coeur-Immaculé-de-Marie,École Coeur-Immaculé-de-Marie,"1845, boulevard Desmarchais",,H4E2B7,66023,Montréal,762286,Coeur-Immaculé-de-Marie,"1845, boulevard Desmarchais",,66023,Montréal,H4E2B7,1,1,0,0,0,https://coeur-immacule-de-marie.cssdm.gouv.qc.ca/,-73.589624,45.455967,Préscolaire - Primaire,762000,Franco,4_OrgImm_Franco_presc_prim,Montréal,Montréal,Montréal,Saint-Henri–Sainte-Anne,Centre de services scolaire de Montréal
257,1798,,,762166,École Dollard-des-Ormeaux,École Dollard-des-Ormeaux,"6639, rue D'Aragon",,H4E3B4,66023,Montréal,762141,Dollard-des-Ormeaux,"6639, rue d'Aragon",,66023,Montréal,H4E3B4,1,1,0,0,0,https://dollard-des-ormeaux.cssdm.gouv.qc.ca/,-73.597503,45.451566,Préscolaire - Primaire,762000,Franco,4_OrgImm_Franco_presc_prim,Montréal,Montréal,Montréal,Saint-Henri–Sainte-Anne,Centre de services scolaire de Montréal
258,1799,,,762167,École Saint-Jean-de-Matha,École Saint-Jean-de-Matha,"6970, rue Dumas",,H4E3A3,66023,Montréal,762212,Saint-Jean-de-Matha,"6970, rue Dumas",,66023,Montréal,H4E3A3,1,1,0,0,0,https://st-jean-de-matha.cssdm.gouv.qc.ca/,-73.596347,45.448335,Préscolaire - Primaire,762000,Franco,4_OrgImm_Franco_presc_prim,Montréal,Montréal,Montréal,Saint-Henri–Sainte-Anne,Centre de services scolaire de Montréal
259,1800,,,762169,École Les-Enfants-du-Monde,École Les-Enfants-du-Monde,"5350, avenue Rosedale",,H4V2H9,66023,Montréal,762086,Les-Enfants-du-Monde,"5350, avenue Rosedale",,66023,Montréal,H4V2H9,1,1,0,0,0,https://les-enfants-du-monde.cssdm.gouv.qc.ca/,-73.65023,45.466948,Préscolaire - Primaire,762000,Franco,4_OrgImm_Franco_presc_prim,Montréal,Montréal,Montréal,Notre-Dame-de-Grâce,Centre de services scolaire de Montréal
260,1801,,,762170,École Sainte-Catherine-de-Sienne,École Sainte-Catherine-de-Sienne,"7055, avenue Somerled",,H4V1V8,66023,Montréal,762205,Sainte-Catherine-de-Sienne,"7055, avenue Somerled",,66023,Montréal,H4V1V8,1,1,0,0,0,https://ste-catherine-de-sienne.cssdm.gouv.qc.ca/,-73.643912,45.461278,Préscolaire - Primaire,762000,Franco,4_OrgImm_Franco_presc_prim,Montréal,Montréal,Montréal,Notre-Dame-de-Grâce,Centre de services scolaire de Montréal
261,1802,,,762171,École Judith-Jasmin,École Judith-Jasmin,"4575, avenue Mariette",,H4B2G3,66023,Montréal,762158,Judith-Jasmin,"4575, avenue Mariette",,66023,Montréal,H4B2G3,1,1,0,0,0,https://judith-jasmin.cssdm.gouv.qc.ca/,-73.640118,45.463024,Préscolaire - Primaire,762000,Franco,4_OrgImm_Franco_presc_prim,Montréal,Montréal,Montréal,Notre-Dame-de-Grâce,Centre de services scolaire de Montréal
262,1803,,,762181,École Saint-Raymond,École Saint-Raymond,"2055, avenue d'Oxford",,H4A2X6,66023,Montréal,762188,Saint-Raymond,"2055, avenue d'Oxford",,66023,Montréal,H4A2X6,1,1,0,0,0,https://st-raymond.cssdm.gouv.qc.ca/,-73.609991,45.469468,Préscolaire - Primaire,762000,Franco,4_OrgImm_Franco_presc_prim,Montréal,Montréal,Montréal,Notre-Dame-de-Grâce,Centre de services scolaire de Montréal
263,1804,,,762201,École Gadbois,École Gadbois,"8305, rue Saint-André",,H2P1Y7,66023,Montréal,762419,Gadbois,"8305, rue Saint-André",,66023,Montréal,H2P1Y7,1,1,0,0,0,https://gadbois.cssdm.gouv.qc.ca/,-73.628584,45.548064,Préscolaire - Primaire,762000,Franco,4_OrgImm_Franco_presc_prim,Montréal,Montréal,Montréal,Laurier-Dorion,Centre de services scolaire de Montréal
264,1805,,,762205,École Victor-Doré,École Victor-Doré,"1350, boulevard Crémazie Est",,H2E1A1,66023,Montréal,762343,Victor-Doré,"1350, boulevard Crémazie Est",,66023,Montréal,H2E1A1,1,1,0,0,0,https://victor-dore.cssdm.gouv.qc.ca/,-73.624714,45.551745,Préscolaire - Primaire,762000,Franco,4_OrgImm_Franco_presc_prim,Montréal,Montréal,Montréal,Laurier-Dorion,Centre de services scolaire de Montréal
265,1806,,,762207,École Charles-Bruneau,École Charles-Bruneau,"2515, rue Holt",,H1Y1N4,66023,Montréal,762281,Charles-Bruneau,"2515, rue Holt",,66023,Montréal,H1Y1N4,0,1,0,0,0,https://charles-bruneau.ecoles.csmv.qc.ca/,-73.583454,45.54595,Primaire,762000,Franco,2_OrgImm_Franco_primaire,Montréal,Montréal,Montréal,Gouin,Centre de services scolaire de Montréal
266,1807,,,762208,École Dominique-Savio,École Dominique-Savio,"9335, rue Saint-Hubert",,H2M1Y7,66023,Montréal,762854,"Dominique-Savio Annexe, primaire","9335, rue Saint-Hubert",,66023,Montréal,H2M1Y7,0,1,1,0,0,https://dominique-savio.cssdm.gouv.qc.ca/,-73.646184,45.553357,Primaire - Secondaire,762000,Franco,7_OrgImm_Franco_prim_sec,Montréal,Montréal,Montréal,Maurice-Richard,Centre de services scolaire de Montréal
267,1808,,,762208,École Dominique-Savio,École Dominique-Savio,"9335, rue Saint-Hubert",,H2M1Y7,66023,Montréal,762874,"Dominique-Savio, secondaire","9335, rue Saint-Hubert",,66023,Montréal,H2M1Y7,0,1,1,0,0,https://dominique-savio.cssdm.gouv.qc.ca/,-73.646184,45.553357,Primaire - Secondaire,762000,Franco,7_OrgImm_Franco_prim_sec,Montréal,Montréal,Montréal,Maurice-Richard,Centre de services scolaire de Montréal
268,1809,,,762209,École Saint-Pierre-Apôtre,École Saint-Pierre-Apôtre,"8550, rue Clark",,H2P2N7,66023,Montréal,762240,Saint-Pierre-Apôtre,"8550, rue Clark",,66023,Montréal,H2P2N7,1,1,0,0,0,https://st-pierre-apotre.cssdm.gouv.qc.ca/,-73.639501,45.540028,Préscolaire - Primaire,762000,Franco,4_OrgImm_Franco_presc_prim,Montréal,Montréal,Montréal,Laurier-Dorion,Centre de services scolaire de Montréal
269,1810,,,762212,École Hôpital Sainte-Justine,Hôpital Sainte-Justine,"3175, chemin de la Côte-Sainte-Catherine",,H3T1C5,66023,Montréal,762850,Centre de réadaptation Marie-Enfant,"5200, rue Bélanger Est",,66023,Montréal,H1T1C9,1,1,1,0,0,https://www.cssdm.gouv.qc.ca/eleves-besoins-particuliers/service-scolaire-milieu-hospitalier/,-73.57678,45.575254,Préscolaire - Primaire - Secondaire,762000,Franco,5_OrgImm_Franco_presc_prim_sec,Montréal,Montréal,Montréal,Rosemont,Centre de services scolaire de Montréal
270,1811,,,762212,École Hôpital Sainte-Justine,Hôpital Sainte-Justine,"3175, chemin de la Côte-Sainte-Catherine",,H3T1C5,66023,Montréal,762851,Hôpital de Montréal pour enfants,"1001, boulevard Décarie",,66023,Montréal,H4A3J1,1,1,1,0,0,https://www.cssdm.gouv.qc.ca/eleves-besoins-particuliers/service-scolaire-milieu-hospitalier/,-73.600887,45.473365,Préscolaire - Primaire - Secondaire,762000,Franco,5_OrgImm_Franco_presc_prim_sec,Montréal,Montréal,Montréal,Notre-Dame-de-Grâce,Centre de services scolaire de Montréal
271,1812,,,762212,École Hôpital Sainte-Justine,Hôpital Sainte-Justine,"3175, chemin de la Côte-Sainte-Catherine",,H3T1C5,66023,Montréal,762852,Hôpital Sainte-Justine,"3175, ch. Côte-Ste-Catherine",,66023,Montréal,H3T1C5,1,1,1,0,0,https://www.cssdm.gouv.qc.ca/eleves-besoins-particuliers/service-scolaire-milieu-hospitalier/,-73.624944,45.503146,Préscolaire - Primaire - Secondaire,762000,Franco,5_OrgImm_Franco_presc_prim_sec,Montréal,Montréal,Montréal,Mont-Royal–Outremont,Centre de services scolaire de Montréal
272,1813,,,762212,École Hôpital Sainte-Justine,Hôpital Sainte-Justine,"3175, chemin de la Côte-Sainte-Catherine",,H3T1C5,66023,Montréal,762857,"Hôpital du Sacré-Coeur, pavillon Albert-Prévost","6555, boulevard Gouin Ouest",,66023,Montréal,H4K1B3,0,0,1,0,0,https://www.cssdm.gouv.qc.ca/eleves-besoins-particuliers/service-scolaire-milieu-hospitalier/,-73.729042,45.529021,Secondaire,762000,Franco,3_OrgImm_Franco_secondaire,Montréal,Montréal,Montréal,Saint-Laurent,Centre de services scolaire de Montréal
273,1814,,,762212,École Hôpital Sainte-Justine,Hôpital Sainte-Justine,"3175, chemin de la Côte-Sainte-Catherine",,H3T1C5,66023,Montréal,887854,Sir Mortimer B. Davis,"3755, ch. Côte Ste-Catherine",,66023,Montréal,H3T1E2,1,1,1,0,0,https://www.cssdm.gouv.qc.ca/eleves-besoins-particuliers/service-scolaire-milieu-hospitalier/,-73.628805,45.4978,Préscolaire - Primaire - Secondaire,762000,Franco,5_OrgImm_Franco_presc_prim_sec,Montréal,Montréal,Montréal,D'Arcy-McGee,Centre de services scolaire de Montréal
274,1815,,,762215,École de l'Étincelle,École de l'Étincelle,"6080, avenue de l'Esplanade",,H2T3A3,66023,Montréal,762050,Lambert-Closse,"5840, rue Saint-Urbain",,66023,Montréal,H2T2X5,1,1,0,0,0,https://de-letincelle.cssdm.gouv.qc.ca/,-73.604199,45.526096,Préscolaire - Primaire,762000,Franco,4_OrgImm_Franco_presc_prim,Montréal,Montréal,Montréal,Mercier,Centre de services scolaire de Montréal
275,1816,,,762215,École de l'Étincelle,École de l'Étincelle,"6080, avenue de l'Esplanade",,H2T3A3,66023,Montréal,762093,De l'Étincelle,"6080, avenue de l'Esplanade",,66023,Montréal,H2T3A3,1,1,0,0,0,https://de-letincelle.cssdm.gouv.qc.ca/,-73.607988,45.52633,Préscolaire - Primaire,762000,Franco,4_OrgImm_Franco_presc_prim,Montréal,Montréal,Montréal,Mercier,Centre de services scolaire de Montréal
276,1817,,,762217,École de la Lancée,École de la Lancée,"8147, rue Sherbrooke Est",,H1L1A7,66023,Montréal,762855,De la Lancée Annexe,"8147, rue Sherbrooke Est",,66023,Montréal,H1L1A7,0,1,1,0,0,https://de-la-lancee.cssdm.gouv.qc.ca/,-73.53709,45.599464,Primaire - Secondaire,762000,Franco,7_OrgImm_Franco_prim_sec,Montréal,Montréal,Montréal,Camille-Laurin,Centre de services scolaire de Montréal
277,1818,,,762217,École de la Lancée,École de la Lancée,"8147, rue Sherbrooke Est",,H1L1A7,66023,Montréal,762875,"De la Lancée, centre jeunesse","8147, rue Sherbrooke Est",,66023,Montréal,H1L1A7,0,1,1,0,0,https://de-la-lancee.cssdm.gouv.qc.ca/,-73.53709,45.599464,Primaire - Secondaire,762000,Franco,7_OrgImm_Franco_prim_sec,Montréal,Montréal,Montréal,Camille-Laurin,Centre de services scolaire de Montréal
278,1819,,,762221,École Irénée-Lussier,École Irénée-Lussier,"4420, rue Hochelaga",,H1V1B6,66023,Montréal,762203,Irénée-Lussier,"4420, rue Hochelaga",,66023,Montréal,H1V0C1,0,0,1,0,0,https://irenee-lussier.cssdm.gouv.qc.ca/,-73.545771,45.555751,Secondaire,762000,Franco,3_OrgImm_Franco_secondaire,Montréal,Montréal,Montréal,Hochelaga-Maisonneuve,Centre de services scolaire de Montréal
279,1820,,,762221,École Irénée-Lussier,École Irénée-Lussier,"4420, rue Hochelaga",,H1V1B6,66023,Montréal,762860,"Irénée-Lussier, annexe Décarie","4434, boulevard Décarie",,66023,Montréal,H4A3P2,0,0,1,0,0,https://irenee-lussier.cssdm.gouv.qc.ca/,-73.622393,45.479782,Secondaire,762000,Franco,3_OrgImm_Franco_secondaire,Montréal,Montréal,Montréal,Notre-Dame-de-Grâce,Centre de services scolaire de Montréal
280,1821,,,762225,École Joseph-Charbonneau,École Joseph-Charbonneau,"8200, rue Rousselot",,H2E1Z6,66023,Montréal,762083,Joseph-Charbonneau,"8200, rue Rousselot",,66023,Montréal,H2E1Z6,0,0,1,0,0,https://joseph-charbonneau.cssdm.gouv.qc.ca/,-73.622874,45.551421,Secondaire,762000,Franco,3_OrgImm_Franco_secondaire,Montréal,Montréal,Montréal,Laurier-Dorion,Centre de services scolaire de Montréal
281,1822,,,762225,École Joseph-Charbonneau,École Joseph-Charbonneau,"8200, rue Rousselot",,H2E1Z6,66023,Montréal,762853,Institut de réadaptation,"6300, avenue Darlington",,66023,Montréal,H3S2J4,0,0,1,0,0,https://joseph-charbonneau.cssdm.gouv.qc.ca/,-73.628778,45.508069,Secondaire,762000,Franco,3_OrgImm_Franco_secondaire,Montréal,Montréal,Montréal,Mont-Royal–Outremont,Centre de services scolaire de Montréal
282,1823,,,762226,École Henri-Julien,École Henri-Julien,"8150, rue Rousselot",,H2E1Z6,66023,Montréal,762367,Henri-Julien,"8150, rue Rousselot",,66023,Montréal,H2E1Z6,0,0,1,0,0,https://henri-julien.cssdm.gouv.qc.ca/,-73.621929,45.550827,Secondaire,762000,Franco,3_OrgImm_Franco_secondaire,Montréal,Montréal,Montréal,Laurier-Dorion,Centre de services scolaire de Montréal
283,1824,,,762232,Centre Dollard-Cormier,Centre Dollard-Cormier,"3530, rue Saint-Urbain",,H2X2N7,66023,Montréal,762858,Centre Dollard-Cormier,"3530, rue Saint-Urbain",,66023,Montréal,H2X2N7,0,0,1,0,0,,-73.572946,45.51193,Secondaire,762000,Franco,3_OrgImm_Franco_secondaire,Montréal,Montréal,Montréal,Westmount–Saint-Louis,Centre de services scolaire de Montréal
284,1825,,,762240,CHSLD Marie-Rollet,CHSLD Marie-Rollet,"5003, rue Saint-Zotique Est",,H1T1N6,66023,Montréal,762861,CHSLD Marie-Rollet,"5003, rue Saint-Zotique Est",,66023,Montréal,H1T1N6,0,0,1,0,0,,-73.575817,45.573337,Secondaire,762000,Franco,3_OrgImm_Franco_secondaire,Montréal,Montréal,Montréal,Rosemont,Centre de services scolaire de Montréal
285,1826,,,762248,École Le Vitrail,École Le Vitrail,"5927, rue Boyer",,H2S2H8,66023,Montréal,762104,Le Vitrail,"5927, rue Boyer",,66023,Montréal,H2S2H8,1,1,1,0,0,https://le-vitrail.cssdm.gouv.qc.ca/,-73.59726,45.535087,Préscolaire - Primaire - Secondaire,762000,Franco,5_OrgImm_Franco_presc_prim_sec,Montréal,Montréal,Montréal,Gouin,Centre de services scolaire de Montréal
286,1827,,,762252,École Louise-Trichet,École Louise-Trichet,"2800, boulevard Lapointe",,H1L5M1,66023,Montréal,762303,Transitoire - Louise-Trichet,"8300, rue de Teck",,66023,Montréal,H1L1H4,0,0,1,0,0,https://louise-trichet.cssdm.gouv.qc.ca/,-73.529841,45.598951,Secondaire,762000,Franco,3_OrgImm_Franco_secondaire,Montréal,Montréal,Montréal,Camille-Laurin,Centre de services scolaire de Montréal
287,1828,,,762252,École Louise-Trichet,École Louise-Trichet,"2800, boulevard Lapointe",,H1L5M1,66023,Montréal,762308,Louise-Trichet,"2800, boulevard Lapointe",,66023,Montréal,H1L5M1,0,0,1,0,0,https://louise-trichet.cssdm.gouv.qc.ca/,-73.525413,45.597817,Secondaire,762000,Franco,3_OrgImm_Franco_secondaire,Montréal,Montréal,Montréal,Camille-Laurin,Centre de services scolaire de Montréal
288,1829,,,762253,Académie Dunton,Académie Dunton,"5555, rue De Boucherville",,H1K4B6,66023,Montréal,762111,Académie Dunton,"5555, rue de Boucherville",,66023,Montréal,H1K4B6,0,0,1,0,0,https://academie-dunton.cssdm.gouv.qc.ca/,-73.543867,45.596233,Secondaire,762000,Franco,3_OrgImm_Franco_secondaire,Montréal,Montréal,Montréal,Camille-Laurin,Centre de services scolaire de Montréal
289,1830,,,762254,École Louis-Riel,École Louis-Riel,"5850, avenue de Carignan",,H1M2V4,66023,Montréal,762030,Louis-Riel,"5850, avenue de Carignan",,66023,Montréal,H1M2V4,0,0,1,0,0,https://louis-riel.cssdm.gouv.qc.ca/,-73.556067,45.583588,Secondaire,762000,Franco,3_OrgImm_Franco_secondaire,Montréal,Montréal,Montréal,Anjou–Louis-Riel,Centre de services scolaire de Montréal
290,1831,,,762256,École Édouard-Montpetit,École Édouard-Montpetit,"6200, avenue Pierre-De Coubertin",,H1N1S4,66023,Montréal,762014,Édouard-Montpetit,"6200, ave. Pierre-De Coubertin",,66023,Montréal,H1N1S4,0,0,1,0,0,https://edouard-montpetit.cssdm.gouv.qc.ca/,-73.535646,45.576505,Secondaire,762000,Franco,3_OrgImm_Franco_secondaire,Montréal,Montréal,Montréal,Camille-Laurin,Centre de services scolaire de Montréal
291,1832,,,762258,École Marguerite-De Lajemmerais,École Marguerite-De Lajemmerais,"5555, rue Sherbrooke Est",,H1N1A2,66023,Montréal,762033,Marguerite-De Lajemmerais,"5555, rue Sherbrooke Est",,66023,Montréal,H1N1A2,0,0,1,0,0,https://marguerite-de-lajemmerais.cssdm.gouv.qc.ca/,-73.552125,45.571762,Secondaire,762000,Franco,3_OrgImm_Franco_secondaire,Montréal,Montréal,Montréal,Rosemont,Centre de services scolaire de Montréal
292,1833,,,762259,École Chomedey-De Maisonneuve,École Chomedey-De Maisonneuve,"1860, avenue Morgan",,H1V2R2,66023,Montréal,762132,Transitoire - Chomedey-De Maisonneuve,"4100, rue Hochelaga",,66023,Montréal,H1V1B6,0,0,1,0,0,https://chomedey-de-maisonneuve.cssdm.gouv.qc.ca/,-73.546626,45.552529,Secondaire,762000,Franco,3_OrgImm_Franco_secondaire,Montréal,Montréal,Montréal,Hochelaga-Maisonneuve,Centre de services scolaire de Montréal
293,1834,,,762259,École Chomedey-De Maisonneuve,École Chomedey-De Maisonneuve,"1860, avenue Morgan",,H1V2R2,66023,Montréal,762187,Chomedey-de-Maisonneuve,"1860, avenue Morgan",,66023,Montréal,H1V2R2,0,0,1,0,0,https://chomedey-de-maisonneuve.cssdm.gouv.qc.ca/,-73.538571,45.552601,Secondaire,762000,Franco,3_OrgImm_Franco_secondaire,Montréal,Montréal,Montréal,Hochelaga-Maisonneuve,Centre de services scolaire de Montréal
294,1835,,,762260,École Eulalie-Durocher,École Eulalie-Durocher,"2455, avenue Létourneux",,H1V2N9,66023,Montréal,762344,Eulalie-Durocher,"2455, avenue Letourneux",,66023,Montréal,H1V2N9,0,0,1,0,0,https://eulalie-durocher.cssdm.gouv.qc.ca/,-73.546271,45.554707,Secondaire,762000,Franco,3_OrgImm_Franco_secondaire,Montréal,Montréal,Montréal,Hochelaga-Maisonneuve,Centre de services scolaire de Montréal
295,1836,,,762262,École Joseph-François-Perrault,École Joseph-François-Perrault,"7450, rue François-Perrault",,H2A1L9,66023,Montréal,762004,Joseph-François-Perrault,"7450, rue François-Perrault",,66023,Montréal,H2A1L9,0,0,1,0,0,https://joseph-francois-perrault.cssdm.gouv.qc.ca/,-73.600014,45.563275,Secondaire,762000,Franco,3_OrgImm_Franco_secondaire,Montréal,Montréal,Montréal,Viau,Centre de services scolaire de Montréal
296,1837,,,762262,École Joseph-François-Perrault,École Joseph-François-Perrault,"7450, rue François-Perrault",,H2A1L9,66023,Montréal,762312,"Joseph-François-Perrault, annexe","7411, 17e Avenue",,66023,Montréal,H2A2R7,0,0,1,0,0,https://joseph-francois-perrault.cssdm.gouv.qc.ca/,-73.59816,45.564778,Secondaire,762000,Franco,3_OrgImm_Franco_secondaire,Montréal,Montréal,Montréal,Viau,Centre de services scolaire de Montréal
297,1838,,,762263,École Louis-Joseph-Papineau,École Louis-Joseph-Papineau,"2901, rue de Louvain Est",,H1Z1J7,66023,Montréal,762028,Louis-Joseph-Papineau,"2901, rue de Louvain Est",,66023,Montréal,H1Z1J7,0,0,1,0,0,https://louis-joseph-papineau.cssdm.gouv.qc.ca/,-73.63393,45.571321,Secondaire,762000,Franco,3_OrgImm_Franco_secondaire,Montréal,Montréal,Montréal,Viau,Centre de services scolaire de Montréal
298,1839,,,762264,École Pierre-Dupuy,École Pierre-Dupuy,"2000, rue Parthenais",,H2K3S9,66023,Montréal,762437,Pierre-Dupuy,"2000, rue Parthenais",,66023,Montréal,H2K3S9,0,0,1,0,0,https://pierre-dupuy.cssdm.gouv.qc.ca/,-73.557683,45.529219,Secondaire,762000,Franco,3_OrgImm_Franco_secondaire,Montréal,Montréal,Montréal,Sainte-Marie–Saint-Jacques,Centre de services scolaire de Montréal
299,1840,,,762265,École Jeanne-Mance,École Jeanne-Mance,"4240, rue de Bordeaux",,H2H1Z5,66023,Montréal,762035,Jeanne-Mance,"4240, rue de Bordeaux",,66023,Montréal,H2H1Z5,0,0,1,0,0,https://jeanne-mance.cssdm.gouv.qc.ca/,-73.569905,45.532288,Secondaire,762000,Franco,3_OrgImm_Franco_secondaire,Montréal,Montréal,Montréal,Mercier,Centre de services scolaire de Montréal
300,1841,,,762267,Académie De Roberval,Académie De Roberval,"1275, rue Jarry Est",,H2P1W9,66023,Montréal,762025,Georges-Vanier,"1205, rue Jarry Est",,66023,Montréal,H2P1W9,0,0,1,0,0,https://academie-de-roberval.cssdm.gouv.qc.ca/,-73.625286,45.550206,Secondaire,762000,Franco,3_OrgImm_Franco_secondaire,Montréal,Montréal,Montréal,Laurier-Dorion,Centre de services scolaire de Montréal
301,1842,,,762267,Académie De Roberval,Académie De Roberval,"1275, rue Jarry Est",,H2P1W9,66023,Montréal,762113,Académie de Roberval,"1370, rue de Castelnau Est",,66023,Montréal,H2E2A1,0,0,1,0,0,https://academie-de-roberval.cssdm.gouv.qc.ca/,-73.611984,45.544996,Secondaire,762000,Franco,3_OrgImm_Franco_secondaire,Montréal,Montréal,Montréal,Laurier-Dorion,Centre de services scolaire de Montréal
302,1843,,,762268,École Père-Marquette,École Père-Marquette,"6030, rue Marquette",,H2G2Y2,66023,Montréal,762038,Père-Marquette,"6030, rue Marquette",,66023,Montréal,H2G2Y2,0,0,1,0,0,https://pere-marquette.cssdm.gouv.qc.ca/,-73.593372,45.540883,Secondaire,762000,Franco,3_OrgImm_Franco_secondaire,Montréal,Montréal,Montréal,Gouin,Centre de services scolaire de Montréal
303,1844,,,762269,École Georges-Vanier,École Georges-Vanier,"1205, rue Jarry Est",,H2P1W9,66023,Montréal,762025,Georges-Vanier,"1205, rue Jarry Est",,66023,Montréal,H2P1W9,0,0,1,0,0,https://georges-vanier.cssdm.gouv.qc.ca/,-73.625286,45.550206,Secondaire,762000,Franco,3_OrgImm_Franco_secondaire,Montréal,Montréal,Montréal,Laurier-Dorion,Centre de services scolaire de Montréal
304,1845,,,762271,École Sophie-Barat,École Sophie-Barat,"1239, boulevard Gouin Est",,H2C1B3,66023,Montréal,762056,Sophie-Barat,"1239, boulevard Gouin Est",,66023,Montréal,H2C1B3,0,0,1,0,0,https://sophie-barat.cssdm.gouv.qc.ca/,-73.667442,45.561997,Secondaire,762000,Franco,3_OrgImm_Franco_secondaire,Montréal,Montréal,Montréal,Maurice-Richard,Centre de services scolaire de Montréal
305,1846,,,762271,École Sophie-Barat,École Sophie-Barat,"1239, boulevard Gouin Est",,H2C1B3,66023,Montréal,762228,Transitoire - Sophie-Barat,"9767, boulevard Saint-Laurent",,66023,Montréal,H3L2N4,0,0,1,0,0,https://sophie-barat.cssdm.gouv.qc.ca/,-73.658525,45.547623,Secondaire,762000,Franco,3_OrgImm_Franco_secondaire,Montréal,Montréal,Montréal,Maurice-Richard,Centre de services scolaire de Montréal
306,1847,,,762271,École Sophie-Barat,École Sophie-Barat,"1239, boulevard Gouin Est",,H2C1B3,66023,Montréal,762306,"Sophie-Barat, annexe","750, boulevard Gouin Est",,66023,Montréal,H2C1A6,0,0,1,0,0,https://sophie-barat.cssdm.gouv.qc.ca/,-73.668072,45.558145,Secondaire,762000,Franco,3_OrgImm_Franco_secondaire,Montréal,Montréal,Montréal,Maurice-Richard,Centre de services scolaire de Montréal
307,1848,,,762271,École Sophie-Barat,École Sophie-Barat,"1239, boulevard Gouin Est",,H2C1B3,66023,Montréal,762827,"Sophie-Barat, annexe temporaire","8961, 6e Avenue",,66023,Montréal,H1Z2T7,0,0,1,0,0,https://sophie-barat.cssdm.gouv.qc.ca/,-73.627581,45.56845,Secondaire,762000,Franco,3_OrgImm_Franco_secondaire,Montréal,Montréal,Montréal,Viau,Centre de services scolaire de Montréal
308,1849,,,762274,École Robert-Gravel,École Robert-Gravel,"38, avenue Fairmount Est",,H2T1C9,66023,Montréal,762039,Robert-Gravel,"38, avenue Fairmount Est",,66023,Montréal,H2T1C9,0,0,1,0,0,https://robert-gravel.cssdm.gouv.qc.ca/,-73.593701,45.524629,Secondaire,762000,Franco,3_OrgImm_Franco_secondaire,Montréal,Montréal,Montréal,Mercier,Centre de services scolaire de Montréal
309,1850,,,762276,École Marie-Anne,École Marie-Anne,"100, rue Sauvé Est",,H3L1H1,66023,Montréal,762055,Marie-Anne,"100, rue Sauvé Est",,66023,Montréal,H3L1H1,0,0,1,0,0,https://marie-anne.cssdm.gouv.qc.ca/,-73.658784,45.548209,Secondaire,762000,Franco,3_OrgImm_Franco_secondaire,Montréal,Montréal,Montréal,Maurice-Richard,Centre de services scolaire de Montréal
310,1851,,,762276,École Marie-Anne,École Marie-Anne,"100, rue Sauvé Est",,H3L1H1,66023,Montréal,762336,"Marie-Anne, annexe Rosalie-Jetté","5100, rue Bossuet",,66023,Montréal,H1M2M4,0,0,1,0,0,https://marie-anne.cssdm.gouv.qc.ca/,-73.551805,45.577414,Secondaire,762000,Franco,3_OrgImm_Franco_secondaire,Montréal,Montréal,Montréal,Anjou–Louis-Riel,Centre de services scolaire de Montréal
311,1852,,,762278,École Lucien-Pagé,École Lucien-Pagé,"8200, boulevard Saint-Laurent",,H2P2L8,66023,Montréal,762037,Lucien-Pagé,"8200, boulevard Saint-Laurent",,66023,Montréal,H2P2L8,0,0,1,0,0,https://lucien-page.cssdm.gouv.qc.ca/,-73.633611,45.538453,Secondaire,762000,Franco,3_OrgImm_Franco_secondaire,Montréal,Montréal,Montréal,Laurier-Dorion,Centre de services scolaire de Montréal
312,1853,,,762282,École Marcelin-Wilson,École Marcelin-Wilson,"11600, boulevard de l'Acadie",,H3M2T2,66023,Montréal,762224,"Marcelin-Wilson, bâtiment Dudemaine","2000, rue Dudemaine",,66023,Montréal,H3M0A4,0,0,1,0,0,https://ladauversiere.cssdm.gouv.qc.ca/,-73.690029,45.536778,Secondaire,762000,Franco,3_OrgImm_Franco_secondaire,Montréal,Montréal,Montréal,Acadie,Centre de services scolaire de Montréal
313,1854,,,762282,École Marcelin-Wilson,École Marcelin-Wilson,"11600, boulevard de l'Acadie",,H3M2T2,66023,Montréal,762376,"Marcelin-Wilson, bâtiment La Dauversière","11600, boulevard de l'Acadie",,66023,Montréal,H3M2T2,0,0,1,0,0,https://ladauversiere.cssdm.gouv.qc.ca/,-73.688713,45.537157,Secondaire,762000,Franco,3_OrgImm_Franco_secondaire,Montréal,Montréal,Montréal,Acadie,Centre de services scolaire de Montréal
314,1855,,,762282,École Marcelin-Wilson,École Marcelin-Wilson,"11600, boulevard de l'Acadie",,H3M2T2,66023,Montréal,762499,"Marcelin-Wilson, bâtiment Évangéline","11845, boulevard de l'Acadie",,66023,Montréal,H3M2T4,0,0,1,0,0,https://ladauversiere.cssdm.gouv.qc.ca/,-73.691157,45.539821,Secondaire,762000,Franco,3_OrgImm_Franco_secondaire,Montréal,Montréal,Montréal,Acadie,Centre de services scolaire de Montréal
315,1856,,,762284,École internationale de Montréal,École internationale de Montréal,"11, chemin de la Côte-Saint-Antoine",,H3Y2H7,66023,Montréal,762041,Transitoire - International de Montréal,"3641, avenue Prud'homme",,66023,Montréal,H4A3H6,1,1,0,0,0,https://ecole-internationale.cssdm.gouv.qc.ca/,-73.613177,45.475561,Préscolaire - Primaire,762000,Franco,4_OrgImm_Franco_presc_prim,Montréal,Montréal,Montréal,Notre-Dame-de-Grâce,Centre de services scolaire de Montréal
316,1857,,,762284,École internationale de Montréal,École internationale de Montréal,"11, chemin de la Côte-Saint-Antoine",,H3Y2H7,66023,Montréal,762045,"Internationale de Montréal, secondaire","11, chemin Côte-Saint-Antoine",,66032,Westmount,H3Y2H7,0,0,1,0,0,https://ecole-internationale.cssdm.gouv.qc.ca/,-73.595752,45.486757,Secondaire,762000,Franco,3_OrgImm_Franco_secondaire,Westmount,Montréal,Montréal,Westmount–Saint-Louis,Centre de services scolaire de Montréal
317,1858,,,762284,École internationale de Montréal,École internationale de Montréal,"11, chemin de la Côte-Saint-Antoine",,H3Y2H7,66023,Montréal,762108,"Saint-Luc, annexe temporaire","5010, avenue Coolbrook",,66023,Montréal,H3X2K9,1,1,0,0,0,https://ecole-internationale.cssdm.gouv.qc.ca/,-73.629678,45.482239,Préscolaire - Primaire,762000,Franco,4_OrgImm_Franco_presc_prim,Montréal,Montréal,Montréal,D'Arcy-McGee,Centre de services scolaire de Montréal
318,1859,,,762286,École Saint-Henri,École Saint-Henri,"4115, rue Saint-Jacques",,H4C1J3,66023,Montréal,762013,Transitoire - Saint-Henri,"633, rue de Courcelle",,66023,Montréal,H4C3C7,0,0,1,0,0,https://st-henri.cssdm.gouv.qc.ca/,-73.591725,45.474454,Secondaire,762000,Franco,3_OrgImm_Franco_secondaire,Montréal,Montréal,Montréal,Saint-Henri–Sainte-Anne,Centre de services scolaire de Montréal
319,1860,,,762286,École Saint-Henri,École Saint-Henri,"4115, rue Saint-Jacques",,H4C1J3,66023,Montréal,762023,Saint-Henri,"4115, rue Saint-Jacques Ouest",,66023,Montréal,H4C1J3,0,0,1,0,0,https://st-henri.cssdm.gouv.qc.ca/,-73.586843,45.47764,Secondaire,762000,Franco,3_OrgImm_Franco_secondaire,Montréal,Montréal,Montréal,Saint-Henri–Sainte-Anne,Centre de services scolaire de Montréal
320,1861,,,762287,École Honoré-Mercier,École Honoré-Mercier,"1935, boulevard Desmarchais",,H4E2B9,66023,Montréal,762347,Honoré-Mercier,"1935, boulevard Desmarchais",,66023,Montréal,H4E2B9,0,0,1,0,0,https://honore-mercier.cssdm.gouv.qc.ca/,-73.591707,45.456048,Secondaire,762000,Franco,3_OrgImm_Franco_secondaire,Montréal,Montréal,Montréal,Saint-Henri–Sainte-Anne,Centre de services scolaire de Montréal
321,1862,,,762288,École La Voie,École La Voie,"6755, rue Lavoie",,H3W2K8,66023,Montréal,762112,La Voie,"6755, rue Lavoie",,66023,Montréal,H3W2K8,0,0,1,0,0,https://la-voie.cssdm.gouv.qc.ca/,-73.640595,45.499735,Secondaire,762000,Franco,3_OrgImm_Franco_secondaire,Montréal,Montréal,Montréal,D'Arcy-McGee,Centre de services scolaire de Montréal
322,1863,,,762291,École Saint-Luc,École Saint-Luc,"6300, chemin de la Côte-Saint-Luc",,H3X2H4,66023,Montréal,762108,"Saint-Luc, annexe temporaire","5010, avenue Coolbrook",,66023,Montréal,H3X2K9,0,0,1,0,0,https://st-luc.cssdm.gouv.qc.ca/,-73.629678,45.482239,Secondaire,762000,Franco,3_OrgImm_Franco_secondaire,Montréal,Montréal,Montréal,D'Arcy-McGee,Centre de services scolaire de Montréal
323,1864,,,762291,École Saint-Luc,École Saint-Luc,"6300, chemin de la Côte-Saint-Luc",,H3X2H4,66023,Montréal,762214,"Saint-Luc, annexe Terrebonne","7315, rue de Terrebonne",,66023,Montréal,H4B1E3,0,0,1,0,0,https://st-luc.cssdm.gouv.qc.ca/,-73.64352,45.457354,Secondaire,762000,Franco,3_OrgImm_Franco_secondaire,Montréal,Montréal,Montréal,Notre-Dame-de-Grâce,Centre de services scolaire de Montréal
324,1865,,,762291,École Saint-Luc,École Saint-Luc,"6300, chemin de la Côte-Saint-Luc",,H3X2H4,66023,Montréal,762242,"Saint-Luc, annexe","3744, avenue Prud'homme",,66023,Montréal,H4A3H4,0,0,1,0,0,https://st-luc.cssdm.gouv.qc.ca/,-73.613775,45.475237,Secondaire,762000,Franco,3_OrgImm_Franco_secondaire,Montréal,Montréal,Montréal,Notre-Dame-de-Grâce,Centre de services scolaire de Montréal
325,1866,,,762291,École Saint-Luc,École Saint-Luc,"6300, chemin de la Côte-Saint-Luc",,H3X2H4,66023,Montréal,762325,Saint-Luc,"6300, chemin de la Côte-St-Luc",,66023,Montréal,H3X2H4,0,0,1,0,0,https://st-luc.cssdm.gouv.qc.ca/,-73.642922,45.473698,Secondaire,762000,Franco,3_OrgImm_Franco_secondaire,Montréal,Montréal,Montréal,Notre-Dame-de-Grâce,Centre de services scolaire de Montréal
326,1867,,,762303,CEA Saint-Paul,Centre Saint-Paul,"4976, rue Notre-Dame Ouest",,H4C1S8,66023,Montréal,762070,Centre Saint-Paul,"4976, rue Notre-Dame Ouest",,66023,Montréal,H4C1S8,0,0,0,0,1,https://centre-st-paul.cssdm.gouv.qc.ca/,-73.590056,45.470674,Éducation aux adultes,762000,Franco,9_OrgImm_Franco_Adu,Montréal,Montréal,Montréal,Saint-Henri–Sainte-Anne,Centre de services scolaire de Montréal
327,1868,,,762306,Centre William-Hingston,Centre William-Hingston,"419, rue Saint-Roch",2e étage,H3N1K2,66023,Montréal,762042,Barthélemy-Vimont,"415, rue Saint-Roch",,66023,Montréal,H3N1K2,0,0,0,0,1,https://centre-william-hingston.cssdm.gouv.qc.ca/,-73.628728,45.531487,Éducation aux adultes,762000,Franco,9_OrgImm_Franco_Adu,Montréal,Montréal,Montréal,Laurier-Dorion,Centre de services scolaire de Montréal
328,1869,,,762310,CREP,Centre de ressources éducatives et pédagogiques (CREP),"5100, rue Sherbrooke Est",,H1V3R9,66023,Montréal,762798,Établissement de Montréal (Bordeaux),"800, boulevard Gouin Ouest",,66023,Montréal,H3L1K7,0,0,0,0,1,https://centre-ressources-educatives.cssdm.gouv.qc.ca/,-73.684866,45.544924,Éducation aux adultes,762000,Franco,9_OrgImm_Franco_Adu,Montréal,Montréal,Montréal,Acadie,Centre de services scolaire de Montréal
329,1870,,,762310,CREP,Centre de ressources éducatives et pédagogiques (CREP),"5100, rue Sherbrooke Est",,H1V3R9,66023,Montréal,762825,Centre administratif,"5100, rue Sherbrooke Est",,66023,Montréal,H1V3R9,0,0,0,0,1,https://centre-ressources-educatives.cssdm.gouv.qc.ca/,-73.552345,45.566749,Éducation aux adultes,762000,Franco,9_OrgImm_Franco_Adu,Montréal,Montréal,Montréal,Hochelaga-Maisonneuve,Centre de services scolaire de Montréal
330,1871,,,762312,CEA Lartigue,Centre Lartigue,"2217, avenue Papineau",,H2K4J5,66023,Montréal,762134,"Centre Lartigue, annexe","1750, rue Saint-André",,66023,Montréal,H2L3T8,0,0,0,0,1,https://centre-lartigue.cssdm.gouv.qc.ca/,-73.562246,45.517915,Éducation aux adultes,762000,Franco,9_OrgImm_Franco_Adu,Montréal,Montréal,Montréal,Sainte-Marie–Saint-Jacques,Centre de services scolaire de Montréal
331,1872,,,762312,CEA Lartigue,Centre Lartigue,"2217, avenue Papineau",,H2K4J5,66023,Montréal,762234,Centre Lartigue,"2217, avenue Papineau",,66023,Montréal,H2K4J5,0,0,0,0,1,https://centre-lartigue.cssdm.gouv.qc.ca/,-73.562102,45.527518,Éducation aux adultes,762000,Franco,9_OrgImm_Franco_Adu,Montréal,Montréal,Montréal,Sainte-Marie–Saint-Jacques,Centre de services scolaire de Montréal
332,1873,,,762315,Centre Marie-Médiatrice,Centre Marie-Médiatrice,"6200, rue des Écores",,H2G2J5,66023,Montréal,762200,Centre Marie-Médiatrice,"6200, rue des Écores",,66023,Montréal,H2G2J5,0,0,0,0,1,https://centre-marie-mediatrice.cssdm.gouv.qc.ca/,-73.590123,45.545878,Éducation aux adultes,762000,Franco,9_OrgImm_Franco_Adu,Montréal,Montréal,Montréal,Gouin,Centre de services scolaire de Montréal
333,1874,,,762328,CEA Champagnat,Centre Champagnat,"5017, rue Saint-Hubert",,H2J2X9,66023,Montréal,762015,Centre Champagnat,"5017, rue Saint-Hubert",,66023,Montréal,H2J2X9,0,0,0,0,1,https://centre-champagnat.cssdm.gouv.qc.ca/,-73.586928,45.528922,Éducation aux adultes,762000,Franco,9_OrgImm_Franco_Adu,Montréal,Montréal,Montréal,Mercier,Centre de services scolaire de Montréal
334,1875,,,762328,CEA Champagnat,Centre Champagnat,"5017, rue Saint-Hubert",,H2J2X9,66023,Montréal,762266,"Centre Champagnat, annexe temporaire","7745, avenue Champagneur",,66023,Montréal,H3N2K2,0,0,0,0,1,https://centre-champagnat.cssdm.gouv.qc.ca/,-73.630807,45.528859,Éducation aux adultes,762000,Franco,9_OrgImm_Franco_Adu,Montréal,Montréal,Montréal,Laurier-Dorion,Centre de services scolaire de Montréal
335,1876,,,762328,CEA Champagnat,Centre Champagnat,"5017, rue Saint-Hubert",,H2J2X9,66023,Montréal,762318,"Centre Champagnat, annexe","2651, boulevard Crémazie Est",,66023,Montréal,H1Z2H6,0,0,0,0,1,https://centre-champagnat.cssdm.gouv.qc.ca/,-73.611151,45.559729,Éducation aux adultes,762000,Franco,9_OrgImm_Franco_Adu,Montréal,Montréal,Montréal,Viau,Centre de services scolaire de Montréal
336,1877,,,762332,CEA Eulalie-Durocher,Centre Eulalie-Durocher FGA,"2455, avenue Létourneux",,H1V2N9,66023,Montréal,762344,Eulalie-Durocher,"2455, avenue Letourneux",,66023,Montréal,H1V2N9,0,0,0,0,1,https://eulalie-durocher.cssdm.gouv.qc.ca/,-73.546271,45.554707,Éducation aux adultes,762000,Franco,9_OrgImm_Franco_Adu,Montréal,Montréal,Montréal,Hochelaga-Maisonneuve,Centre de services scolaire de Montréal
337,1878,,,762339,CEA Pauline-Julien,Centre Pauline-Julien,"6750, chemin de la Côte-des-Neiges",,H3S2A8,66023,Montréal,762809,Centre Pauline-Julien,"6750-6830, ch. Côte-des-Neiges",,66023,Montréal,H3S2A8,0,0,0,0,1,https://centre-pauline-julien.cssdm.gouv.qc.ca/,-73.638246,45.501904,Éducation aux adultes,762000,Franco,9_OrgImm_Franco_Adu,Montréal,Montréal,Montréal,D'Arcy-McGee,Centre de services scolaire de Montréal
338,1879,,,762340,CEA Gabrielle-Roy,Centre Gabrielle-Roy,"8699, boulevard Saint-Michel",,H1Z3G1,66023,Montréal,762022,Centre Gabrielle-Roy,"8699, boulevard Saint-Michel",,66023,Montréal,H1Z3G1,0,0,0,0,1,https://centre-gabrielle-roy.cssdm.gouv.qc.ca/,-73.620318,45.568954,Éducation aux adultes,762000,Franco,9_OrgImm_Franco_Adu,Montréal,Montréal,Montréal,Viau,Centre de services scolaire de Montréal
339,1880,,,762343,CEA Gédéon-Ouimet,Centre Gédéon-Ouimet,"1960, rue Poupart",,H2K3H2,66023,Montréal,762099,Centre Gédéon-Ouimet,"1960, rue Poupart",,66023,Montréal,H2K3H2,0,0,0,0,1,https://centre-gedeon-ouimet.cssdm.gouv.qc.ca/,-73.553075,45.531478,Éducation aux adultes,762000,Franco,9_OrgImm_Franco_Adu,Montréal,Montréal,Montréal,Sainte-Marie–Saint-Jacques,Centre de services scolaire de Montréal
340,1881,,,762344,CEA Sainte-Croix,Centre Sainte-Croix,"85, rue Jarry Ouest",,H2P1S6,66023,Montréal,762448,Centre Sainte-Croix,"85, rue Jarry Ouest",,66023,Montréal,H2P1S6,0,0,0,0,1,https://centre-ste-croix.cssdm.gouv.qc.ca/,-73.632661,45.537742,Éducation aux adultes,762000,Franco,9_OrgImm_Franco_Adu,Montréal,Montréal,Montréal,Laurier-Dorion,Centre de services scolaire de Montréal
341,1882,,,762349,CEA Marie-Anne,Centre Marie-Anne FGA,"100, rue Sauvé Est",,H3L1H1,66023,Montréal,762055,Marie-Anne,"100, rue Sauvé Est",,66023,Montréal,H3L1H1,0,0,0,0,1,https://marie-anne.cssdm.gouv.qc.ca/,-73.658784,45.548209,Éducation aux adultes,762000,Franco,9_OrgImm_Franco_Adu,Montréal,Montréal,Montréal,Maurice-Richard,Centre de services scolaire de Montréal
342,1883,,,762358,CEA Saint-Louis,Centre Saint-Louis,"4285, rue Drolet",3e étage,H2W2L7,66023,Montréal,762222,Centre Saint-Louis,"4273-4285, rue Drolet",,66023,Montréal,H2W2L7,0,0,0,0,1,https://centre-st-louis.cssdm.gouv.qc.ca/,-73.580039,45.521983,Éducation aux adultes,762000,Franco,9_OrgImm_Franco_Adu,Montréal,Montréal,Montréal,Mercier,Centre de services scolaire de Montréal
343,1884,,,762371,CEA Tétreaultville,Centre Tétreaultville,"2500, rue Théodore",,H1V3C6,66023,Montréal,762030,Louis-Riel,"5850, avenue de Carignan",,66023,Montréal,H1M2V4,0,0,0,0,1,https://centre-tetreaultville.cssdm.gouv.qc.ca/,-73.556067,45.583588,Éducation aux adultes,762000,Franco,9_OrgImm_Franco_Adu,Montréal,Montréal,Montréal,Anjou–Louis-Riel,Centre de services scolaire de Montréal
344,1885,,,762371,CEA Tétreaultville,Centre Tétreaultville,"2500, rue Théodore",,H1V3C6,66023,Montréal,762353,Centre Hochelaga-Maisonneuve,"2500, rue Théodore",,66023,Montréal,H1V3C6,0,0,0,0,1,https://centre-tetreaultville.cssdm.gouv.qc.ca/,-73.543814,45.559882,Éducation aux adultes,762000,Franco,9_OrgImm_Franco_Adu,Montréal,Montréal,Montréal,Hochelaga-Maisonneuve,Centre de services scolaire de Montréal
345,1886,,,762389,CEA Yves-Thériault,Centre Yves-Thériault,"3925, rue Villeray",,H2A1H1,66023,Montréal,762051,Centre Yves-Thériault,"3925, rue Villeray",,66023,Montréal,H2A1H1,0,0,0,0,1,https://centre-yves-theriault.cssdm.gouv.qc.ca/,-73.598164,45.568,Éducation aux adultes,762000,Franco,9_OrgImm_Franco_Adu,Montréal,Montréal,Montréal,Viau,Centre de services scolaire de Montréal
346,1887,,,762389,CEA Yves-Thériault,Centre Yves-Thériault,"3925, rue Villeray",,H2A1H1,66023,Montréal,762815,"Centre Yves-Thériault, annexe Crémazie","3750, boulevard Crémazie Est",,66023,Montréal,H2A1B6,0,0,0,0,1,https://centre-yves-theriault.cssdm.gouv.qc.ca/,-73.6023,45.566605,Éducation aux adultes,762000,Franco,9_OrgImm_Franco_Adu,Montréal,Montréal,Montréal,Viau,Centre de services scolaire de Montréal
347,1888,,,762414,Métiers du Sud-Ouest,École des métiers du Sud-Ouest-de-Montréal,"717, rue Saint-Ferdinand",,H4C2T3,66023,Montréal,762023,Saint-Henri,"4115, rue Saint-Jacques Ouest",,66023,Montréal,H4C1J3,0,0,0,1,0,https://ecole-metiers-sud-ouest.cssdm.gouv.qc.ca/,-73.586843,45.47764,Formation professionnelle,762000,Franco,8_OrgImm_Franco_Fp,Montréal,Montréal,Montréal,Saint-Henri–Sainte-Anne,Centre de services scolaire de Montréal
348,1889,,,762435,Métiers équipement motorisé,École des métiers de l'équipement motorisé de Montréal,"5455, rue Saint-Denis",,H2J4B7,66023,Montréal,762085,Métiers de l'équipement motorisé de Montréal,"5455, rue Saint-Denis",,66023,Montréal,H2J4B7,0,0,0,1,0,https://ecole-metiers-motorise.cssdm.gouv.qc.ca/,-73.594254,45.52957,Formation professionnelle,762000,Franco,8_OrgImm_Franco_Fp,Montréal,Montréal,Montréal,Mercier,Centre de services scolaire de Montréal
349,1890,,,762435,Métiers équipement motorisé,École des métiers de l'équipement motorisé de Montréal,"5455, rue Saint-Denis",,H2J4B7,66023,Montréal,762814,"Le 5600, rue Hochelaga","2350, rue Dickson",,66023,Montréal,H1N3L7,0,0,0,1,0,https://ecole-metiers-motorise.cssdm.gouv.qc.ca/,-73.538746,45.569935,Formation professionnelle,762000,Franco,8_OrgImm_Franco_Fp,Montréal,Montréal,Montréal,Camille-Laurin,Centre de services scolaire de Montréal
350,1891,,,762457,Métiers de l'horticulture,École des métiers de l'horticulture de Montréal,"2000, rue Parthenais",,H2K3S9,66023,Montréal,762218,Métiers de l'horticulture de Montréal,"5605, boulevard Pie-IX",,66023,Montréal,H1X2B4,0,0,0,1,0,https://ecole-metiers-horticulture.cssdm.gouv.qc.ca/,-73.565463,45.559072,Formation professionnelle,762000,Franco,8_OrgImm_Franco_Fp,Montréal,Montréal,Montréal,Rosemont,Centre de services scolaire de Montréal
351,1892,,,762457,Métiers de l'horticulture,École des métiers de l'horticulture de Montréal,"2000, rue Parthenais",,H2K3S9,66023,Montréal,762437,Pierre-Dupuy,"2000, rue Parthenais",,66023,Montréal,H2K3S9,0,0,0,1,0,https://ecole-metiers-horticulture.cssdm.gouv.qc.ca/,-73.557683,45.529219,Formation professionnelle,762000,Franco,8_OrgImm_Franco_Fp,Montréal,Montréal,Montréal,Sainte-Marie–Saint-Jacques,Centre de services scolaire de Montréal
352,1893,,,762457,Métiers de l'horticulture,École des métiers de l'horticulture de Montréal,"2000, rue Parthenais",,H2K3S9,66023,Montréal,762805,Métiers de l'horticulture de Montréal I,"4101, rue Sherbrooke Est",,66023,Montréal,H1X2B2,0,0,0,1,0,https://ecole-metiers-horticulture.cssdm.gouv.qc.ca/,-73.556531,45.561682,Formation professionnelle,762000,Franco,8_OrgImm_Franco_Fp,Montréal,Montréal,Montréal,Rosemont,Centre de services scolaire de Montréal
353,1894,,,762457,Métiers de l'horticulture,École des métiers de l'horticulture de Montréal,"2000, rue Parthenais",,H2K3S9,66023,Montréal,762814,"Le 5600, rue Hochelaga","2350, rue Dickson",,66023,Montréal,H1N3L7,0,0,0,1,0,https://ecole-metiers-horticulture.cssdm.gouv.qc.ca/,-73.538746,45.569935,Formation professionnelle,762000,Franco,8_OrgImm_Franco_Fp,Montréal,Montréal,Montréal,Camille-Laurin,Centre de services scolaire de Montréal
354,1895,,,762474,Métiers des Faubourgs,École des métiers des Faubourgs-de-Montréal,"2000, rue Parthenais",,H2K3S9,66023,Montréal,762073,Champlain,"2260, rue Logan",,66023,Montréal,H2K4K7,0,0,0,1,0,https://ecole-metiers-faubourgs.cssdm.gouv.qc.ca/,-73.550424,45.528814,Formation professionnelle,762000,Franco,8_OrgImm_Franco_Fp,Montréal,Montréal,Montréal,Sainte-Marie–Saint-Jacques,Centre de services scolaire de Montréal
355,1896,,,762474,Métiers des Faubourgs,École des métiers des Faubourgs-de-Montréal,"2000, rue Parthenais",,H2K3S9,66023,Montréal,762437,Pierre-Dupuy,"2000, rue Parthenais",,66023,Montréal,H2K3S9,0,0,0,1,0,https://ecole-metiers-faubourgs.cssdm.gouv.qc.ca/,-73.557683,45.529219,Formation professionnelle,762000,Franco,8_OrgImm_Franco_Fp,Montréal,Montréal,Montréal,Sainte-Marie–Saint-Jacques,Centre de services scolaire de Montréal
356,1897,,,762477,École des métiers construction Montréal,École des métiers de la construction de Montréal,"5205, rue Parthenais",,H2H2H4,66023,Montréal,762084,Métiers de la construction de Montréal,"5205, rue Parthenais",,66023,Montréal,H2H2H4,0,0,0,1,0,https://ecole-metiers-construction.cssdm.gouv.qc.ca/,-73.578495,45.540613,Formation professionnelle,762000,Franco,8_OrgImm_Franco_Fp,Montréal,Montréal,Montréal,Mercier,Centre de services scolaire de Montréal
357,1898,,,762478,Métiers du commerce (ÉMICA),"École des métiers de l'informatique, du commerce et de l'administration de Montréal (ÉMICA)","3955, rue de Bellechasse",,H1X1J6,66023,Montréal,762253,"ÉMICA, Annexe 1","6255, 13e Avenue",,66023,Montréal,H1X2Y6,0,0,0,1,0,https://emica.cssdm.gouv.qc.ca/ecole/,-73.582073,45.555859,Formation professionnelle,762000,Franco,8_OrgImm_Franco_Fp,Montréal,Montréal,Montréal,Rosemont,Centre de services scolaire de Montréal
358,1899,,,762478,Métiers du commerce (ÉMICA),"École des métiers de l'informatique, du commerce et de l'administration de Montréal (ÉMICA)","3955, rue de Bellechasse",,H1X1J6,66023,Montréal,762354,EMICA,"3955, rue de Bellechasse",,66023,Montréal,H1X1J6,0,0,0,1,0,https://emica.cssdm.gouv.qc.ca/ecole/,-73.577046,45.560413,Formation professionnelle,762000,Franco,8_OrgImm_Franco_Fp,Montréal,Montréal,Montréal,Rosemont,Centre de services scolaire de Montréal
359,1900,,,762486,Métiers du meuble,École des métiers du meuble de Montréal,"6028, rue Marquette",,H2G2Y2,66023,Montréal,762038,Père-Marquette,"6030, rue Marquette",,66023,Montréal,H2G2Y2,0,0,0,1,0,https://ecole-metiers-meuble.cssdm.gouv.qc.ca/,-73.593372,45.540883,Formation professionnelle,762000,Franco,8_OrgImm_Franco_Fp,Montréal,Montréal,Montréal,Gouin,Centre de services scolaire de Montréal
360,1901,,,762486,Métiers du meuble,École des métiers du meuble de Montréal,"6028, rue Marquette",,H2G2Y2,66023,Montréal,762200,Centre Marie-Médiatrice,"6200, rue des Écores",,66023,Montréal,H2G2J5,0,0,0,1,0,https://ecole-metiers-meuble.cssdm.gouv.qc.ca/,-73.590123,45.545878,Formation professionnelle,762000,Franco,8_OrgImm_Franco_Fp,Montréal,Montréal,Montréal,Gouin,Centre de services scolaire de Montréal
361,1902,,,762490,Métiers restauration et tourisme,École des métiers de la restauration et du tourisme de Montréal,"1822, boulevard De Maisonneuve Ouest",,H3H1J8,66023,Montréal,762137,Métiers de la restauration et du tourisme de Mtl,"1822, boul. de Maisonneuve O.",,66023,Montréal,H3H1J8,0,0,0,1,0,https://ecole-metiers-restauration-tourisme.cssdm.gouv.qc.ca/,-73.580538,45.493867,Formation professionnelle,762000,Franco,8_OrgImm_Franco_Fp,Montréal,Montréal,Montréal,Westmount–Saint-Louis,Centre de services scolaire de Montréal
362,1903,,,762494,Métiers l'aérospatiale,École des métiers de l'aérospatiale de Montréal,"5300, rue Chauveau",,H1N3V7,66023,Montréal,762088,Métiers de l'aérospatiale de Montréal,"5300, rue Chauveau",,66023,Montréal,H1N3V7,0,0,0,1,0,https://ecole-metiers-aerospatiale.cssdm.gouv.qc.ca/,-73.549681,45.567478,Formation professionnelle,762000,Franco,8_OrgImm_Franco_Fp,Montréal,Montréal,Montréal,Camille-Laurin,Centre de services scolaire de Montréal
363,1904,,,762494,Métiers l'aérospatiale,École des métiers de l'aérospatiale de Montréal,"5300, rue Chauveau",,H1N3V7,66023,Montréal,762813,"Métiers de l'aérospatiale de Mtl, annexe Mirabel","11800, Rue Service A-5",,74005,Mirabel,J7N1G1,0,0,0,1,0,https://ecole-metiers-aerospatiale.cssdm.gouv.qc.ca/,-74.033767,45.678376,Formation professionnelle,762000,Franco,8_OrgImm_Franco_Fp,Mirabel,Mirabel,Laurentides,Mirabel,Centre de services scolaire de Montréal
364,1905,,,762494,Métiers l'aérospatiale,École des métiers de l'aérospatiale de Montréal,"5300, rue Chauveau",,H1N3V7,66023,Montréal,762818,ÉMAM Annexe Trois-Rivières,"3005, rue Lindbergh",,37067,Trois-Rivières,G9A5E1,0,0,0,1,0,https://ecole-metiers-aerospatiale.cssdm.gouv.qc.ca/,-72.673325,46.365362,Formation professionnelle,762000,Franco,8_OrgImm_Franco_Fp,Trois-Rivières,Trois-Rivières,Mauricie,Maskinongé,Centre de services scolaire de Montréal
365,1908,,,763005,École Bois-Franc-Aquarelle,École Bois-Franc-Aquarelle,"2085, rue de Londres",,H4L3A5,66023,Montréal,763003,"Bois-Franc-Aquarelle, édifice Aquarelle","2080, rue de Londres",,66023,Montréal,H4L3A6,1,1,0,0,0,https://bois-franc-aquarelle.ecolesaintlaurent.ca/,-73.699333,45.522208,Préscolaire - Primaire,763000,Franco,4_OrgImm_Franco_presc_prim,Montréal,Montréal,Montréal,Saint-Laurent,Centre de services scolaire Marguerite-Bourgeoys
366,1909,,,763005,École Bois-Franc-Aquarelle,École Bois-Franc-Aquarelle,"2085, rue de Londres",,H4L3A5,66023,Montréal,763005,"Bois-Franc-Aquarelle, édifice Bois-Franc","2085, rue de Londres",,66023,Montréal,H4L3A5,1,1,0,0,0,https://bois-franc-aquarelle.ecolesaintlaurent.ca/,-73.698388,45.523153,Préscolaire - Primaire,763000,Franco,4_OrgImm_Franco_presc_prim,Montréal,Montréal,Montréal,Saint-Laurent,Centre de services scolaire Marguerite-Bourgeoys
367,1910,,,763006,École Cardinal-Léger,École Cardinal-Léger,"2000, rue Decelles",,H4M1B3,66023,Montréal,763006,Cardinal-Léger,"2000, rue Decelles",,66023,Montréal,H4M1B3,1,1,0,0,0,https://cardinalleger.ecolesaintlaurent.ca/,-73.686905,45.506476,Préscolaire - Primaire,763000,Franco,4_OrgImm_Franco_presc_prim,Montréal,Montréal,Montréal,Saint-Laurent,Centre de services scolaire Marguerite-Bourgeoys
368,1911,,,763007,École Édouard-Laurin,École Édouard-Laurin,"1085, rue Tassé",,H4L1P7,66023,Montréal,763007,Édouard-Laurin,"1085, rue Tassé",,66023,Montréal,H4L1P7,1,1,0,0,0,https://edouardlaurin.ecolesaintlaurent.ca/,-73.684164,45.521308,Préscolaire - Primaire,763000,Franco,4_OrgImm_Franco_presc_prim,Montréal,Montréal,Montréal,Acadie,Centre de services scolaire Marguerite-Bourgeoys
369,1912,,,763008,École Enfant-Soleil,École Enfant-Soleil,"1615, rue Tassé",,H4L1R1,66023,Montréal,763008,Enfant-Soleil,"1615, rue Tassé",,66023,Montréal,H4L1R1,1,1,0,0,0,,-73.689933,45.516673,Préscolaire - Primaire,763000,Franco,4_OrgImm_Franco_presc_prim,Montréal,Montréal,Montréal,Saint-Laurent,Centre de services scolaire Marguerite-Bourgeoys
370,1913,,,763009,École Guy-Drummond,École Guy-Drummond,"1475, avenue Lajoie",,H2V1P9,66023,Montréal,763009,Guy-Drummond,"1475, avenue Lajoie",,66023,Montréal,H2V1P9,1,1,0,0,0,https://guydrummond.ecoleoutremont.com/,-73.613627,45.518401,Préscolaire - Primaire,763000,Franco,4_OrgImm_Franco_presc_prim,Montréal,Montréal,Montréal,Mont-Royal–Outremont,Centre de services scolaire Marguerite-Bourgeoys
371,1914,,,763010,École Hébert,École Hébert,"705, boulevard Décarie",,H4L3L3,66023,Montréal,763010,Hébert,"705, boulevard Décarie",,66023,Montréal,H4L3L3,1,1,0,0,0,,-73.676604,45.511039,Préscolaire - Primaire,763000,Franco,4_OrgImm_Franco_presc_prim,Montréal,Montréal,Montréal,Saint-Laurent,Centre de services scolaire Marguerite-Bourgeoys
372,1915,,,763011,École Henri-Beaulieu,École Henri-Beaulieu,"235, rue Bleignier",,H4N1B1,66023,Montréal,763011,Henri-Beaulieu,"235, rue Bleignier",,66023,Montréal,H4N1B1,1,1,0,0,0,https://henribeaulieu.ecolesaintlaurent.ca/,-73.673818,45.529048,Préscolaire - Primaire,763000,Franco,4_OrgImm_Franco_presc_prim,Montréal,Montréal,Montréal,Acadie,Centre de services scolaire Marguerite-Bourgeoys
373,1916,,,763012,École Jonathan,École Jonathan,"705, boulevard Décarie",,H4L3L3,66023,Montréal,763010,Hébert,"705, boulevard Décarie",,66023,Montréal,H4L3L3,1,1,0,0,0,https://jonathanwilson.ecoleouestmtl.com/,-73.676604,45.511039,Préscolaire - Primaire,763000,Franco,4_OrgImm_Franco_presc_prim,Montréal,Montréal,Montréal,Saint-Laurent,Centre de services scolaire Marguerite-Bourgeoys
374,1917,,,763014,École Laurentide,École Laurentide,"465, rue Cardinal",,H4L3C5,66023,Montréal,763014,Laurentide,"465, rue Cardinal",,66023,Montréal,H4L3C5,1,1,0,0,0,https://laurentide.ecolesaintlaurent.ca/,-73.674912,45.506575,Préscolaire - Primaire,763000,Franco,4_OrgImm_Franco_presc_prim,Montréal,Montréal,Montréal,Saint-Laurent,Centre de services scolaire Marguerite-Bourgeoys
375,1918,,,763015,École Beau-Séjour,École Beau-Séjour,"3600, rue Beauséjour",,H4K1W7,66023,Montréal,763004,"Beau-Séjour, édifice Sud","2681, rue Baker",,66023,Montréal,H4K1K7,1,1,0,0,0,https://beausejour.ecolesaintlaurent.ca/,-73.727512,45.519742,Préscolaire - Primaire,763000,Franco,4_OrgImm_Franco_presc_prim,Montréal,Montréal,Montréal,Saint-Laurent,Centre de services scolaire Marguerite-Bourgeoys
376,1919,,,763015,École Beau-Séjour,École Beau-Séjour,"3600, rue Beauséjour",,H4K1W7,66023,Montréal,763015,"Beau-Séjour, édifice Nord","3600, rue Beauséjour",,66023,Montréal,H4K1W7,1,1,0,0,0,https://beausejour.ecolesaintlaurent.ca/,-73.731643,45.522496,Préscolaire - Primaire,763000,Franco,4_OrgImm_Franco_presc_prim,Montréal,Montréal,Montréal,Saint-Laurent,Centre de services scolaire Marguerite-Bourgeoys
377,1920,,,763016,École Nouvelle-Querbes,École Nouvelle-Querbes,"215, avenue Bloomfield",,H2V3R6,66023,Montréal,763016,Nouvelle-Querbes,"215, avenue Bloomfield",,66023,Montréal,H2V3R6,1,1,0,0,0,https://www.nouvellequerbes.org/,-73.600662,45.51769,Préscolaire - Primaire,763000,Franco,4_OrgImm_Franco_presc_prim,Montréal,Montréal,Montréal,Mont-Royal–Outremont,Centre de services scolaire Marguerite-Bourgeoys
378,1922,,,763018,École Saint-Germain-d'Outremont,École Saint-Germain-d'Outremont,"46, avenue Vincent-D'Indy",,H2V2S9,66023,Montréal,763018,Saint-Germain-d'Outremont,"46, avenue Vincent-d'Indy",,66023,Montréal,H2V2S9,1,1,0,0,0,https://ecolestgo.ca/,-73.61333,45.511138,Préscolaire - Primaire,763000,Franco,4_OrgImm_Franco_presc_prim,Montréal,Montréal,Montréal,Mont-Royal–Outremont,Centre de services scolaire Marguerite-Bourgeoys
379,1924,,,763020,École Jean-Grou,École Jean-Grou,"805, rue Tassé",,H4L1N8,66023,Montréal,763099,Jean-Grou,"805, rue Tassé",,66023,Montréal,H4L1N8,1,1,0,0,0,https://jean-grou.ecolesaintlaurent.ca/,-73.680663,45.523639,Préscolaire - Primaire,763000,Franco,4_OrgImm_Franco_presc_prim,Montréal,Montréal,Montréal,Acadie,Centre de services scolaire Marguerite-Bourgeoys
380,1925,,,763021,École Katimavik,École Katimavik,"1700, rue Decelles",,H4L0B9,66023,Montréal,763024,"Katimavik, édifice Katimavik","1700, rue Decelles",,66023,Montréal,H4L0B9,1,1,0,0,0,,-73.68236,45.510346,Préscolaire - Primaire,763000,Franco,4_OrgImm_Franco_presc_prim,Montréal,Montréal,Montréal,Saint-Laurent,Centre de services scolaire Marguerite-Bourgeoys
381,1926,,,763022,École Enfants-du-Monde,École Enfants-du-Monde,"2915, rue Marcel",,H4R1B2,66023,Montréal,763104,Enfants-du-Monde,"2915, rue Marcel",,66023,Montréal,H4R1B2,1,1,0,0,0,https://enfantsdumonde.ecolesaintlaurent.ca/,-73.725496,45.515161,Préscolaire - Primaire,763000,Franco,4_OrgImm_Franco_presc_prim,Montréal,Montréal,Montréal,Saint-Laurent,Centre de services scolaire Marguerite-Bourgeoys
382,1927,,,763024,École des Grands-Êtres,École des Grands-Êtres,"1150, rue Deguire",Saint-Laurent,H4L1M2,66023,Montréal,763138,"Grands-Êtres, des","1150, rue Deguire",,66023,Montréal,H4L1M2,1,1,0,0,0,https://desgrandsetres.ecolesaintlaurent.ca/,-73.68658,45.521551,Préscolaire - Primaire,763000,Franco,4_OrgImm_Franco_presc_prim,Montréal,Montréal,Montréal,Acadie,Centre de services scolaire Marguerite-Bourgeoys
383,1929,,,763026,École au Trésor-du-Boisé,École au Trésor-du-Boisé,"3925, rue Claude-Henri-Grignon",,H4R3K2,66023,Montréal,763133,"Trésor-du-Boisé, au","3925, rue Claude-Henri-Grignon",,66023,Montréal,H4R3K2,1,1,0,0,0,https://autresorduboise.ecolesaintlaurent.ca/,-73.71831,45.509086,Préscolaire - Primaire,763000,Franco,4_OrgImm_Franco_presc_prim,Montréal,Montréal,Montréal,Saint-Laurent,Centre de services scolaire Marguerite-Bourgeoys
384,1930,,,763027,École Irma-LeVasseur,École Irma-LeVasseur,"1400, avenue Thérèse-Lavoie-Roux",,H2V0C2,66023,Montréal,763142,Irma-LeVasseur,"1400, av. Thérèse-Lavoie-Roux",,66023,Montréal,H2V0C2,1,1,0,0,0,https://irma-levasseur.ca,-73.619247,45.521551,Préscolaire - Primaire,763000,Franco,4_OrgImm_Franco_presc_prim,Montréal,Montréal,Montréal,Mont-Royal–Outremont,Centre de services scolaire Marguerite-Bourgeoys
385,1931,,,763037,École du Sas,École du Sas,"500, boulevard Dollard",,H2V3G2,66023,Montréal,763025,CEA Outremont,"500, boulevard Dollard",,66023,Montréal,H2V3G2,0,0,1,0,0,https://desamisdumonde.ecoleouestmtl.com/,-73.610193,45.516349,Secondaire,763000,Franco,3_OrgImm_Franco_secondaire,Montréal,Montréal,Montréal,Mont-Royal–Outremont,Centre de services scolaire Marguerite-Bourgeoys
386,1932,,,763037,École du Sas,École du Sas,"500, boulevard Dollard",,H2V3G2,66023,Montréal,763084,"Sas, édifice Carson, du","1075, rue Carson",,66087,Dorval,H9S1M2,0,0,1,0,0,https://desamisdumonde.ecoleouestmtl.com/,-73.749058,45.444664,Secondaire,763000,Franco,3_OrgImm_Franco_secondaire,Dorval,Montréal,Montréal,Marquette,Centre de services scolaire Marguerite-Bourgeoys
387,1934,,,763040,École Paul-Gérin-Lajoie-d'Outremont,École Paul-Gérin-Lajoie-d'Outremont,"475, avenue Bloomfield",,H2V3R9,66023,Montréal,763013,"PGLO, Édifice Madeleine-Parent","1276, avenue Lajoie",,66023,Montréal,H2V1P3,0,0,1,0,0,https://www.paul-gerin-lajoie-doutremont.ca/,-73.610657,45.520309,Secondaire,763000,Franco,3_OrgImm_Franco_secondaire,Montréal,Montréal,Montréal,Mont-Royal–Outremont,Centre de services scolaire Marguerite-Bourgeoys
388,1935,,,763040,École Paul-Gérin-Lajoie-d'Outremont,École Paul-Gérin-Lajoie-d'Outremont,"475, avenue Bloomfield",,H2V3R9,66023,Montréal,763027,Paul-Gérin-Lajoie-d'Outremont,"475, avenue Bloomfield",,66023,Montréal,H2V3R9,0,0,1,0,0,https://www.paul-gerin-lajoie-doutremont.ca/,-73.605464,45.519778,Secondaire,763000,Franco,3_OrgImm_Franco_secondaire,Montréal,Montréal,Montréal,Mont-Royal–Outremont,Centre de services scolaire Marguerite-Bourgeoys
389,1936,,,763040,École Paul-Gérin-Lajoie-d'Outremont,École Paul-Gérin-Lajoie-d'Outremont,"475, avenue Bloomfield",,H2V3R9,66023,Montréal,763108,"Paul-Gérin-Lajoie-d'Outremont, édifice Strathcona","520, chemin Côte Ste-Catherine",,66023,Montréal,H2V2B8,0,0,1,0,0,https://www.paul-gerin-lajoie-doutremont.ca/,-73.609433,45.514045,Secondaire,763000,Franco,3_OrgImm_Franco_secondaire,Montréal,Montréal,Montréal,Mont-Royal–Outremont,Centre de services scolaire Marguerite-Bourgeoys
390,1937,,,763041,École Saint-Laurent,École Saint-Laurent,"2395, boulevard Thimens",,H4R1T4,66023,Montréal,763022,"Saint-Laurent, édifice Saint-Germain Annexe","850, boulevard Marcel-Laurin",,66023,Montréal,H4M2M9,0,0,1,0,0,https://ecolesaintlaurent.ca/,-73.685267,45.508087,Secondaire,763000,Franco,3_OrgImm_Franco_secondaire,Montréal,Montréal,Montréal,Saint-Laurent,Centre de services scolaire Marguerite-Bourgeoys
391,1938,,,763041,École Saint-Laurent,École Saint-Laurent,"2395, boulevard Thimens",,H4R1T4,66023,Montréal,763026,"Saint-Laurent, édifice Saint-Germain","1870, rue Decelles",,66023,Montréal,H4M1A8,0,0,1,0,0,https://ecolesaintlaurent.ca/,-73.685537,45.507817,Secondaire,763000,Franco,3_OrgImm_Franco_secondaire,Montréal,Montréal,Montréal,Saint-Laurent,Centre de services scolaire Marguerite-Bourgeoys
392,1939,,,763041,École Saint-Laurent,École Saint-Laurent,"2395, boulevard Thimens",,H4R1T4,66023,Montréal,763029,"Saint-Laurent, édifice Émile-Legault","2395, boulevard Thimens",,66023,Montréal,H4R1T4,0,0,1,0,0,https://ecolesaintlaurent.ca/,-73.703068,45.506503,Secondaire,763000,Franco,3_OrgImm_Franco_secondaire,Montréal,Montréal,Montréal,Saint-Laurent,Centre de services scolaire Marguerite-Bourgeoys
393,1942,,,763100,École Chanoine-Joseph-Théorêt,École Chanoine-Joseph-Théorêt,"990, 5e Avenue",,H4G2Z6,66023,Montréal,763031,Chanoine-Joseph-Théorêt,"990, 5e Avenue",,66023,Montréal,H4G2Z6,1,1,0,0,0,https://cjt.ecoleverdun.com/,-73.576992,45.456355,Préscolaire - Primaire,763000,Franco,4_OrgImm_Franco_presc_prim,Montréal,Montréal,Montréal,Verdun,Centre de services scolaire Marguerite-Bourgeoys
394,1943,,,763101,École des Découvreurs,École des Découvreurs,"845, 39e Avenue",,H8P2Y6,66023,Montréal,763032,"Découvreurs, des","845, 39e Avenue",,66023,Montréal,H8P2Y6,1,1,0,0,0,https://desdecouvreurs.ecolelasalle.com/,-73.613302,45.421057,Préscolaire - Primaire,763000,Franco,4_OrgImm_Franco_presc_prim,Montréal,Montréal,Montréal,Marguerite-Bourgeoys,Centre de services scolaire Marguerite-Bourgeoys
395,1944,,,763102,École du Grand-Héron,École du Grand-Héron,"7676, rue Centrale",,H8P1L5,66023,Montréal,763033,"Grand-Héron, du","7676, rue Centrale",,66023,Montréal,H8P1L5,1,1,0,0,0,https://dugrandheron.csmb.qc.ca/,-73.597318,45.430471,Préscolaire - Primaire,763000,Franco,4_OrgImm_Franco_presc_prim,Montréal,Montréal,Montréal,Marguerite-Bourgeoys,Centre de services scolaire Marguerite-Bourgeoys
396,1945,,,763103,École Henri-Forest,École Henri-Forest,"100, avenue du Trésor-Caché",,H8R3K3,66023,Montréal,763034,Henri-Forest,"100, rue Trésor-Caché",,66023,Montréal,H8R3K3,1,1,0,0,0,https://henriforest.ecolelasalle.com/,-73.652974,45.425368,Préscolaire - Primaire,763000,Franco,4_OrgImm_Franco_presc_prim,Montréal,Montréal,Montréal,Marguerite-Bourgeoys,Centre de services scolaire Marguerite-Bourgeoys
397,1946,,,763104,École Île-des-Soeurs,École Île-des-Soeurs,"530, rue de Gaspé",,H3E1E7,66023,Montréal,763035,Île-des-Soeurs,"530, rue de Gaspé",,66023,Montréal,H3E1E7,1,1,0,0,0,https://iledessoeurs.ecoleverdun.com/,-73.548174,45.456886,Préscolaire - Primaire,763000,Franco,4_OrgImm_Franco_presc_prim,Montréal,Montréal,Montréal,Verdun,Centre de services scolaire Marguerite-Bourgeoys
398,1947,,,763105,École Jardin-des-Saints-Anges,École Jardin-des-Saints-Anges,"1225, rue Saint-Louis",,H8S2K6,66023,Montréal,763036,Jardin-des-Saints-Anges,"1225, rue Saint-Louis",,66023,Montréal,H8S2K6,1,1,0,0,0,https://jardindessaintsanges.ecolelachine.com/,-73.675186,45.433144,Préscolaire - Primaire,763000,Franco,4_OrgImm_Franco_presc_prim,Montréal,Montréal,Montréal,Marquette,Centre de services scolaire Marguerite-Bourgeoys
399,1948,,,763106,École Laurendeau-Dunton,École Laurendeau-Dunton,"1515, rue Rancourt",,H8N1R7,66023,Montréal,763037,Laurendeau-Dunton (français),"1515, rue Rancourt",,66023,Montréal,H8N1R7,1,1,0,0,0,https://laurendeaudunton.ecolelasalle.com/,-73.625933,45.428878,Préscolaire - Primaire,763000,Franco,4_OrgImm_Franco_presc_prim,Montréal,Montréal,Montréal,Marguerite-Bourgeoys,Centre de services scolaire Marguerite-Bourgeoys
400,1949,,,763107,École Pierre-Rémy,École Pierre-Rémy,"360, 80e Avenue",,H8R2T3,66023,Montréal,763038,Pierre-Rémy,"360, 80e Avenue",,66023,Montréal,H8R2T3,1,1,0,0,0,https://pierreremy.ecolelasalle.com/,-73.636985,45.419518,Préscolaire - Primaire,763000,Franco,4_OrgImm_Franco_presc_prim,Montréal,Montréal,Montréal,Marguerite-Bourgeoys,Centre de services scolaire Marguerite-Bourgeoys
401,1950,,,763108,École Lévis-Sauvé,École Lévis-Sauvé,"655, avenue Willibrord",,H4G2T8,66023,Montréal,763039,Lévis-Sauvé,"655, avenue Willibrord",,66023,Montréal,H4G2T8,1,1,0,0,0,https:///www.cssmb.gouv.qc.ca/etablissements/levis-sauve/,-73.572281,45.459891,Préscolaire - Primaire,763000,Franco,4_OrgImm_Franco_presc_prim,Montréal,Montréal,Montréal,Verdun,Centre de services scolaire Marguerite-Bourgeoys
402,1951,,,763109,École Martin-Bélanger,École Martin-Bélanger,"29, avenue Ouellette",,H8R1L4,66023,Montréal,763040,"Martin-Bélanger, édifice Martin","29, avenue Ouellette",,66023,Montréal,H8R1L4,1,1,0,0,0,https://martin-belanger.ecolelachine.com/,-73.645959,45.446077,Préscolaire - Primaire,763000,Franco,4_OrgImm_Franco_presc_prim,Montréal,Montréal,Montréal,Marquette,Centre de services scolaire Marguerite-Bourgeoys
403,1952,,,763109,École Martin-Bélanger,École Martin-Bélanger,"29, avenue Ouellette",,H8R1L4,66023,Montréal,763054,"Martin-Bélanger, édifice de la Petite-Maison","41 et 41A,  avenue Ouellette",,66023,Montréal,H8R1L4,1,1,0,0,0,https://martin-belanger.ecolelachine.com/,-73.646179,45.446158,Préscolaire - Primaire,763000,Franco,4_OrgImm_Franco_presc_prim,Montréal,Montréal,Montréal,Marquette,Centre de services scolaire Marguerite-Bourgeoys
404,1953,,,763109,École Martin-Bélanger,École Martin-Bélanger,"29, avenue Ouellette",,H8R1L4,66023,Montréal,763095,"Martin-Bélanger, édifice Bélanger","95, rue Saint-Jacques",,66023,Montréal,H8R1C9,1,1,0,0,0,https://martin-belanger.ecolelachine.com/,-73.645005,45.446257,Préscolaire - Primaire,763000,Franco,4_OrgImm_Franco_presc_prim,Montréal,Montréal,Montréal,Marquette,Centre de services scolaire Marguerite-Bourgeoys
405,1954,,,763110,École Notre-Dame-de-la-Garde,École Notre-Dame-de-la-Garde,"755, rue Brault",,H4H2B3,66023,Montréal,763041,Notre-Dame-de-la-Garde,"755, rue Brault",,66023,Montréal,H4H2B3,1,1,0,0,0,https://notre-dame-de-la-garde.ecoleverdun.com/,-73.575454,45.448363,Préscolaire - Primaire,763000,Franco,4_OrgImm_Franco_presc_prim,Montréal,Montréal,Montréal,Verdun,Centre de services scolaire Marguerite-Bourgeoys
406,1955,,,763110,École Notre-Dame-de-la-Garde,École Notre-Dame-de-la-Garde,"755, rue Brault",,H4H2B3,66023,Montréal,763106,"Notre-Dame-de-la-Garde, édifice Richard","760, rue Richard",,66023,Montréal,H4H2A6,0,1,0,0,0,https://notre-dame-de-la-garde.ecoleverdun.com/,-73.574896,45.448543,Primaire,763000,Franco,2_OrgImm_Franco_primaire,Montréal,Montréal,Montréal,Verdun,Centre de services scolaire Marguerite-Bourgeoys
407,1956,,,763111,École Notre-Dame-de-la-Paix,École Notre-Dame-de-la-Paix,"454, avenue Caisse",,H4G2C8,66023,Montréal,763042,Notre-Dame-de-la-Paix,"454, avenue Caisse",,66023,Montréal,H4G2C8,1,1,0,0,0,https://nddlp.ecoleverdun.com/,-73.569072,45.470079,Préscolaire - Primaire,763000,Franco,4_OrgImm_Franco_presc_prim,Montréal,Montréal,Montréal,Verdun,Centre de services scolaire Marguerite-Bourgeoys
408,1957,,,763112,École Notre-Dame-de-Lourdes,École Notre-Dame-de-Lourdes,"504, 5e Avenue",,H4G2Z1,66023,Montréal,763043,Notre-Dame-de-Lourdes,"504, 5e Avenue",,66023,Montréal,H4G2Z1,1,1,0,0,0,https://ndl.ecoleverdun.com/,-73.571489,45.455887,Préscolaire - Primaire,763000,Franco,4_OrgImm_Franco_presc_prim,Montréal,Montréal,Montréal,Verdun,Centre de services scolaire Marguerite-Bourgeoys
409,1958,,,763113,École Notre-Dame-des-Rapides,École Notre-Dame-des-Rapides,"8585, rue George",,H8P1G5,66023,Montréal,763044,Notre-Dame-des-Rapides,"8585, rue George",,66023,Montréal,H8P1G5,1,1,0,0,0,,-73.619512,45.420958,Préscolaire - Primaire,763000,Franco,4_OrgImm_Franco_presc_prim,Montréal,Montréal,Montréal,Marguerite-Bourgeoys,Centre de services scolaire Marguerite-Bourgeoys
410,1959,,,763114,École Notre-Dame-des-Sept-Douleurs,École Notre-Dame-des-Sept-Douleurs,"320, avenue de l'Église",,H4G2M4,66023,Montréal,763045,Notre-Dame-des-Sept-Douleurs,"320, avenue de l'Église",,66023,Montréal,H4G2M4,1,1,0,0,0,https://nddsd.ecoleverdun.com/,-73.568217,45.462402,Préscolaire - Primaire,763000,Franco,4_OrgImm_Franco_presc_prim,Montréal,Montréal,Montréal,Verdun,Centre de services scolaire Marguerite-Bourgeoys
411,1960,,,763115,École Paul-Jarry,École Paul-Jarry,"676, 11e Avenue",,H8S3G9,66023,Montréal,763046,Paul-Jarry,"676, 11e Avenue",,66023,Montréal,H8S3G9,1,1,0,0,0,https://pauljarry.ecolelachine.com/,-73.673521,45.441514,Préscolaire - Primaire,763000,Franco,4_OrgImm_Franco_presc_prim,Montréal,Montréal,Montréal,Marquette,Centre de services scolaire Marguerite-Bourgeoys
412,1961,,,763116,École Philippe-Morin,École Philippe-Morin,"1825, rue Provost",,H8S1P5,66023,Montréal,763047,Philippe-Morin,"1825, rue Provost",,66023,Montréal,H8S1P5,1,1,0,0,0,https://philippemorin.ecolelachine.com/,-73.680798,45.441694,Préscolaire - Primaire,763000,Franco,4_OrgImm_Franco_presc_prim,Montréal,Montréal,Montréal,Marquette,Centre de services scolaire Marguerite-Bourgeoys
413,1962,,,763116,École Philippe-Morin,École Philippe-Morin,"1825, rue Provost",,H8S1P5,66023,Montréal,763956,Terrain vacant - Lots 1 246 811 et 1 247 179,19e Avenue,,66023,Montréal,H8S1P5,1,1,0,0,0,https://philippemorin.ecolelachine.com/,-73.681922,45.44169,Préscolaire - Primaire,763000,Franco,4_OrgImm_Franco_presc_prim,Montréal,Montréal,Montréal,Marquette,Centre de services scolaire Marguerite-Bourgeoys
414,1963,,,763117,École Sainte-Catherine-Labouré,École Sainte-Catherine-Labouré,"441, rue Trudeau",,H8R3C3,66023,Montréal,763048,Sainte-Catherine-Labouré,"441, rue Trudeau",,66023,Montréal,H8R3C3,1,1,0,0,0,https://scl.ecolelasalle.com/,-73.640369,45.431443,Préscolaire - Primaire,763000,Franco,4_OrgImm_Franco_presc_prim,Montréal,Montréal,Montréal,Marguerite-Bourgeoys,Centre de services scolaire Marguerite-Bourgeoys
415,1964,,,763117,École Sainte-Catherine-Labouré,École Sainte-Catherine-Labouré,"441, rue Trudeau",,H8R3C3,66023,Montréal,763851,Complexe hospitalier  Douglas,"6875, boulevard LaSalle",,66023,Montréal,H4H1R3,1,1,0,0,0,https://scl.ecolelasalle.com/,-73.584354,45.442126,Préscolaire - Primaire,763000,Franco,4_OrgImm_Franco_presc_prim,Montréal,Montréal,Montréal,Verdun,Centre de services scolaire Marguerite-Bourgeoys
416,1965,,,763118,École Sainte-Geneviève Sud,École Sainte-Geneviève Sud,"7520, rue Édouard",,H8P1S2,66023,Montréal,763049,Sainte-Geneviève Sud,"7520, rue Édouard",,66023,Montréal,H8P1S2,1,1,0,0,0,https://sgs.ecolelasalle.com,-73.59239,45.434098,Préscolaire - Primaire,763000,Franco,4_OrgImm_Franco_presc_prim,Montréal,Montréal,Montréal,Marguerite-Bourgeoys,Centre de services scolaire Marguerite-Bourgeoys
417,1966,,,763119,École Terre-des-Jeunes,École Terre-des-Jeunes,"7900, rue Doyle",,H8N0E9,66023,Montréal,763129,Terre-des-Jeunes,"7900, rue Doyle",,66023,Montréal,H8N0E9,1,1,0,0,0,https://tdj.ecolelasalle.com/,-73.63024,45.438346,Préscolaire - Primaire,763000,Franco,4_OrgImm_Franco_presc_prim,Montréal,Montréal,Montréal,Marguerite-Bourgeoys,Centre de services scolaire Marguerite-Bourgeoys
418,1967,,,763120,École Très-Saint-Sacrement,École Très-Saint-Sacrement,"704, 5e Avenue",,H8S2W4,66023,Montréal,763050,"Très-Saint-Sacrement, édifice de l'Avenir","704, 5e Avenue",,66023,Montréal,H8S2W4,1,1,0,0,0,https://tss.ecolelachine.com/,-73.668067,45.442306,Préscolaire - Primaire,763000,Franco,4_OrgImm_Franco_presc_prim,Montréal,Montréal,Montréal,Marquette,Centre de services scolaire Marguerite-Bourgeoys
419,1968,,,763120,École Très-Saint-Sacrement,École Très-Saint-Sacrement,"704, 5e Avenue",,H8S2W4,66023,Montréal,763105,"Très-Saint-Sacrement, édifice du Savoir","700, 4e Avenue",,66023,Montréal,H8S2V8,1,1,0,0,0,https://tss.ecolelachine.com/,-73.573518,45.456778,Préscolaire - Primaire,763000,Franco,4_OrgImm_Franco_presc_prim,Montréal,Montréal,Montréal,Verdun,Centre de services scolaire Marguerite-Bourgeoys
420,1969,,,763121,École Victor-Thérien,École Victor-Thérien,"305, 43e Avenue",,H8T2H8,66023,Montréal,763051,Victor-Thérien,"305, 43e Avenue",,66023,Montréal,H8T2H8,1,1,0,0,0,https://victortherien.ecolelachine.com/,-73.703649,45.437482,Préscolaire - Primaire,763000,Franco,4_OrgImm_Franco_presc_prim,Montréal,Montréal,Montréal,Marquette,Centre de services scolaire Marguerite-Bourgeoys
421,1970,,,763122,École Catherine-Soumillard,École Catherine-Soumillard,"250, 48e Avenue",,H8T2R8,66023,Montréal,763052,Catherine-Soumillard,"250, 48e Avenue",,66023,Montréal,H8T2R8,1,1,0,0,0,https://catherinesoumillard.ecolelachine.com/,-73.708788,45.440596,Préscolaire - Primaire,763000,Franco,4_OrgImm_Franco_presc_prim,Montréal,Montréal,Montréal,Marquette,Centre de services scolaire Marguerite-Bourgeoys
422,1971,,,763127,École des Saules-Rieurs,École des Saules-Rieurs,"1050, 5e Avenue",,H4G2Z6,66023,Montréal,763092,"Saules-Rieurs, des","1050, 5e Avenue",,66023,Montréal,H4G2Z6,1,1,0,0,0,https://saulesrieurs.ecoleverdun.com/,-73.577532,45.456382,Préscolaire - Primaire,763000,Franco,4_OrgImm_Franco_presc_prim,Montréal,Montréal,Montréal,Verdun,Centre de services scolaire Marguerite-Bourgeoys
423,1972,,,763128,École des Marguerite,École des Marguerite,"100, boulevard de l'Île-des-Soeurs",,H3E0C7,66023,Montréal,763134,"Marguerite, des","100, boul. de l'Île-des-Soeurs",,66023,Montréal,H3E0C7,1,1,0,0,0,https://desmarguerite.ecoleverdun.com/,-73.544394,45.464761,Préscolaire - Primaire,763000,Franco,4_OrgImm_Franco_presc_prim,Montréal,Montréal,Montréal,Verdun,Centre de services scolaire Marguerite-Bourgeoys
424,1973,,,763129,École L'Eau-Vive,École L'Eau-Vive,"171, avenue Orchard",,H8R3G3,66023,Montréal,763135,"Eau-Vive, L'","171, avenue Orchard",,66023,Montréal,H8R3G3,1,1,0,0,0,https://leauvive.ecolelasalle.com/,-73.646858,45.422614,Préscolaire - Primaire,763000,Franco,4_OrgImm_Franco_presc_prim,Montréal,Montréal,Montréal,Marguerite-Bourgeoys,Centre de services scolaire Marguerite-Bourgeoys
425,1974,,,763130,École des Berges-de-Lachine,École des Berges-de-Lachine,"50, 34e Avenue",Lachine,H8T1Z2,66023,Montréal,763057,"Berges-de-Lachine, des","50, 34e Avenue",,66023,Montréal,H8T1Z2,1,1,0,0,0,https://desbergesdelachine.ecolelachine.com/,-73.693042,45.434035,Préscolaire - Primaire,763000,Franco,4_OrgImm_Franco_presc_prim,Montréal,Montréal,Montréal,Marquette,Centre de services scolaire Marguerite-Bourgeoys
426,1975,,,763131,École du Petit-Collège,École du Petit-Collège,"9343, rue Jean-Milot",LaSalle,H8R1Y7,66023,Montréal,763058,"Petit-Collège, du","9343, rue Jean-Milot",,66023,Montréal,H8R1Y7,1,1,0,0,0,https://dupetitcollege.ecolelasalle.com/,-73.640428,45.430489,Préscolaire - Primaire,763000,Franco,4_OrgImm_Franco_presc_prim,Montréal,Montréal,Montréal,Marguerite-Bourgeoys,Centre de services scolaire Marguerite-Bourgeoys
427,1976,,,763132,Nouvelle école primaire Lachine,Nouvelle école primaire Lachine,"800, rue Sherbrooke",,H8S1H2,66023,Montréal,763150,Nouvelle école primaire Lachine,"800, rue Sherbrooke",,66023,Montréal,H8S1H2,1,1,0,0,0,,-73.671221,45.44659,Préscolaire - Primaire,763000,Franco,4_OrgImm_Franco_presc_prim,Montréal,Montréal,Montréal,Marquette,Centre de services scolaire Marguerite-Bourgeoys
428,1977,,,763133,Nouvelle école primaire LaSalle,Nouvelle école primaire LaSalle,"9569, rue Jean-Milot",,H8R1X8,66023,Montréal,763093,Nouvelle école primaire LaSalle,"9569, rue Jean-Milot",,66023,Montréal,H8R1X8,1,1,0,0,0,https://neplasalle.ca,-73.648492,45.431587,Préscolaire - Primaire,763000,Franco,4_OrgImm_Franco_presc_prim,Montréal,Montréal,Montréal,Marguerite-Bourgeoys,Centre de services scolaire Marguerite-Bourgeoys
429,1978,,,763134,École de l'Orée-du-Parc,École de l'Orée-du-Parc,"7500, rue Jean-Chevalier",,H8N2J4,66023,Montréal,763139,"Orée-du-Parc, de l'","7500, rue Jean-Chevalier",,66023,Montréal,H8N2M8,1,1,0,0,0,,-73.611317,45.437446,Préscolaire - Primaire,763000,Franco,4_OrgImm_Franco_presc_prim,Montréal,Montréal,Montréal,Marguerite-Bourgeoys,Centre de services scolaire Marguerite-Bourgeoys
430,1979,,,763135,École de la Traversée,École de la Traversée,400 80e avenue,,H8R2T3,66023,Montréal,763038,Pierre-Rémy,"360, 80e Avenue",,66023,Montréal,H8R2T3,0,0,1,0,0,https://www.cssmb.gouv.qc.ca/etablissements/de-la-traversee/,-73.636985,45.419518,Secondaire,763000,Franco,3_OrgImm_Franco_secondaire,Montréal,Montréal,Montréal,Marguerite-Bourgeoys,Centre de services scolaire Marguerite-Bourgeoys
431,1980,,,763136,Collège Saint-Louis,Collège Saint-Louis,"275, 36e Avenue",Lachine,H8T2A4,66023,Montréal,763132,Collège Saint-Louis,"275, 36e Avenue",,66023,Montréal,H8T2A4,0,0,1,0,0,https://collegesaintlouis.ecolelachine.com/,-73.697691,45.436384,Secondaire,763000,Franco,3_OrgImm_Franco_secondaire,Montréal,Montréal,Montréal,Marquette,Centre de services scolaire Marguerite-Bourgeoys
432,1981,,,763138,École Cavelier-De LaSalle,École Cavelier-De LaSalle,"9199, rue Centrale",,H8R2J9,66023,Montréal,763059,Cavelier-De-LaSalle,"9199, rue Centrale",,66023,Montréal,H8R2J9,0,0,1,0,0,https://cavelier.ecolelasalle.com/,-73.640495,45.418015,Secondaire,763000,Franco,3_OrgImm_Franco_secondaire,Montréal,Montréal,Montréal,Marguerite-Bourgeoys,Centre de services scolaire Marguerite-Bourgeoys
433,1982,,,763139,École Dalbé-Viau,École Dalbé-Viau,"740, rue Esther-Blondin",,H8S4C4,66023,Montréal,763060,Dalbé-Viau,"740, rue Esther Blondin",,66023,Montréal,H8S4C4,0,0,1,0,0,https://dalbe-viau.ecolelachine.com/,-73.679263,45.443053,Secondaire,763000,Franco,3_OrgImm_Franco_secondaire,Montréal,Montréal,Montréal,Marquette,Centre de services scolaire Marguerite-Bourgeoys
434,1983,,,763142,École Monseigneur-Richard,École Monseigneur-Richard,"3000, boulevard Gaétan-Laberge",,H4G3C1,66023,Montréal,763062,"Mgr-Richard, édifice Rhéaume","3000, boul. Gaétan-Laberge",,66023,Montréal,H4G3C1,0,0,1,0,0,https://monseigneur-richard.ecoleverdun.com/,-73.560364,45.470142,Secondaire,763000,Franco,3_OrgImm_Franco_secondaire,Montréal,Montréal,Montréal,Verdun,Centre de services scolaire Marguerite-Bourgeoys
435,1984,,,763144,École Caroline-Dawson,École Caroline-Dawson,"1511, rue Lapierre",,H8N2J4,66023,Montréal,763156,Caroline-Dawson,"1511, rue Lapierre",,66023,Montréal,H8N2J4,0,0,1,0,0,https://caroline-dawson.ecolelasalle.com,-73.610337,45.436294,Secondaire,763000,Franco,3_OrgImm_Franco_secondaire,Montréal,Montréal,Montréal,Marguerite-Bourgeoys,Centre de services scolaire Marguerite-Bourgeoys
436,1986,,,763201,École du Grand-Chêne,École du Grand-Chêne,"5080, rue de Savoie",,H8Z1C2,66023,Montréal,763064,"Grand-Chêne, du","5080, rue de Savoie",,66023,Montréal,H8Z1C2,1,1,0,0,0,https://dgc.ecoleouestmtl.com/,-73.83054,45.511003,Préscolaire - Primaire,763000,Franco,4_OrgImm_Franco_presc_prim,Montréal,Montréal,Montréal,Nelligan,Centre de services scolaire Marguerite-Bourgeoys
437,1989,,,763204,École Harfang-des-Neiges,École Harfang-des-Neiges,"4770, rue Pierre-Lauzon",,H8Y2C5,66023,Montréal,763067,"Harfang-des-Neiges, édifice Lauzon","4770, rue Pierre Lauzon",,66023,Montréal,H8Y2C5,1,1,0,0,0,https://hdn.ecoleouestmtl.com/,-73.782916,45.505324,Préscolaire - Primaire,763000,Franco,4_OrgImm_Franco_presc_prim,Montréal,Montréal,Montréal,Robert-Baldwin,Centre de services scolaire Marguerite-Bourgeoys
438,1990,,,763204,École Harfang-des-Neiges,École Harfang-des-Neiges,"4770, rue Pierre-Lauzon",,H8Y2C5,66023,Montréal,763068,"Harfang-des-Neiges, édifice Gouin","9506, boulevard Gouin Ouest",,66023,Montréal,H8Y1T8,1,1,0,0,0,https://hdn.ecoleouestmtl.com/,-73.775199,45.505216,Préscolaire - Primaire,763000,Franco,4_OrgImm_Franco_presc_prim,Montréal,Montréal,Montréal,Robert-Baldwin,Centre de services scolaire Marguerite-Bourgeoys
439,1991,,,763206,École Jacques-Bizard,École Jacques-Bizard,"515, Montée de l'Église",,H9C1H1,66023,Montréal,763069,Jacques-Bizard,"515, montée de l'Église",,66023,Montréal,H9C1H1,1,1,0,0,0,https://jacquesbizard.ecoleouestmtl.com/,-73.880687,45.489034,Préscolaire - Primaire,763000,Franco,4_OrgImm_Franco_presc_prim,Montréal,Montréal,Montréal,Nelligan,Centre de services scolaire Marguerite-Bourgeoys
440,1992,,,763208,École Jonathan-Wilson,École Jonathan-Wilson,"3243, boulevard Chevremont",,H9C2L8,66023,Montréal,763071,Jonathan-Wilson,"3243, boulevard Chevremont",,66023,Montréal,H9C2L8,1,1,0,0,0,https://jonathanwilson.ecoleouestmtl.com/,-73.870999,45.500311,Préscolaire - Primaire,763000,Franco,4_OrgImm_Franco_presc_prim,Montréal,Montréal,Montréal,Nelligan,Centre de services scolaire Marguerite-Bourgeoys
441,1994,,,763210,École Lalande,École Lalande,"50, 3e Avenue Sud",,H8Y2L5,66023,Montréal,763073,Lalande,"50, 3e Avenue Sud",,66023,Montréal,H8Y2L5,1,1,0,0,0,https://lalande.ecoleouestmtl.com/,-73.803076,45.508618,Préscolaire - Primaire,763000,Franco,4_OrgImm_Franco_presc_prim,Montréal,Montréal,Montréal,Robert-Baldwin,Centre de services scolaire Marguerite-Bourgeoys
442,1996,,,763212,École Murielle-Dumont,École Murielle-Dumont,"5005, rue Valois",,H8Z2G8,66023,Montréal,763075,Murielle-Dumont,"5005, rue Valois",,66023,Montréal,H8Z2G8,1,1,0,0,0,https://murielle-dumont.ecoleouestmtl.com/,-73.834099,45.506494,Préscolaire - Primaire,763000,Franco,4_OrgImm_Franco_presc_prim,Montréal,Montréal,Montréal,Nelligan,Centre de services scolaire Marguerite-Bourgeoys
443,1997,,,763213,École Perce-Neige,École Perce-Neige,"4770, boulevard Lalande",,H8Y1V2,66023,Montréal,763076,Perce-Neige,"4770, boulevard Lalande",,66023,Montréal,H8Y1V2,0,1,0,0,0,https://perceneige.ecoleouestmtl.com/,-73.781215,45.505783,Primaire,763000,Franco,2_OrgImm_Franco_primaire,Montréal,Montréal,Montréal,Robert-Baldwin,Centre de services scolaire Marguerite-Bourgeoys
444,2000,,,763217,École Saint-Gérard,École Saint-Gérard,"14385, boulevard Pierrefonds",,H9H1Z2,66023,Montréal,763079,Saint-Gérard,"14385, boulevard Pierrefonds",,66023,Montréal,H9H1Z2,1,1,0,0,0,https://saint-gerard.ecoleouest.com/,-73.855002,45.490807,Préscolaire - Primaire,763000,Franco,4_OrgImm_Franco_presc_prim,Montréal,Montréal,Montréal,Nelligan,Centre de services scolaire Marguerite-Bourgeoys
445,2004,,,763221,École Sainte-Geneviève Ouest,École Sainte-Geneviève Ouest,"35, rue Sainte-Anne",,H9H2Z2,66023,Montréal,763083,Sainte-Geneviève Ouest,"35, rue Sainte-Anne",,66023,Montréal,H9H2Z2,1,1,0,0,0,,-73.871485,45.478027,Préscolaire - Primaire,763000,Franco,4_OrgImm_Franco_presc_prim,Montréal,Montréal,Montréal,Nelligan,Centre de services scolaire Marguerite-Bourgeoys
446,2013,,,763238,École Rose-Virginie-Pelletier,École Rose-Virginie-Pelletier,"9469, boulevard Gouin Ouest",,H8Y1T2,66023,Montréal,763850,Centre Rose-Virginie-Pelletier,"9469, boulevard Gouin Ouest",,66023,Montréal,H8Y1T2,0,0,1,0,0,https://rose-virginie-pelletier.ecoleouestmtl.com/,-73.774506,45.5077,Secondaire,763000,Franco,3_OrgImm_Franco_secondaire,Montréal,Montréal,Montréal,Robert-Baldwin,Centre de services scolaire Marguerite-Bourgeoys
447,2014,,,763238,École Rose-Virginie-Pelletier,École Rose-Virginie-Pelletier,"9469, boulevard Gouin Ouest",,H8Y1T2,66023,Montréal,763870,Centre Rose-Virginie-Pelletier (2),"9469, boulevard Gouin Ouest",,66023,Montréal,H8Y1T2,0,0,1,0,0,https://rose-virginie-pelletier.ecoleouestmtl.com/,-73.774506,45.5077,Secondaire,763000,Franco,3_OrgImm_Franco_secondaire,Montréal,Montréal,Montréal,Robert-Baldwin,Centre de services scolaire Marguerite-Bourgeoys
448,2021,,,763301,CEA Champlain,Centre d'éducation des adultes Champlain,"1201, rue Argyle",,H4H1V4,66023,Montréal,763035,Île-des-Soeurs,"530, rue de Gaspé",,66023,Montréal,H3E1E7,0,0,0,0,1,https://champlain.centrecsmb.com,-73.548174,45.456886,Éducation aux adultes,763000,Franco,9_OrgImm_Franco_Adu,Montréal,Montréal,Montréal,Verdun,Centre de services scolaire Marguerite-Bourgeoys
449,2022,,,763301,CEA Champlain,Centre d'éducation des adultes Champlain,"1201, rue Argyle",,H4H1V4,66023,Montréal,763042,Notre-Dame-de-la-Paix,"454, avenue Caisse",,66023,Montréal,H4G2C8,0,0,0,0,1,https://champlain.centrecsmb.com,-73.569072,45.470079,Éducation aux adultes,763000,Franco,9_OrgImm_Franco_Adu,Montréal,Montréal,Montréal,Verdun,Centre de services scolaire Marguerite-Bourgeoys
450,2023,,,763301,CEA Champlain,Centre d'éducation des adultes Champlain,"1201, rue Argyle",,H4H1V4,66023,Montréal,763056,Carrefour multiservice (CMS),"1100, 5e Avenue",,66023,Montréal,H4G2Z7,0,0,0,0,1,https://champlain.centrecsmb.com,-73.578005,45.456193,Éducation aux adultes,763000,Franco,9_OrgImm_Franco_Adu,Montréal,Montréal,Montréal,Verdun,Centre de services scolaire Marguerite-Bourgeoys
451,2024,,,763301,CEA Champlain,Centre d'éducation des adultes Champlain,"1201, rue Argyle",,H4H1V4,66023,Montréal,763061,"CFP de Verdun, édifice Galt","1150, rue Galt",,66023,Montréal,H4G2P9,0,0,0,0,1,https://champlain.centrecsmb.com,-73.57854,45.462043,Éducation aux adultes,763000,Franco,9_OrgImm_Franco_Adu,Montréal,Montréal,Montréal,Verdun,Centre de services scolaire Marguerite-Bourgeoys
452,2025,,,763301,CEA Champlain,Centre d'éducation des adultes Champlain,"1201, rue Argyle",,H4H1V4,66023,Montréal,763062,"Mgr-Richard, édifice Rhéaume","3000, boul. Gaétan-Laberge",,66023,Montréal,H4G3C1,0,0,0,0,1,https://champlain.centrecsmb.com,-73.560364,45.470142,Éducation aux adultes,763000,Franco,9_OrgImm_Franco_Adu,Montréal,Montréal,Montréal,Verdun,Centre de services scolaire Marguerite-Bourgeoys
453,2026,,,763301,CEA Champlain,Centre d'éducation des adultes Champlain,"1201, rue Argyle",,H4H1V4,66023,Montréal,763091,CEA Champlain,"1201, rue Argyle",,66023,Montréal,H4H1V4,0,0,0,0,1,https://champlain.centrecsmb.com,-73.580651,45.453772,Éducation aux adultes,763000,Franco,9_OrgImm_Franco_Adu,Montréal,Montréal,Montréal,Verdun,Centre de services scolaire Marguerite-Bourgeoys
454,2027,,,763301,CEA Champlain,Centre d'éducation des adultes Champlain,"1201, rue Argyle",,H4H1V4,66023,Montréal,763103,CFP des Carrefours,"1240, rue Moffat",,66023,Montréal,H4H1Y9,0,0,0,0,1,https://champlain.centrecsmb.com,-73.581807,45.4501,Éducation aux adultes,763000,Franco,9_OrgImm_Franco_Adu,Montréal,Montréal,Montréal,Verdun,Centre de services scolaire Marguerite-Bourgeoys
455,2028,,,763301,CEA Champlain,Centre d'éducation des adultes Champlain,"1201, rue Argyle",,H4H1V4,66023,Montréal,763124,CIMME,"1100, rue Ducas",,66023,Montréal,H8N3E6,0,0,0,0,1,https://champlain.centrecsmb.com,-73.603299,45.436483,Éducation aux adultes,763000,Franco,9_OrgImm_Franco_Adu,Montréal,Montréal,Montréal,Marguerite-Bourgeoys,Centre de services scolaire Marguerite-Bourgeoys
456,2029,,,763304,CEA de LaSalle,Centre d'éducation des adultes de LaSalle,"8825, rue Centrale",,H8P1P3,66023,Montréal,763037,Laurendeau-Dunton (français),"1515, rue Rancourt",,66023,Montréal,H8N1R7,0,0,0,0,1,https://www.cea-lasalle.ca,-73.625933,45.428878,Éducation aux adultes,763000,Franco,9_OrgImm_Franco_Adu,Montréal,Montréal,Montréal,Marguerite-Bourgeoys,Centre de services scolaire Marguerite-Bourgeoys
457,2030,,,763304,CEA de LaSalle,Centre d'éducation des adultes de LaSalle,"8825, rue Centrale",,H8P1P3,66023,Montréal,763040,"Martin-Bélanger, édifice Martin","29, avenue Ouellette",,66023,Montréal,H8R1L4,0,0,0,0,1,https://www.cea-lasalle.ca,-73.645959,45.446077,Éducation aux adultes,763000,Franco,9_OrgImm_Franco_Adu,Montréal,Montréal,Montréal,Marquette,Centre de services scolaire Marguerite-Bourgeoys
458,2031,,,763304,CEA de LaSalle,Centre d'éducation des adultes de LaSalle,"8825, rue Centrale",,H8P1P3,66023,Montréal,763047,Philippe-Morin,"1825, rue Provost",,66023,Montréal,H8S1P5,0,0,0,0,1,https://www.cea-lasalle.ca,-73.680798,45.441694,Éducation aux adultes,763000,Franco,9_OrgImm_Franco_Adu,Montréal,Montréal,Montréal,Marquette,Centre de services scolaire Marguerite-Bourgeoys
459,2032,,,763304,CEA de LaSalle,Centre d'éducation des adultes de LaSalle,"8825, rue Centrale",,H8P1P3,66023,Montréal,763048,Sainte-Catherine-Labouré,"441, rue Trudeau",,66023,Montréal,H8R3C3,0,0,0,0,1,https://www.cea-lasalle.ca,-73.640369,45.431443,Éducation aux adultes,763000,Franco,9_OrgImm_Franco_Adu,Montréal,Montréal,Montréal,Marguerite-Bourgeoys,Centre de services scolaire Marguerite-Bourgeoys
460,2033,,,763304,CEA de LaSalle,Centre d'éducation des adultes de LaSalle,"8825, rue Centrale",,H8P1P3,66023,Montréal,763050,"Très-Saint-Sacrement, édifice de l'Avenir","704, 5e Avenue",,66023,Montréal,H8S2W4,0,0,0,0,1,https://www.cea-lasalle.ca,-73.668067,45.442306,Éducation aux adultes,763000,Franco,9_OrgImm_Franco_Adu,Montréal,Montréal,Montréal,Marquette,Centre de services scolaire Marguerite-Bourgeoys
461,2034,,,763304,CEA de LaSalle,Centre d'éducation des adultes de LaSalle,"8825, rue Centrale",,H8P1P3,66023,Montréal,763058,"Petit-Collège, du","9343, rue Jean-Milot",,66023,Montréal,H8R1Y7,0,0,0,0,1,https://www.cea-lasalle.ca,-73.640428,45.430489,Éducation aux adultes,763000,Franco,9_OrgImm_Franco_Adu,Montréal,Montréal,Montréal,Marguerite-Bourgeoys,Centre de services scolaire Marguerite-Bourgeoys
462,2035,,,763304,CEA de LaSalle,Centre d'éducation des adultes de LaSalle,"8825, rue Centrale",,H8P1P3,66023,Montréal,763059,Cavelier-De-LaSalle,"9199, rue Centrale",,66023,Montréal,H8R2J9,0,0,0,0,1,https://www.cea-lasalle.ca,-73.640495,45.418015,Éducation aux adultes,763000,Franco,9_OrgImm_Franco_Adu,Montréal,Montréal,Montréal,Marguerite-Bourgeoys,Centre de services scolaire Marguerite-Bourgeoys
463,2036,,,763304,CEA de LaSalle,Centre d'éducation des adultes de LaSalle,"8825, rue Centrale",,H8P1P3,66023,Montréal,763100,"CEA de LaSalle, édifice Boileau","1625, rue Saint-Antoine",,66023,Montréal,H8S1T8,0,0,0,0,1,https://www.cea-lasalle.ca,-73.678552,45.439606,Éducation aux adultes,763000,Franco,9_OrgImm_Franco_Adu,Montréal,Montréal,Montréal,Marquette,Centre de services scolaire Marguerite-Bourgeoys
464,2037,,,763304,CEA de LaSalle,Centre d'éducation des adultes de LaSalle,"8825, rue Centrale",,H8P1P3,66023,Montréal,763101,"CEA de LaSalle, édifice LaSalle","8825, rue Centrale",,66023,Montréal,H8P1P3,0,0,0,0,1,https://www.cea-lasalle.ca,-73.626086,45.417061,Éducation aux adultes,763000,Franco,9_OrgImm_Franco_Adu,Montréal,Montréal,Montréal,Marguerite-Bourgeoys,Centre de services scolaire Marguerite-Bourgeoys
465,2038,,,763304,CEA de LaSalle,Centre d'éducation des adultes de LaSalle,"8825, rue Centrale",,H8P1P3,66023,Montréal,763126,"CFP Lachine, édifice de la Rive","46, 16e Avenue",,66023,Montréal,H8S3M4,0,0,0,0,1,https://www.cea-lasalle.ca,-73.678466,45.433171,Éducation aux adultes,763000,Franco,9_OrgImm_Franco_Adu,Montréal,Montréal,Montréal,Marquette,Centre de services scolaire Marguerite-Bourgeoys
466,2039,,,763304,CEA de LaSalle,Centre d'éducation des adultes de LaSalle,"8825, rue Centrale",,H8P1P3,66023,Montréal,763129,Terre-des-Jeunes,"7900, rue Doyle",,66023,Montréal,H8N0E9,0,0,0,0,1,https://www.cea-lasalle.ca,-73.63024,45.438346,Éducation aux adultes,763000,Franco,9_OrgImm_Franco_Adu,Montréal,Montréal,Montréal,Marguerite-Bourgeoys,Centre de services scolaire Marguerite-Bourgeoys
467,2040,,,763304,CEA de LaSalle,Centre d'éducation des adultes de LaSalle,"8825, rue Centrale",,H8P1P3,66023,Montréal,763135,"Eau-Vive, L'","171, avenue Orchard",,66023,Montréal,H8R3G3,0,0,0,0,1,https://www.cea-lasalle.ca,-73.646858,45.422614,Éducation aux adultes,763000,Franco,9_OrgImm_Franco_Adu,Montréal,Montréal,Montréal,Marguerite-Bourgeoys,Centre de services scolaire Marguerite-Bourgeoys
468,2056,,,763310,CEA Outremont,Centre d'éducation des adultes Outremont,"500, boulevard Dollard",,H2V3G2,66023,Montréal,763002,Saint-Clément-Ouest,"555, avenue Mitchell",,66072,Mont-Royal,H3R1L5,0,0,0,0,1,https://outremont.centrecsmb.com,-73.655918,45.508204,Éducation aux adultes,763000,Franco,9_OrgImm_Franco_Adu,Mont-Royal,Montréal,Montréal,Mont-Royal–Outremont,Centre de services scolaire Marguerite-Bourgeoys
469,2057,,,763310,CEA Outremont,Centre d'éducation des adultes Outremont,"500, boulevard Dollard",,H2V3G2,66023,Montréal,763003,"Bois-Franc-Aquarelle, édifice Aquarelle","2080, rue de Londres",,66023,Montréal,H4L3A6,0,0,0,0,1,https://outremont.centrecsmb.com,-73.699333,45.522208,Éducation aux adultes,763000,Franco,9_OrgImm_Franco_Adu,Montréal,Montréal,Montréal,Saint-Laurent,Centre de services scolaire Marguerite-Bourgeoys
470,2058,,,763310,CEA Outremont,Centre d'éducation des adultes Outremont,"500, boulevard Dollard",,H2V3G2,66023,Montréal,763005,"Bois-Franc-Aquarelle, édifice Bois-Franc","2085, rue de Londres",,66023,Montréal,H4L3A5,0,0,0,0,1,https://outremont.centrecsmb.com,-73.698388,45.523153,Éducation aux adultes,763000,Franco,9_OrgImm_Franco_Adu,Montréal,Montréal,Montréal,Saint-Laurent,Centre de services scolaire Marguerite-Bourgeoys
471,2059,,,763310,CEA Outremont,Centre d'éducation des adultes Outremont,"500, boulevard Dollard",,H2V3G2,66023,Montréal,763006,Cardinal-Léger,"2000, rue Decelles",,66023,Montréal,H4M1B3,0,0,0,0,1,https://outremont.centrecsmb.com,-73.686905,45.506476,Éducation aux adultes,763000,Franco,9_OrgImm_Franco_Adu,Montréal,Montréal,Montréal,Saint-Laurent,Centre de services scolaire Marguerite-Bourgeoys
472,2060,,,763310,CEA Outremont,Centre d'éducation des adultes Outremont,"500, boulevard Dollard",,H2V3G2,66023,Montréal,763008,Enfant-Soleil,"1615, rue Tassé",,66023,Montréal,H4L1R1,0,0,0,0,1,https://outremont.centrecsmb.com,-73.689933,45.516673,Éducation aux adultes,763000,Franco,9_OrgImm_Franco_Adu,Montréal,Montréal,Montréal,Saint-Laurent,Centre de services scolaire Marguerite-Bourgeoys
473,2061,,,763310,CEA Outremont,Centre d'éducation des adultes Outremont,"500, boulevard Dollard",,H2V3G2,66023,Montréal,763011,Henri-Beaulieu,"235, rue Bleignier",,66023,Montréal,H4N1B1,0,0,0,0,1,https://outremont.centrecsmb.com,-73.673818,45.529048,Éducation aux adultes,763000,Franco,9_OrgImm_Franco_Adu,Montréal,Montréal,Montréal,Acadie,Centre de services scolaire Marguerite-Bourgeoys
474,2062,,,763310,CEA Outremont,Centre d'éducation des adultes Outremont,"500, boulevard Dollard",,H2V3G2,66023,Montréal,763017,Saint-Clément-Est,"1560, boulevard Laird",,66072,Mont-Royal,H3P2T5,0,0,0,0,1,https://outremont.centrecsmb.com,-73.644501,45.519292,Éducation aux adultes,763000,Franco,9_OrgImm_Franco_Adu,Mont-Royal,Montréal,Montréal,Mont-Royal–Outremont,Centre de services scolaire Marguerite-Bourgeoys
475,2063,,,763310,CEA Outremont,Centre d'éducation des adultes Outremont,"500, boulevard Dollard",,H2V3G2,66023,Montréal,763019,"Mosaïque, de la","5621, avenue Mc Murray",,66058,Côte-Saint-Luc,H4W2G1,0,0,0,0,1,https://outremont.centrecsmb.com,-73.665264,45.463213,Éducation aux adultes,763000,Franco,9_OrgImm_Franco_Adu,Côte-Saint-Luc,Montréal,Montréal,D'Arcy-McGee,Centre de services scolaire Marguerite-Bourgeoys
476,2064,,,763310,CEA Outremont,Centre d'éducation des adultes Outremont,"500, boulevard Dollard",,H2V3G2,66023,Montréal,763020,"CEA Outremont, édifice Filion","1450, rue Filion",,66023,Montréal,H4L4E8,0,0,0,0,1,https://outremont.centrecsmb.com,-73.684339,45.521695,Éducation aux adultes,763000,Franco,9_OrgImm_Franco_Adu,Montréal,Montréal,Montréal,Acadie,Centre de services scolaire Marguerite-Bourgeoys
477,2065,,,763310,CEA Outremont,Centre d'éducation des adultes Outremont,"500, boulevard Dollard",,H2V3G2,66023,Montréal,763025,CEA Outremont,"500, boulevard Dollard",,66023,Montréal,H2V3G2,0,0,0,0,1,https://outremont.centrecsmb.com,-73.610193,45.516349,Éducation aux adultes,763000,Franco,9_OrgImm_Franco_Adu,Montréal,Montréal,Montréal,Mont-Royal–Outremont,Centre de services scolaire Marguerite-Bourgeoys
478,2066,,,763310,CEA Outremont,Centre d'éducation des adultes Outremont,"500, boulevard Dollard",,H2V3G2,66023,Montréal,763029,"Saint-Laurent, édifice Émile-Legault","2395, boulevard Thimens",,66023,Montréal,H4R1T4,0,0,0,0,1,https://outremont.centrecsmb.com,-73.703068,45.506503,Éducation aux adultes,763000,Franco,9_OrgImm_Franco_Adu,Montréal,Montréal,Montréal,Saint-Laurent,Centre de services scolaire Marguerite-Bourgeoys
479,2067,,,763310,CEA Outremont,Centre d'éducation des adultes Outremont,"500, boulevard Dollard",,H2V3G2,66023,Montréal,763099,Jean-Grou,"805, rue Tassé",,66023,Montréal,H4L1N8,0,0,0,0,1,https://outremont.centrecsmb.com,-73.680663,45.523639,Éducation aux adultes,763000,Franco,9_OrgImm_Franco_Adu,Montréal,Montréal,Montréal,Acadie,Centre de services scolaire Marguerite-Bourgeoys
480,2068,,,763310,CEA Outremont,Centre d'éducation des adultes Outremont,"500, boulevard Dollard",,H2V3G2,66023,Montréal,763102,"CFP Léonard-De Vinci, édifice Côte-Vertu","3200, boul. de la Côte-Vertu",,66023,Montréal,H4R1P8,0,0,0,0,1,https://outremont.centrecsmb.com,-73.702879,45.497089,Éducation aux adultes,763000,Franco,9_OrgImm_Franco_Adu,Montréal,Montréal,Montréal,Saint-Laurent,Centre de services scolaire Marguerite-Bourgeoys
481,2069,,,763310,CEA Outremont,Centre d'éducation des adultes Outremont,"500, boulevard Dollard",,H2V3G2,66023,Montréal,763104,Enfants-du-Monde,"2915, rue Marcel",,66023,Montréal,H4R1B2,0,0,0,0,1,https://outremont.centrecsmb.com,-73.725496,45.515161,Éducation aux adultes,763000,Franco,9_OrgImm_Franco_Adu,Montréal,Montréal,Montréal,Saint-Laurent,Centre de services scolaire Marguerite-Bourgeoys
482,2070,,,763310,CEA Outremont,Centre d'éducation des adultes Outremont,"500, boulevard Dollard",,H2V3G2,66023,Montréal,763138,"Grands-Êtres, des","1150, rue Deguire",,66023,Montréal,H4L1M2,0,0,0,0,1,https://outremont.centrecsmb.com,-73.68658,45.521551,Éducation aux adultes,763000,Franco,9_OrgImm_Franco_Adu,Montréal,Montréal,Montréal,Acadie,Centre de services scolaire Marguerite-Bourgeoys
483,2071,,,763403,C.F.P. des Carrefours,Centre de formation professionnelle des Carrefours,"1240, rue Moffat",,H4H1Y9,66023,Montréal,763103,CFP des Carrefours,"1240, rue Moffat",,66023,Montréal,H4H1Y9,0,0,0,1,0,https://cfpdc.ca/,-73.581807,45.4501,Formation professionnelle,763000,Franco,8_OrgImm_Franco_Fp,Montréal,Montréal,Montréal,Verdun,Centre de services scolaire Marguerite-Bourgeoys
484,2072,,,763405,CFP Léonard-De Vinci,Centre de formation professionnelle Léonard-De Vinci,"2405, boulevard Thimens",,H4R1T4,66023,Montréal,763029,"Saint-Laurent, édifice Émile-Legault","2395, boulevard Thimens",,66023,Montréal,H4R1T4,0,0,0,1,0,https://www.cfpldevinci.ca/,-73.703068,45.506503,Formation professionnelle,763000,Franco,8_OrgImm_Franco_Fp,Montréal,Montréal,Montréal,Saint-Laurent,Centre de services scolaire Marguerite-Bourgeoys
485,2073,,,763405,CFP Léonard-De Vinci,Centre de formation professionnelle Léonard-De Vinci,"2405, boulevard Thimens",,H4R1T4,66023,Montréal,763102,"CFP Léonard-De Vinci, édifice Côte-Vertu","3200, boul. de la Côte-Vertu",,66023,Montréal,H4R1P8,0,0,0,1,0,https://www.cfpldevinci.ca/,-73.702879,45.497089,Formation professionnelle,763000,Franco,8_OrgImm_Franco_Fp,Montréal,Montréal,Montréal,Saint-Laurent,Centre de services scolaire Marguerite-Bourgeoys
486,2074,,,763410,CFP de Verdun,Centre de formation professionnelle de Verdun,"3010, boulevard Gaétan-Laberge",,H4G3C1,66023,Montréal,763061,"CFP de Verdun, édifice Galt","1150, rue Galt",,66023,Montréal,H4G2P9,0,0,0,1,0,https://www.cfpverdun.ca/,-73.57854,45.462043,Formation professionnelle,763000,Franco,8_OrgImm_Franco_Fp,Montréal,Montréal,Montréal,Verdun,Centre de services scolaire Marguerite-Bourgeoys
487,2075,,,763410,CFP de Verdun,Centre de formation professionnelle de Verdun,"3010, boulevard Gaétan-Laberge",,H4G3C1,66023,Montréal,763062,"Mgr-Richard, édifice Rhéaume","3000, boul. Gaétan-Laberge",,66023,Montréal,H4G3C1,0,0,0,1,0,https://www.cfpverdun.ca/,-73.560364,45.470142,Formation professionnelle,763000,Franco,8_OrgImm_Franco_Fp,Montréal,Montréal,Montréal,Verdun,Centre de services scolaire Marguerite-Bourgeoys
488,2076,,,763413,CIMME,"Centre intégré de mécanique, de métallurgie et d'électricité (CIMME)","1100, rue Ducas",,H8N3E6,66023,Montréal,763124,CIMME,"1100, rue Ducas",,66023,Montréal,H8N3E6,0,0,0,1,0,https://cimme.centrecsmb.com/,-73.603299,45.436483,Formation professionnelle,763000,Franco,8_OrgImm_Franco_Fp,Montréal,Montréal,Montréal,Marguerite-Bourgeoys,Centre de services scolaire Marguerite-Bourgeoys
489,2080,,,763418,CFP de Lachine,Centre de formation professionnelle de Lachine,"46, 16e Avenue",,H8S3M4,66023,Montréal,763060,Dalbé-Viau,"740, rue Esther Blondin",,66023,Montréal,H8S4C4,0,0,0,1,0,https://www.cfplachine.ca,-73.679263,45.443053,Formation professionnelle,763000,Franco,8_OrgImm_Franco_Fp,Montréal,Montréal,Montréal,Marquette,Centre de services scolaire Marguerite-Bourgeoys
490,2081,,,763418,CFP de Lachine,Centre de formation professionnelle de Lachine,"46, 16e Avenue",,H8S3M4,66023,Montréal,763126,"CFP Lachine, édifice de la Rive","46, 16e Avenue",,66023,Montréal,H8S3M4,0,0,0,1,0,https://www.cfplachine.ca,-73.678466,45.433171,Formation professionnelle,763000,Franco,8_OrgImm_Franco_Fp,Montréal,Montréal,Montréal,Marquette,Centre de services scolaire Marguerite-Bourgeoys
491,5255,,,887001,École Bancroft,École Bancroft,"4563, rue Saint-Urbain",,H2T2V9,66023,Montréal,887029,Bancroft,"4563, rue Saint-Urbain",,66023,Montréal,H2T2V9,1,1,0,0,0,https://bancroft.emsb.qc.ca/,-73.588431,45.519643,Préscolaire - Primaire,887000,Anglo,4_OrgImm_Anglo_presc_prim,Montréal,Montréal,Montréal,Mercier,Commission scolaire English-Montréal
492,5261,,,887007,École East Hill,École East Hill,"10350, boulevard Perras",,H1C2H1,66023,Montréal,887045,East Hill,"10350, boulevard Perras",,66023,Montréal,H1C2H1,1,1,0,0,0,https://easthill.emsb.qc.ca,-73.553686,45.664408,Préscolaire - Primaire,887000,Anglo,4_OrgImm_Anglo_presc_prim,Montréal,Montréal,Montréal,LaFontaine,Commission scolaire English-Montréal
493,5263,,,887009,École Edward Murphy,École Edward Murphy,"6800, avenue Pierre-de-Coubertin",,H1N1T2,66023,Montréal,887002,Edward Murphy,"6800, ave. Pierre-De Coubertin",,66023,Montréal,H1N1T2,1,1,0,0,0,https://edwardmurphy.emsb.qc.ca/,-73.532815,45.581842,Préscolaire - Primaire,887000,Anglo,4_OrgImm_Anglo_presc_prim,Montréal,Montréal,Montréal,Camille-Laurin,Commission scolaire English-Montréal
494,5265,,,887012,École Pierre Elliott Trudeau,École Pierre Elliott Trudeau,"6855, rue Cartier",,H2G2W1,66023,Montréal,887005,Pierre Elliot Trudeau,"6855, rue Cartier",,66023,Montréal,H2G2W1,1,1,0,0,0,https://petrudeau.emsb.qc.ca/trudeau,-73.601832,45.546778,Préscolaire - Primaire,887000,Anglo,4_OrgImm_Anglo_presc_prim,Montréal,Montréal,Montréal,Gouin,Commission scolaire English-Montréal
495,5270,,,887019,Académie John Caboto,Académie John Caboto,"8955, rue Meunier",,H2N1W3,66023,Montréal,887008,John Caboto,"8955, rue Meunier",,66023,Montréal,H2N1W3,1,1,0,0,0,https://johncaboto.emsb.qc.ca/johncaboto,-73.648164,45.539362,Préscolaire - Primaire,887000,Anglo,4_OrgImm_Anglo_presc_prim,Montréal,Montréal,Montréal,Acadie,Commission scolaire English-Montréal
496,5271,,,887021,Académie Leonardo-da-Vinci,Académie Leonardo-da-Vinci,"12025, rue André Dumas",,H1E4G2,66023,Montréal,887013,Leonardo Da Vinci,"12025, avenue André-Dumas",,66023,Montréal,H1E4G2,1,1,0,0,0,https://leonardodavinciacademy.emsb.qc.ca/ldva,-73.583921,45.637732,Préscolaire - Primaire,887000,Anglo,4_OrgImm_Anglo_presc_prim,Montréal,Montréal,Montréal,LaFontaine,Commission scolaire English-Montréal
497,5273,,,887024,École  prim. internationale Michelangelo,École primaire internationale Michelangelo,"9360, 5e Rue",,H1E1K1,66023,Montréal,887014,Michelangelo,"9360, 5e Rue",,66023,Montréal,H1E1K1,1,1,0,0,0,https://michelangelo.emsb.qc.ca,-73.568248,45.650386,Préscolaire - Primaire,887000,Anglo,4_OrgImm_Anglo_presc_prim,Montréal,Montréal,Montréal,LaFontaine,Commission scolaire English-Montréal
498,5274,,,887026,École Nesbitt,École Nesbitt,"6108, 8e Avenue",,H1Y2M2,66023,Montréal,887068,Nesbitt,"6108, 8e Avenue",,66023,Montréal,H1Y2M2,1,1,0,0,0,https://nesbitt.emsb.qc.ca,-73.583436,45.551269,Préscolaire - Primaire,887000,Anglo,4_OrgImm_Anglo_presc_prim,Montréal,Montréal,Montréal,Rosemont,Commission scolaire English-Montréal
499,5275,,,887027,École Our Lady of Pompei,École Our Lady of Pompei,"9944, boulevard Saint-Michel",,H1H5G8,66023,Montréal,887099,Our Lady of Pompei,"9944, boulevard Saint-Michel",,66023,Montréal,H1H5G8,1,1,0,0,0,https://www.emsb.qc.ca/ourladyofpompei,-73.639722,45.576901,Préscolaire - Primaire,887000,Anglo,4_OrgImm_Anglo_presc_prim,Montréal,Montréal,Montréal,Maurice-Richard,Commission scolaire English-Montréal
500,5279,,,887032,École Sinclair Laird,École Sinclair Laird,"8380, avenue Wiseman",,H3N2P6,66023,Montréal,887075,Sinclair Laird / St. Raphael Center,"8380, avenue Wiseman",,66023,Montréal,H3N2P6,1,1,0,0,0,https://www.emsb.qc.ca/sinclairlaird,-73.641756,45.530254,Préscolaire - Primaire,887000,Anglo,4_OrgImm_Anglo_presc_prim,Montréal,Montréal,Montréal,Laurier-Dorion,Commission scolaire English-Montréal
501,5280,,,887036,École Saint-Gabriel,École Saint-Gabriel,"600, rue Dublin",,H3K2S4,66023,Montréal,887016,St. Gabriel,"610, rue Dublin",,66023,Montréal,H3K2S4,1,1,0,0,0,https://stgabriel.emsb.qc.ca/,-73.559032,45.476784,Préscolaire - Primaire,887000,Anglo,4_OrgImm_Anglo_presc_prim,Montréal,Montréal,Montréal,Saint-Henri–Sainte-Anne,Commission scolaire English-Montréal
502,5281,,,887039,École Sainte-Monica,École Sainte-Monica,"6440, rue de Terrebonne",,H4B1B1,66023,Montréal,887023,St. Monica,"6440, rue de Terrebonne",,66023,Montréal,H4B1B1,1,1,0,0,0,https://stmonica.emsb.qc.ca,-73.634196,45.467209,Préscolaire - Primaire,887000,Anglo,4_OrgImm_Anglo_presc_prim,Montréal,Montréal,Montréal,Notre-Dame-de-Grâce,Commission scolaire English-Montréal
503,5285,,,887043,École Willingdon,École Willingdon,"5870, rue de Terrebonne",,H4A1B5,66023,Montréal,887018,Willingdon Senior Campus,"4850, avenue Coronation",,66023,Montréal,H4V2E2,0,1,0,0,0,https://www.emsb.qc.ca/willingdon,-73.643835,45.461908,Primaire,887000,Anglo,2_OrgImm_Anglo_primaire,Montréal,Montréal,Montréal,Notre-Dame-de-Grâce,Commission scolaire English-Montréal
504,5286,,,887043,École Willingdon,École Willingdon,"5870, rue de Terrebonne",,H4A1B5,66023,Montréal,887101,Willingdon,"5870, rue de Terrebonne",,66023,Montréal,H4A1B5,1,1,0,0,0,https://www.emsb.qc.ca/willingdon,-73.628427,45.473428,Préscolaire - Primaire,887000,Anglo,4_OrgImm_Anglo_presc_prim,Montréal,Montréal,Montréal,Notre-Dame-de-Grâce,Commission scolaire English-Montréal
505,5287,,,887044,École Saint-Raphaël,École Saint-Raphaël,"8380, avenue Wiseman",,H3N2P6,66023,Montréal,887075,Sinclair Laird / St. Raphael Center,"8380, avenue Wiseman",,66023,Montréal,H3N2P6,1,1,0,0,0,https://straphael.emsb.qc.ca/,-73.641756,45.530254,Préscolaire - Primaire,887000,Anglo,4_OrgImm_Anglo_presc_prim,Montréal,Montréal,Montréal,Laurier-Dorion,Commission scolaire English-Montréal
506,5288,,,887044,École Saint-Raphaël,École Saint-Raphaël,"8380, avenue Wiseman",,H3N2P6,66023,Montréal,887086,"Le 8735, avenue Henri-Julien","8735, avenue Henri-Julien",,66023,Montréal,H2M1M5,0,1,1,0,0,https://straphael.emsb.qc.ca/,-73.640271,45.544969,Primaire - Secondaire,887000,Anglo,7_OrgImm_Anglo_prim_sec,Montréal,Montréal,Montréal,Maurice-Richard,Commission scolaire English-Montréal
507,5289,,,887044,École Saint-Raphaël,École Saint-Raphaël,"8380, avenue Wiseman",,H3N2P6,66023,Montréal,887859,Hôpital Marie-Enfant,"5200, rue Bélanger",,66023,Montréal,H1T1C9,0,1,1,0,0,https://straphael.emsb.qc.ca/,-73.57678,45.575254,Primaire - Secondaire,887000,Anglo,7_OrgImm_Anglo_prim_sec,Montréal,Montréal,Montréal,Rosemont,Commission scolaire English-Montréal
508,5290,,,887044,École Saint-Raphaël,École Saint-Raphaël,"8380, avenue Wiseman",,H3N2P6,66023,Montréal,887861,Hôpital Sainte-Justine,"3175, ch. Côte-Ste-Catherine",,66023,Montréal,H3T1C5,0,1,1,0,0,https://straphael.emsb.qc.ca/,-73.624944,45.503146,Primaire - Secondaire,887000,Anglo,7_OrgImm_Anglo_prim_sec,Montréal,Montréal,Montréal,Mont-Royal–Outremont,Commission scolaire English-Montréal
509,5291,,,887044,École Saint-Raphaël,École Saint-Raphaël,"8380, avenue Wiseman",,H3N2P6,66023,Montréal,887862,L'Hôpital Shriners pour Enfants,"1529, avenue Cedar",,66023,Montréal,H3G1A6,0,1,1,0,0,https://straphael.emsb.qc.ca/,-73.588098,45.499546,Primaire - Secondaire,887000,Anglo,7_OrgImm_Anglo_prim_sec,Montréal,Montréal,Montréal,Westmount–Saint-Louis,Commission scolaire English-Montréal
510,5292,,,887045,École Coronation,École Coronation,"4810, avenue Van Horne",,H3W1J3,66023,Montréal,887093,Coronation / Mile-End,"4810, avenue Van Horne",,66023,Montréal,H3W1J3,1,1,0,0,0,https://coronation.emsb.qc.ca,-73.637405,45.493462,Préscolaire - Primaire,887000,Anglo,4_OrgImm_Anglo_presc_prim,Montréal,Montréal,Montréal,D'Arcy-McGee,Commission scolaire English-Montréal
511,5293,,,887046,École Royal Vale,École Royal Vale,"5851, avenue Somerled",,H3X2A5,66023,Montréal,887105,Royal Vale,"5851, avenue Somerled",,66023,Montréal,H3X2A5,1,1,1,0,0,https://royalvale.emsb.qc.ca/,-73.633805,45.47539,Préscolaire - Primaire - Secondaire,887000,Anglo,5_OrgImm_Anglo_presc_prim_sec,Montréal,Montréal,Montréal,Notre-Dame-de-Grâce,Commission scolaire English-Montréal
512,5294,,,887047,École F.A.C.E.,École F.A.C.E.,"3449, rue Université",,H3A2A8,66023,Montréal,762059,"FACE, primaire","4835, avenue Christophe-Colomb",,66023,Montréal,H2J3G8,1,1,0,0,0,https://face.emsb.qc.ca,-73.583171,45.530137,Préscolaire - Primaire,887000,Anglo,4_OrgImm_Anglo_presc_prim,Montréal,Montréal,Montréal,Mercier,Commission scolaire English-Montréal
513,5295,,,887047,École F.A.C.E.,École F.A.C.E.,"3449, rue Université",,H3A2A8,66023,Montréal,762095,"FACE, secondaire","3449, rue University",,66023,Montréal,H3A2A8,1,1,1,0,0,https://face.emsb.qc.ca,-73.574787,45.506188,Préscolaire - Primaire - Secondaire,887000,Anglo,5_OrgImm_Anglo_presc_prim_sec,Montréal,Montréal,Montréal,Westmount–Saint-Louis,Commission scolaire English-Montréal
514,5296,,,887101,École secondaire James Lyng,École secondaire James Lyng,"5440, rue Notre-Dame Ouest",,H4C1T9,66023,Montréal,887042,James Lyng Complex,"5440, rue Notre-Dame Ouest",,66023,Montréal,H4C1T9,0,0,1,0,0,https://www.emsb.qc.ca/jameslyng,-73.596086,45.467965,Secondaire,887000,Anglo,3_OrgImm_Anglo_secondaire,Montréal,Montréal,Montréal,Saint-Henri–Sainte-Anne,Commission scolaire English-Montréal
515,5297,,,887102,École secondaire John F. Kennedy,École secondaire John F. Kennedy,"3030, rue Villeray",,H2A1E7,66023,Montréal,887027,John F. Kennedy Complex,"3030, rue Villeray",,66023,Montréal,H2A1E7,0,0,1,0,0,https://www.emsb.qc.ca/jfk,-73.604055,45.55981,Secondaire,887000,Anglo,3_OrgImm_Anglo_secondaire,Montréal,Montréal,Montréal,Viau,Commission scolaire English-Montréal
516,5300,,,887105,École secondaire Laurier Macdonald,École secondaire Laurier Macdonald,"7355, boulevard Viau",,H1S3C2,66023,Montréal,887033,Laurier Macdonald Complex,"7355, boulevard Viau",,66023,Montréal,H1S3C2,0,0,1,0,0,https://lauriermac.emsb.qc.ca/lmac,-73.585488,45.576838,Secondaire,887000,Anglo,3_OrgImm_Anglo_secondaire,Montréal,Montréal,Montréal,Jeanne-Mance–Viger,Commission scolaire English-Montréal
517,5302,,,887107,École secondaire M.I.N.D.,École secondaire M.I.N.D.,"4563, rue Saint-Urbain",,H2T2V9,66023,Montréal,887029,Bancroft,"4563, rue Saint-Urbain",,66023,Montréal,H2T2V9,0,0,1,0,0,https://www.mindhighschool.com/,-73.588431,45.519643,Secondaire,887000,Anglo,3_OrgImm_Anglo_secondaire,Montréal,Montréal,Montréal,Mercier,Commission scolaire English-Montréal
518,5303,,,887108,Académie Internationale Marymount,Académie Internationale Marymount,"5100, chemin de la Côte-Saint-Luc",,H3W2G9,66023,Montréal,887031,Marymount,"5100, chemin de la Côte-St-Luc",,66023,Montréal,H3W2G9,0,0,1,0,0,https://marymount.emsb.qc.ca/,-73.62003,45.482167,Secondaire,887000,Anglo,3_OrgImm_Anglo_secondaire,Montréal,Montréal,Montréal,Notre-Dame-de-Grâce,Commission scolaire English-Montréal
519,5304,,,887109,École secondaire L.I.N.K.S.,École secondaire L.I.N.K.S.,"9905, rue Papineau",,H2B1Z9,66023,Montréal,887035,Saint-Pius X Complex,"9955, avenue Papineau",,66023,Montréal,H2B1Z9,0,0,1,0,0,https://www.emsb.qc.ca/links,-73.649707,45.566812,Secondaire,887000,Anglo,3_OrgImm_Anglo_secondaire,Montréal,Montréal,Montréal,Maurice-Richard,Commission scolaire English-Montréal
520,5305,,,887110,École secondaire Rosemont,École secondaire Rosemont,"3737, rue Beaubien Est",,H1X1H2,66023,Montréal,887017,Rosemount Complex,"3737, rue Beaubien Est",,66023,Montréal,H1X1H2,0,0,1,0,0,https://rosemount.emsb.qc.ca/rhs,-73.584678,45.559648,Secondaire,887000,Anglo,3_OrgImm_Anglo_secondaire,Montréal,Montréal,Montréal,Rosemont,Commission scolaire English-Montréal
521,5307,,,887114,Collège Vincent Massey,Collège Vincent Massey,"5925, 27e Avenue",,H1T3J5,66023,Montréal,887038,Vincent Massey,"5925, 27e Avenue",,66023,Montréal,H1T3J5,0,0,1,0,0,https://www.vmc.qc.ca/,-73.572092,45.564265,Secondaire,887000,Anglo,3_OrgImm_Anglo_secondaire,Montréal,Montréal,Montréal,Rosemont,Commission scolaire English-Montréal
522,5310,,,887203,École secondaire Options,École secondaire Options,"1741, rue de Biencourt",,H4E1T4,66023,Montréal,887025,Options and Venture Complex,"1741, rue De Biencourt",,66023,Montréal,H4E1T4,0,0,1,0,0,https://outreach.emsb.qc.ca/schools-options.asp,-73.586289,45.458668,Secondaire,887000,Anglo,3_OrgImm_Anglo_secondaire,Montréal,Montréal,Montréal,Saint-Henri–Sainte-Anne,Commission scolaire English-Montréal
523,5311,,,887204,École secondaire Outreach,École secondaire Outreach,5440 rue Notre Dame Ouest,,H4C1T9,66023,Montréal,887042,James Lyng Complex,"5440, rue Notre-Dame Ouest",,66023,Montréal,H4C1T9,0,0,1,0,0,https://outreach.emsb.qc.ca/schools-outreach.asp,-73.596086,45.467965,Secondaire,887000,Anglo,3_OrgImm_Anglo_secondaire,Montréal,Montréal,Montréal,Saint-Henri–Sainte-Anne,Commission scolaire English-Montréal
524,5312,,,887205,École secondaire Programme Mile-End,École secondaire Programme Mile-End,4810 avenue Van Horne,,H3W1J3,66023,Montréal,887093,Coronation / Mile-End,"4810, avenue Van Horne",,66023,Montréal,H3W1J3,0,0,1,0,0,https://outreach.emsb.qc.ca/,-73.637405,45.493462,Secondaire,887000,Anglo,3_OrgImm_Anglo_secondaire,Montréal,Montréal,Montréal,D'Arcy-McGee,Commission scolaire English-Montréal
525,5313,,,887206,École secondaire Venture,École secondaire Venture,"1741, rue de Biencourt",,H4E1T4,66023,Montréal,887025,Options and Venture Complex,"1741, rue De Biencourt",,66023,Montréal,H4E1T4,0,0,1,0,0,https://outreach.emsb.qc.ca/schools-venture.asp,-73.586289,45.458668,Secondaire,887000,Anglo,3_OrgImm_Anglo_secondaire,Montréal,Montréal,Montréal,Saint-Henri–Sainte-Anne,Commission scolaire English-Montréal
526,5314,,,887207,École secondaire Vézina,École secondaire Vézina,"600, rue Dublin",,H3K2S4,66023,Montréal,887016,St. Gabriel,"610, rue Dublin",,66023,Montréal,H3K2S4,0,0,1,0,0,https://outreach.emsb.qc.ca/,-73.559032,45.476784,Secondaire,887000,Anglo,3_OrgImm_Anglo_secondaire,Montréal,Montréal,Montréal,Saint-Henri–Sainte-Anne,Commission scolaire English-Montréal
527,5315,,,887208,Ecole secondaire Perspectives I,Ecole secondaire Perspectives I,7770-20e Avenue,,H2A2K9,66023,Montréal,887006,Perspectives Complex,"7770, 20e Avenue",,66023,Montréal,H2A2K9,0,0,1,0,0,https://outreach.emsb.qc.ca/,-73.6005,45.567964,Secondaire,887000,Anglo,3_OrgImm_Anglo_secondaire,Montréal,Montréal,Montréal,Viau,Commission scolaire English-Montréal
528,5316,,,887209,Ecole secondaire Perspectives II,Ecole secondaire Perspectives II,7770-20e Avenue,,H2A2K9,66023,Montréal,887006,Perspectives Complex,"7770, 20e Avenue",,66023,Montréal,H2A2K9,0,0,1,0,0,https://outreach.emsb.qc.ca/,-73.6005,45.567964,Secondaire,887000,Anglo,3_OrgImm_Anglo_secondaire,Montréal,Montréal,Montréal,Viau,Commission scolaire English-Montréal
529,5317,,,887247,Hôpital pour enfants Shriners,Hôpital pour enfants Shriners,"1003, boulevard Décarie",,H4A0A9,66023,Montréal,887862,L'Hôpital Shriners pour Enfants,"1529, avenue Cedar",,66023,Montréal,H3G1A6,1,1,1,0,0,,-73.588098,45.499546,Préscolaire - Primaire - Secondaire,887000,Anglo,5_OrgImm_Anglo_presc_prim_sec,Montréal,Montréal,Montréal,Westmount–Saint-Louis,Commission scolaire English-Montréal
530,5318,,,887248,Centre de réadaption Marie-Enfant,Centre de réadaption Marie-Enfant - CHU Saint-Justine,"5200, rue Bélanger",,H1T1C9,66023,Montréal,887859,Hôpital Marie-Enfant,"5200, rue Bélanger",,66023,Montréal,H1T1C9,1,1,1,0,0,,-73.57678,45.575254,Préscolaire - Primaire - Secondaire,887000,Anglo,5_OrgImm_Anglo_presc_prim_sec,Montréal,Montréal,Montréal,Rosemont,Commission scolaire English-Montréal
531,5319,,,887249,Unité Ulluriaq Boys,Unité Ulluriaq Boys,"4434, boulevard Décarie",,H4A3P2,66023,Montréal,887863,Ulluriaq Boys Unit,"4434, boulevard Décarie",,66023,Montréal,H4A3P2,0,0,1,0,0,,-73.622393,45.479782,Secondaire,887000,Anglo,3_OrgImm_Anglo_secondaire,Montréal,Montréal,Montréal,Notre-Dame-de-Grâce,Commission scolaire English-Montréal
532,5320,,,887250,Cité des Prairies,Cité des Prairies,"12165, boul. Saint-Jean Baptiste",,H1C1S4,66023,Montréal,887858,Cité des Praires,"12165, boul. Saint-Jean Baptis",,66023,Montréal,H1C1S4,0,0,1,0,0,,-73.540834,45.662923,Secondaire,887000,Anglo,3_OrgImm_Anglo_secondaire,Montréal,Montréal,Montréal,LaFontaine,Commission scolaire English-Montréal
533,5321,,,887251,École secondaire Elizabeth,École secondaire Elizabeth,"1741, rue de Biencourt",,H4E1T4,66023,Montréal,887025,Options and Venture Complex,"1741, rue De Biencourt",,66023,Montréal,H4E1T4,0,0,1,0,0,https://outreach.emsb.qc.ca/,-73.586289,45.458668,Secondaire,887000,Anglo,3_OrgImm_Anglo_secondaire,Montréal,Montréal,Montréal,Saint-Henri–Sainte-Anne,Commission scolaire English-Montréal
534,5322,,,887251,École secondaire Elizabeth,École secondaire Elizabeth,"1741, rue de Biencourt",,H4E1T4,66023,Montréal,887853,Elizabeth High School,"2131, avenue Marlowe",,66023,Montréal,H4A3L4,0,0,1,0,0,https://outreach.emsb.qc.ca/,-73.606881,45.47521,Secondaire,887000,Anglo,3_OrgImm_Anglo_secondaire,Montréal,Montréal,Montréal,Notre-Dame-de-Grâce,Commission scolaire English-Montréal
535,5323,,,887253,École Centre Mackay,École Centre Mackay,"6333, rue de Terrebonne",,H4B1A8,66023,Montréal,887105,Royal Vale,"5851, avenue Somerled",,66023,Montréal,H3X2A5,0,0,1,0,0,https://www.emsb.qc.ca/mackay/,-73.633805,45.47539,Secondaire,887000,Anglo,3_OrgImm_Anglo_secondaire,Montréal,Montréal,Montréal,Notre-Dame-de-Grâce,Commission scolaire English-Montréal
536,5324,,,887253,École Centre Mackay,École Centre Mackay,"6333, rue de Terrebonne",,H4B1A8,66023,Montréal,887106,Westmount,"4350, rue Ste-Catherine Ouest",,66032,Westmount,H3Z1R1,0,0,1,0,0,https://www.emsb.qc.ca/mackay/,-73.589772,45.483355,Secondaire,887000,Anglo,3_OrgImm_Anglo_secondaire,Westmount,Montréal,Montréal,Westmount–Saint-Louis,Commission scolaire English-Montréal
537,5325,,,887254,Hôpital de Montréal pour enfants,Hôpital de Montréal pour enfants,"2300, rue Tupper",,H3H1P3,66023,Montréal,887860,Montreal Children's Hospital,"2300, rue Tupper",,66023,Montréal,H3H1P3,1,1,1,0,0,,-73.582311,45.488953,Préscolaire - Primaire - Secondaire,887000,Anglo,5_OrgImm_Anglo_presc_prim_sec,Montréal,Montréal,Montréal,Westmount–Saint-Louis,Commission scolaire English-Montréal
538,5326,,,887255,Centre Mountainview School Project,Centre Mountainview School Project,"7450, chemin de la Côte-Saint-Luc",,H4W1R1,66023,Montréal,887039,Mountainview,"7450, chemin de la Côte-St-Luc",,66058,Côte-Saint-Luc,H4W1R1,0,0,1,0,0,,-73.658887,45.460198,Secondaire,887000,Anglo,3_OrgImm_Anglo_secondaire,Côte-Saint-Luc,Montréal,Montréal,D'Arcy-McGee,Commission scolaire English-Montréal
539,5327,,,887255,Centre Mountainview School Project,Centre Mountainview School Project,"7450, chemin de la Côte-Saint-Luc",,H4W1R1,66023,Montréal,887863,Ulluriaq Boys Unit,"4434, boulevard Décarie",,66023,Montréal,H4A3P2,0,0,1,0,0,,-73.622393,45.479782,Secondaire,887000,Anglo,3_OrgImm_Anglo_secondaire,Montréal,Montréal,Montréal,Notre-Dame-de-Grâce,Commission scolaire English-Montréal
540,5328,,,887257,École Sir Mortimer B. Davis,École Sir Mortimer B. Davis,"3755, chemin de la Côte-Sainte-Catherine",,H3T1E2,66023,Montréal,887854,Sir Mortimer B. Davis,"3755, ch. Côte Ste-Catherine",,66023,Montréal,H3T1E2,1,1,1,0,0,,-73.628805,45.4978,Préscolaire - Primaire - Secondaire,887000,Anglo,5_OrgImm_Anglo_presc_prim_sec,Montréal,Montréal,Montréal,D'Arcy-McGee,Commission scolaire English-Montréal
541,5329,,,887259,École secondaire Focus,École secondaire Focus,5440 rue Notre Dame Ouest,,H4C1T9,66023,Montréal,887042,James Lyng Complex,"5440, rue Notre-Dame Ouest",,66023,Montréal,H4C1T9,0,0,1,0,0,https://outreach.emsb.qc.ca/,-73.596086,45.467965,Secondaire,887000,Anglo,3_OrgImm_Anglo_secondaire,Montréal,Montréal,Montréal,Saint-Henri–Sainte-Anne,Commission scolaire English-Montréal
542,5330,,,887260,Académie Québec Virtual,Académie Québec Virtual,6000 avenue Fielding,,H3X1T4,66023,Montréal,887007,Gérald McShane,"6111, boulevard M.-Duplessis",,66023,Montréal,H1G1Y6,1,1,0,0,0,https://www.emsb.qc.ca/emsb/qva,-73.620462,45.615097,Préscolaire - Primaire,887000,Anglo,4_OrgImm_Anglo_presc_prim,Montréal,Montréal,Montréal,Bourassa-Sauvé,Commission scolaire English-Montréal
543,5331,,,887260,Académie Québec Virtual,Académie Québec Virtual,6000 avenue Fielding,,H3X1T4,66023,Montréal,887028,Lester B. Pearson,"11575, rue P.-M. Favier",,66023,Montréal,H1G6E5,0,0,1,0,0,https://www.emsb.qc.ca/emsb/qva,-73.617532,45.610993,Secondaire,887000,Anglo,3_OrgImm_Anglo_secondaire,Montréal,Montréal,Montréal,Bourassa-Sauvé,Commission scolaire English-Montréal
544,5333,,,887331,CEA HSM,Centre d'éducation des adultes du HSM,"3711, rue de Bullion",,H2X3A2,66023,Montréal,887024,High School of Montreal Complex,"3711, rue De Bullion",,66023,Montréal,H2X3A2,0,0,0,0,1,,-73.573014,45.516304,Éducation aux adultes,887000,Anglo,9_OrgImm_Anglo_Adu,Montréal,Montréal,Montréal,Sainte-Marie–Saint-Jacques,Commission scolaire English-Montréal
545,5334,,,887332,CEA James Lyng,Centre d'éducation des adultes James Lyng,"5440, rue Notre Dame Ouest",,H4C1T9,66023,Montréal,887042,James Lyng Complex,"5440, rue Notre-Dame Ouest",,66023,Montréal,H4C1T9,0,0,0,0,1,,-73.596086,45.467965,Éducation aux adultes,887000,Anglo,9_OrgImm_Anglo_Adu,Montréal,Montréal,Montréal,Saint-Henri–Sainte-Anne,Commission scolaire English-Montréal
546,5337,,,887336,Centre d'éducation des adultes John F. K,Centre d'éducation des adultes John F. Kennedy,3030  rue Villeray,,H2A1E7,66023,Montréal,887027,John F. Kennedy Complex,"3030, rue Villeray",,66023,Montréal,H2A1E7,0,0,0,0,1,,-73.604055,45.55981,Éducation aux adultes,887000,Anglo,9_OrgImm_Anglo_Adu,Montréal,Montréal,Montréal,Viau,Commission scolaire English-Montréal
547,5338,,,887403,Centre de santé et d'études commerciales,Centre de santé et d'études commerciales Shadd,"1000, avenue Old Orchard",,H4A3A4,66023,Montréal,887040,Shadd Business Centre,"1000, avenue Old Orchard",,66023,Montréal,H4A3A4,0,0,0,1,0,,-73.606998,45.469153,Formation professionnelle,887000,Anglo,8_OrgImm_Anglo_Fp,Montréal,Montréal,Montréal,Notre-Dame-de-Grâce,Commission scolaire English-Montréal
548,5339,,,887405,Centre de technologie Rosemont,Centre de technologie Rosemont,"3737, rue Beaubien Est",,H1X1H2,66023,Montréal,887017,Rosemount Complex,"3737, rue Beaubien Est",,66023,Montréal,H1X1H2,0,0,0,1,0,https://www.rosemount-technology.qc.ca/,-73.584678,45.559648,Formation professionnelle,887000,Anglo,8_OrgImm_Anglo_Fp,Montréal,Montréal,Montréal,Rosemont,Commission scolaire English-Montréal
549,5340,,,887405,Centre de technologie Rosemont,Centre de technologie Rosemont,"3737, rue Beaubien Est",,H1X1H2,66023,Montréal,887027,John F. Kennedy Complex,"3030, rue Villeray",,66023,Montréal,H2A1E7,0,0,0,1,0,https://www.rosemount-technology.qc.ca/,-73.604055,45.55981,Formation professionnelle,887000,Anglo,8_OrgImm_Anglo_Fp,Montréal,Montréal,Montréal,Viau,Commission scolaire English-Montréal
550,5341,,,887405,Centre de technologie Rosemont,Centre de technologie Rosemont,"3737, rue Beaubien Est",,H1X1H2,66023,Montréal,887034,Galileo Complex,"10921, avenue Gariépy",,66023,Montréal,H1H4C6,0,0,0,1,0,https://www.rosemount-technology.qc.ca/,-73.638286,45.59077,Formation professionnelle,887000,Anglo,8_OrgImm_Anglo_Fp,Montréal,Montréal,Montréal,Bourassa-Sauvé,Commission scolaire English-Montréal
551,5344,,,887408,Centre de carrières Saint Pius X,Centre de carrières Saint Pius X,9955 rue Papineau,,H2B1Z9,66023,Montréal,887035,Saint-Pius X Complex,"9955, avenue Papineau",,66023,Montréal,H2B1Z9,0,0,0,1,0,,-73.649707,45.566812,Formation professionnelle,887000,Anglo,8_OrgImm_Anglo_Fp,Montréal,Montréal,Montréal,Maurice-Richard,Commission scolaire English-Montréal
552,5345,,,888002,École primaire Allion,École primaire Allion,"140, 9e Avenue",,H8P2N9,66023,Montréal,888054,Lasalle Community Comprehensive,"240, 9e Avenue",,66023,Montréal,H8P2N9,1,1,0,0,0,https://allion.lbpsb.qc.ca,-73.600549,45.428167,Préscolaire - Primaire,888000,Anglo,4_OrgImm_Anglo_presc_prim,Montréal,Montréal,Montréal,Marguerite-Bourgeoys,Commission scolaire Lester-B.-Pearson
553,5348,,,888009,École primaire Children's World Academy,École primaire Children's World Academy,"2241, rue Ménard",LaSalle,H8N1J4,66023,Montréal,888048,Children's World Academy,"2241, rue Ménard",,66023,Montréal,H8N1J2,1,1,0,0,0,https://cwa.lbpsb.qc.ca,-73.629759,45.438382,Préscolaire - Primaire,888000,Anglo,4_OrgImm_Anglo_presc_prim,Montréal,Montréal,Montréal,Marguerite-Bourgeoys,Commission scolaire Lester-B.-Pearson
554,5361,,,888037,École primaire Terry-Fox,École primaire Terry-Fox,"13350, rue Purcell",,H8Z1P7,66023,Montréal,888044,Terry-Fox,"13350, rue Purcell",,66023,Montréal,H8Z1P7,1,1,0,0,0,https://terryfox.lbpsb.qc.ca,-73.845516,45.502705,Préscolaire - Primaire,888000,Anglo,4_OrgImm_Anglo_presc_prim,Montréal,Montréal,Montréal,Nelligan,Commission scolaire Lester-B.-Pearson
555,5367,,,888047,École primaire Verdun,École primaire Verdun,"610, avenue Desmarchais",,H4H1S6,66023,Montréal,888065,Verdun,"610, avenue Desmarchais",,66023,Montréal,H4H1S6,1,1,0,0,0,,-73.572771,45.454276,Préscolaire - Primaire,888000,Anglo,4_OrgImm_Anglo_presc_prim,Montréal,Montréal,Montréal,Verdun,Commission scolaire Lester-B.-Pearson
556,5369,,,888049,École primaire Maple Grove,École primaire Maple Grove,"740, 52 ième Avenue",,H8T2X6,66023,Montréal,888061,Maple Grove,"740, 52e Avenue",,66023,Montréal,H8T2X6,1,1,0,0,0,,-73.715862,45.44461,Préscolaire - Primaire,888000,Anglo,4_OrgImm_Anglo_presc_prim,Montréal,Montréal,Montréal,Marquette,Commission scolaire Lester-B.-Pearson
557,5370,,,888049,École primaire Maple Grove,École primaire Maple Grove,"740, 52 ième Avenue",,H8T2X6,66023,Montréal,888066,Lakeside Academy,"5050, rue Sherbrooke",,66023,Montréal,H8T1H8,1,0,0,0,0,,-73.714188,45.446356,Préscolaire,888000,Anglo,1_OrgImm_Anglo_prescolaire,Montréal,Montréal,Montréal,Marquette,Commission scolaire Lester-B.-Pearson
558,5375,,,888058,École secondaire Lakeside Academy,École secondaire Lakeside Academy,"5050, rue Sherbrooke",,H8T1H8,66023,Montréal,888066,Lakeside Academy,"5050, rue Sherbrooke",,66023,Montréal,H8T1H8,0,0,1,0,0,https://lakesideacademy.lbpsb.qc.ca,-73.714188,45.446356,Secondaire,888000,Anglo,3_OrgImm_Anglo_secondaire,Montréal,Montréal,Montréal,Marquette,Commission scolaire Lester-B.-Pearson
559,5376,,,888059,Polyvalente LaSalle,Polyvalente LaSalle,"240, 9e Avenue",,H8P2N9,66023,Montréal,888054,Lasalle Community Comprehensive,"240, 9e Avenue",,66023,Montréal,H8P2N9,0,0,1,0,0,https://lcchs.lbpsb.qc.ca,-73.600549,45.428167,Secondaire,888000,Anglo,3_OrgImm_Anglo_secondaire,Montréal,Montréal,Montréal,Marguerite-Bourgeoys,Commission scolaire Lester-B.-Pearson
560,5378,,,888062,École secondaire Pierrefonds,École secondaire Pierrefonds,"13800, boulevard de Pierrefonds",,H9A1A7,66023,Montréal,888046,Pierrefonds Community High School,"13800, boulevard Pierrefonds",,66023,Montréal,H9A1A7,0,0,1,0,0,https://pchs.lbpsb.qc.ca,-73.846578,45.49249,Secondaire,888000,Anglo,3_OrgImm_Anglo_secondaire,Montréal,Montréal,Montréal,Robert-Baldwin,Commission scolaire Lester-B.-Pearson
561,5381,,,888069,École secondaire Beurling Academy,École secondaire Beurling Academy,"6100, boulevard Champlain",,H4H1A5,66023,Montréal,888057,Beurling Academy,"6100, boulevard Champlain",,66023,Montréal,H4H1A5,0,0,1,0,0,,-73.587617,45.448273,Secondaire,888000,Anglo,3_OrgImm_Anglo_secondaire,Montréal,Montréal,Montréal,Verdun,Commission scolaire Lester-B.-Pearson
562,5395,,,888090,École primaire Kingsdale Academy,École primaire Kingsdale Academy,"4381, rue King",,H9H2E8,66023,Montréal,888014,Kingsdale Academy,"4381, rue King",,66023,Montréal,H9H2E8,1,1,0,0,0,,-73.852684,45.480781,Préscolaire - Primaire,888000,Anglo,4_OrgImm_Anglo_presc_prim,Montréal,Montréal,Montréal,Robert-Baldwin,Commission scolaire Lester-B.-Pearson
563,5398,,,888093,École primaire Lasalle Junior,École primaire Lasalle Junior,"8340, rue David-Boyer",,H8N2A1,66023,Montréal,888064,Lasalle Junior,"8340, rue David-Boyer",,66023,Montréal,H8N2A1,1,1,0,0,0,,-73.625695,45.432352,Préscolaire - Primaire,888000,Anglo,4_OrgImm_Anglo_presc_prim,Montréal,Montréal,Montréal,Marguerite-Bourgeoys,Commission scolaire Lester-B.-Pearson
564,5399,,,888094,École primaire Lasalle Senior,École primaire Lasalle Senior,"1555, rue Rancourt",,H8N1R7,66023,Montréal,888034,Lasalle Senior,"1555, rue Rancourt",,66023,Montréal,H8N1R7,0,1,0,0,0,,-73.62722,45.429337,Primaire,888000,Anglo,2_OrgImm_Anglo_primaire,Montréal,Montréal,Montréal,Marguerite-Bourgeoys,Commission scolaire Lester-B.-Pearson
565,5402,,,888308,Centre d'éducation des adultes Verdun,Centre d'éducation des adultes Verdun,"6050, boulevard Champlain",,H4H1A5,66023,Montréal,888057,Beurling Academy,"6100, boulevard Champlain",,66023,Montréal,H4H1A5,0,0,0,0,1,,-73.587617,45.448273,Éducation aux adultes,888000,Anglo,9_OrgImm_Anglo_Adu,Montréal,Montréal,Montréal,Verdun,Commission scolaire Lester-B.-Pearson
566,5403,,,888310,Centre de formation des adultes West-Isl,Centre de formation des adultes West-Island,"13700, boulevard de Pierrefonds",,H9A1A7,66023,Montréal,888046,Pierrefonds Community High School,"13800, boulevard Pierrefonds",,66023,Montréal,H9A1A7,0,0,0,0,1,,-73.846578,45.49249,Éducation aux adultes,888000,Anglo,9_OrgImm_Anglo_Adu,Montréal,Montréal,Montréal,Robert-Baldwin,Commission scolaire Lester-B.-Pearson
567,5415,,,888401,Centre PACC-Formation professionnelle,Centre de formation des adultes et de formation professionnelle Pearson-Formation professionnelle,"8310, rue George",,H8P1E5,66023,Montréal,888019,International Language Centre - John Killingbeck,"150, avenue Seigniory",,66097,Pointe-Claire,H9R4R5,0,0,0,1,0,,-73.830332,45.451981,Formation professionnelle,888000,Anglo,8_OrgImm_Anglo_Fp,Pointe-Claire,Montréal,Montréal,Jacques-Cartier,Commission scolaire Lester-B.-Pearson
568,5416,,,888401,Centre PACC-Formation professionnelle,Centre de formation des adultes et de formation professionnelle Pearson-Formation professionnelle,"8310, rue George",,H8P1E5,66023,Montréal,888059,Pearson Adult & Career Centre,"8300, rue George",,66023,Montréal,H8P1E5,0,0,0,1,0,,-73.611335,45.4222,Formation professionnelle,888000,Anglo,8_OrgImm_Anglo_Fp,Montréal,Montréal,Montréal,Marguerite-Bourgeoys,Commission scolaire Lester-B.-Pearson
569,5417,,,888403,Centre de formation prof. West-Island,Centre de formation professionnelle West-Island,"13700, boulevard de Pierrefonds",,H9A1A7,66023,Montréal,888046,Pierrefonds Community High School,"13800, boulevard Pierrefonds",,66023,Montréal,H9A1A7,0,0,0,1,0,,-73.846578,45.49249,Formation professionnelle,888000,Anglo,8_OrgImm_Anglo_Fp,Montréal,Montréal,Montréal,Robert-Baldwin,Commission scolaire Lester-B.-Pearson
570,5419,,,888408,Centre de formation de métiers  Verdun,Centre de formation des métiers de Verdun,6050 boulevard Champlain,,H4H1A5,66023,Montréal,888057,Beurling Academy,"6100, boulevard Champlain",,66023,Montréal,H4H1A5,0,0,0,1,0,,-73.587617,45.448273,Formation professionnelle,888000,Anglo,8_OrgImm_Anglo_Fp,Montréal,Montréal,Montréal,Verdun,Commission scolaire Lester-B.-Pearson
